# OBJ generated by ONSHAPE BY PTC INC, 1.221 Units = meters
mtllib armoneside.mtl
g am-5878: Sheet Metal Foot Bar
v 0.61454 0.457416 0.0428512 
v 0.614544 0.457128 0.0428362 
v 0.616364 0.457128 0.0433751 
v 0.614527 0.457701 0.042896 
v 0.616359 0.457416 0.0433901 
v 0.614505 0.457979 0.0429701 
v 0.616346 0.457701 0.0434349 
v 0.614474 0.458247 0.0430726 
v 0.616324 0.457979 0.043509 
v 0.614436 0.458503 0.0432023 
v 0.616294 0.458247 0.0436115 
v 0.61439 0.458742 0.0433577 
v 0.616255 0.458503 0.0437412 
v 0.614337 0.458962 0.0435369 
v 0.616209 0.458742 0.0438965 
v 0.614277 0.45916 0.0437379 
v 0.616156 0.458962 0.0440758 
v 0.614212 0.459335 0.0439584 
v 0.616097 0.45916 0.0442768 
v 0.614142 0.459484 0.0441956 
v 0.616031 0.459335 0.0444972 
v 0.614067 0.459605 0.0444469 
v 0.615961 0.459484 0.0447345 
v 0.61399 0.459697 0.0447093 
v 0.615887 0.459605 0.0449858 
v 0.61391 0.459759 0.0449797 
v 0.615809 0.459697 0.0452482 
v 0.613828 0.459791 0.045255 
v 0.615729 0.459759 0.0455186 
v 0.613746 0.459791 0.0455318 
v 0.615647 0.459791 0.0457938 
v 0.613664 0.459759 0.0458071 
v 0.615565 0.459791 0.0460707 
v 0.613584 0.459697 0.0460775 
v 0.615484 0.459759 0.046346 
v 0.613507 0.459605 0.0463399 
v 0.615404 0.459697 0.0466164 
v 0.613432 0.459484 0.0465912 
v 0.615326 0.459605 0.0468788 
v 0.613362 0.459335 0.0468285 
v 0.615251 0.459484 0.0471301 
v 0.613297 0.45916 0.0470489 
v 0.615181 0.459335 0.0473673 
v 0.613237 0.458962 0.0472499 
v 0.615116 0.45916 0.0475878 
v 0.613184 0.458742 0.0474292 
v 0.615056 0.458962 0.0477888 
v 0.613138 0.458503 0.0475845 
v 0.615003 0.458742 0.047968 
v 0.6131 0.458247 0.0477142 
v 0.614957 0.458503 0.0481234 
v 0.613069 0.457979 0.0478167 
v 0.614919 0.458247 0.0482531 
v 0.613047 0.457701 0.0478908 
v 0.614888 0.457979 0.0483556 
v 0.613034 0.457416 0.0479356 
v 0.614867 0.457701 0.0484297 
v 0.61303 0.457128 0.0479506 
v 0.614853 0.457416 0.0484745 
v 0.613034 0.456839 0.0479356 
v 0.614849 0.457128 0.0484895 
v 0.613047 0.456554 0.0478908 
v 0.614853 0.456839 0.0484745 
v 0.613069 0.456276 0.0478167 
v 0.614867 0.456554 0.0484297 
v 0.6131 0.456008 0.0477142 
v 0.614888 0.456276 0.0483556 
v 0.613138 0.455753 0.0475845 
v 0.614919 0.456008 0.0482531 
v 0.613184 0.455514 0.0474292 
v 0.614957 0.455753 0.0481234 
v 0.613237 0.455293 0.0472499 
v 0.615003 0.455514 0.047968 
v 0.613297 0.455095 0.0470489 
v 0.615056 0.455293 0.0477888 
v 0.613362 0.45492 0.0468285 
v 0.615116 0.455095 0.0475878 
v 0.613432 0.454771 0.0465912 
v 0.615181 0.45492 0.0473673 
v 0.613507 0.45465 0.0463399 
v 0.615251 0.454771 0.0471301 
v 0.613584 0.454558 0.0460775 
v 0.615326 0.45465 0.0468788 
v 0.613664 0.454496 0.0458071 
v 0.615404 0.454558 0.0466164 
v 0.613746 0.454464 0.0455318 
v 0.615484 0.454496 0.046346 
v 0.613828 0.454464 0.045255 
v 0.615565 0.454464 0.0460707 
v 0.61391 0.454496 0.0449797 
v 0.615647 0.454464 0.0457938 
v 0.61399 0.454558 0.0447093 
v 0.615729 0.454496 0.0455186 
v 0.614067 0.45465 0.0444469 
v 0.615809 0.454558 0.0452482 
v 0.614142 0.454771 0.0441956 
v 0.615887 0.45465 0.0449858 
v 0.614212 0.45492 0.0439584 
v 0.615961 0.454771 0.0447345 
v 0.614277 0.455095 0.0437379 
v 0.616031 0.45492 0.0444972 
v 0.614337 0.455293 0.0435369 
v 0.616097 0.455095 0.0442768 
v 0.61439 0.455514 0.0433577 
v 0.616156 0.455293 0.0440758 
v 0.614436 0.455753 0.0432023 
v 0.616209 0.455514 0.0438965 
v 0.614474 0.456008 0.0430726 
v 0.616255 0.455753 0.0437412 
v 0.614505 0.456276 0.0429701 
v 0.616294 0.456008 0.0436115 
v 0.614527 0.456554 0.042896 
v 0.616324 0.456276 0.043509 
v 0.61454 0.456839 0.0428512 
v 0.616346 0.456554 0.0434349 
v 0.616359 0.456839 0.0433901 
v 0.622116 -0.464487 0.0239551 
v 0.622842 0.465504 0.0215056 
v 0.622789 0.465284 0.0216849 
v 0.622957 0.466267 0.0211181 
v 0.622926 0.465999 0.0212205 
v 0.622992 0.46683 0.0209992 
v 0.622979 0.466545 0.021044 
v 0.621551 -0.465999 0.0258622 
v 0.616324 -0.457979 0.043509 
v 0.616294 -0.458247 0.0436115 
v 0.622888 0.465743 0.0213502 
v 0.621521 -0.466267 0.0259647 
v 0.622594 0.464762 0.0223436 
v 0.622519 0.464641 0.0225949 
v 0.622729 0.465086 0.0218859 
v 0.622664 0.464911 0.0221063 
v 0.616255 -0.458503 0.0437412 
v 0.616209 -0.458742 0.0438965 
v 0.62159 -0.465743 0.0257325 
v 0.622996 0.467118 0.0209842 
v 0.615729 -0.454496 0.0455186 
v 0.615809 -0.454558 0.0452482 
v 0.616359 -0.457416 0.0433901 
v 0.616346 -0.457701 0.0434349 
v 0.621689 -0.465284 0.0253979 
v 0.616255 -0.455753 0.0437412 
v 0.616294 -0.456008 0.0436115 
v 0.616031 -0.45492 0.0444972 
v 0.616097 -0.455095 0.0442768 
v 0.621486 0.46683 0.0260836 
v 0.613052 0.468334 0.0545539 
v 0.615887 -0.45465 0.0449858 
v 0.615961 -0.454771 0.0447345 
v 0.615647 -0.454464 0.0457938 
v 0.621636 -0.465504 0.0255771 
v 0.616324 -0.456276 0.043509 
v 0.616346 -0.456554 0.0434349 
v 0.616209 -0.455514 0.0438965 
v 0.613052 -0.468334 0.0545539 
v 0.615003 -0.458742 0.047968 
v 0.614957 -0.458503 0.0481234 
v 0.615484 -0.459759 0.046346 
v 0.615404 -0.459697 0.0466164 
v 0.621481 -0.467118 0.0260985 
v 0.615809 -0.459697 0.0452482 
v 0.615729 -0.459759 0.0455186 
v 0.616156 -0.458962 0.0440758 
v 0.616097 -0.45916 0.0442768 
v 0.616359 -0.456839 0.0433901 
v 0.616364 -0.457128 0.0433751 
v 0.616156 -0.455293 0.0440758 
v 0.621486 0.467407 0.0260836 
v 0.613503 0.471084 0.0530317 
v 0.613424 0.470903 0.053299 
v 0.621521 0.466267 0.0259647 
v 0.621499 0.466545 0.0260388 
v 0.614888 -0.457979 0.0483556 
v 0.614867 -0.457701 0.0484297 
v 0.614919 -0.458247 0.0482531 
v 0.615181 -0.459335 0.0473673 
v 0.615116 -0.45916 0.0475878 
v 0.615565 -0.459791 0.0460707 
v 0.621884 -0.464762 0.0247392 
v 0.615887 -0.459605 0.0449858 
v 0.616031 -0.459335 0.0444972 
v 0.621486 -0.46683 0.0260836 
v 0.615326 -0.45465 0.0468788 
v 0.615404 -0.454558 0.0466164 
v 0.614919 -0.456008 0.0482531 
v 0.614957 -0.455753 0.0481234 
v 0.614867 -0.456554 0.0484297 
v 0.613351 0.470694 0.0535466 
v 0.621499 0.467692 0.0260388 
v 0.613587 0.471235 0.0527478 
v 0.621551 0.465999 0.0258622 
v 0.621748 0.465086 0.0251969 
v 0.621689 0.465284 0.0253979 
v 0.614853 -0.457416 0.0484745 
v 0.615056 -0.458962 0.0477888 
v 0.615251 -0.459484 0.0471301 
v 0.615326 -0.459605 0.0468788 
v 0.621958 -0.464641 0.0244879 
v 0.622036 -0.464549 0.0242255 
v 0.621814 -0.464911 0.0249764 
v 0.615961 -0.459484 0.0447345 
v 0.621499 -0.466545 0.0260388 
v 0.615484 -0.454496 0.046346 
v 0.615056 -0.455293 0.0477888 
v 0.615116 -0.455095 0.0475878 
v 0.614888 -0.456276 0.0483556 
v 0.614853 -0.456839 0.0484745 
v 0.62159 0.465743 0.0257325 
v 0.621636 0.465504 0.0255771 
v 0.621748 -0.465086 0.0251969 
v 0.615251 -0.454771 0.0471301 
v 0.615181 -0.45492 0.0473673 
v 0.615003 -0.455514 0.047968 
v 0.614849 -0.457128 0.0484895 
v 0.622441 0.464549 0.0228573 
v 0.622361 0.464487 0.0231277 
v 0.613225 -0.4702 0.0539725 
v 0.613284 -0.470459 0.0537719 
v 0.613284 0.470459 0.0537719 
v 0.621481 0.467118 0.0260985 
v 0.613097 0.469315 0.0544049 
v 0.613072 0.468994 0.0544873 
v 0.613173 0.469922 0.054146 
v 0.61313 0.469626 0.0542907 
v 0.613173 -0.469922 0.054146 
v 0.613097 -0.469315 0.0544049 
v 0.61313 -0.469626 0.0542907 
v 0.628114 0.494006 0.00370821 
v 0.622361 0.46975 0.0231277 
v 0.622441 0.469688 0.0228573 
v 0.621958 0.469596 0.0244879 
v 0.622036 0.469688 0.0242255 
v 0.621636 0.468732 0.0255771 
v 0.621689 0.468952 0.0253979 
v 0.621521 0.46797 0.0259647 
v 0.613057 0.468666 0.0545372 
v 0.613225 0.4702 0.0539725 
v 0.615647 -0.459791 0.0457938 
v 0.615565 -0.454464 0.0460707 
v 0.613057 -0.468666 0.0545372 
v 0.613072 -0.468994 0.0544873 
v 0.621486 -0.467407 0.0260836 
v 0.613351 -0.470694 0.0535466 
v 0.613424 -0.470903 0.053299 
v 0.628114 -0.494006 0.00370821 
v 0.622519 -0.469596 0.0225949 
v 0.622441 -0.469688 0.0228573 
v 0.622789 -0.468952 0.0216849 
v 0.622729 -0.469151 0.0218859 
v 0.622979 -0.467692 0.021044 
v 0.622957 -0.46797 0.0211181 
v 0.622888 -0.465743 0.0213502 
v 0.622926 -0.465999 0.0212205 
v 0.622664 -0.464911 0.0221063 
v 0.622729 -0.465086 0.0218859 
v 0.62228 0.469781 0.0234029 
v 0.622116 0.46975 0.0239551 
v 0.621884 0.469475 0.0247392 
v 0.62159 0.468493 0.0257325 
v 0.621551 0.468238 0.0258622 
v 0.621884 0.464762 0.0247392 
v 0.621814 0.464911 0.0249764 
v 0.613503 -0.471084 0.0530317 
v 0.613587 -0.471235 0.0527478 
v 0.622594 -0.469475 0.0223436 
v 0.622664 -0.469326 0.0221063 
v 0.622888 -0.468493 0.0213502 
v 0.622842 -0.468732 0.0215056 
v 0.622926 -0.468238 0.0212205 
v 0.622979 -0.466545 0.021044 
v 0.622992 -0.46683 0.0209992 
v 0.622957 -0.466267 0.0211181 
v 0.622594 -0.464762 0.0223436 
v 0.622198 -0.464455 0.0236798 
v 0.622957 0.46797 0.0211181 
v 0.622979 0.467692 0.021044 
v 0.622888 0.468493 0.0213502 
v 0.622926 0.468238 0.0212205 
v 0.622729 0.469151 0.0218859 
v 0.622789 0.468952 0.0216849 
v 0.622594 0.469475 0.0223436 
v 0.622664 0.469326 0.0221063 
v 0.622519 0.469596 0.0225949 
v 0.621748 0.469151 0.0251969 
v 0.621814 0.469326 0.0249764 
v 0.621958 0.464641 0.0244879 
v 0.622116 0.464487 0.0239551 
v 0.622036 0.464549 0.0242255 
v 0.622996 -0.467118 0.0209842 
v 0.622992 -0.467407 0.0209992 
v 0.622842 -0.465504 0.0215056 
v 0.622519 -0.464641 0.0225949 
v 0.622361 -0.464487 0.0231277 
v 0.622441 -0.464549 0.0228573 
v 0.62228 -0.464455 0.0234029 
v 0.622992 0.467407 0.0209992 
v 0.622842 0.468732 0.0215056 
v 0.62228 0.464455 0.0234029 
v 0.621499 -0.467692 0.0260388 
v 0.62159 -0.468493 0.0257325 
v 0.621551 -0.468238 0.0258622 
v 0.621689 -0.468952 0.0253979 
v 0.621636 -0.468732 0.0255771 
v 0.621814 -0.469326 0.0249764 
v 0.621748 -0.469151 0.0251969 
v 0.621958 -0.469596 0.0244879 
v 0.622116 -0.46975 0.0239551 
v 0.622036 -0.469688 0.0242255 
v 0.622789 -0.465284 0.0216849 
v 0.622198 0.469781 0.0236798 
v 0.622198 0.464455 0.0236798 
v 0.621521 -0.46797 0.0259647 
v 0.621884 -0.469475 0.0247392 
v 0.622361 -0.46975 0.0231277 
v 0.62228 -0.469781 0.0234029 
v 0.622198 -0.469781 0.0236798 
v 0.611233 0.468334 0.054015 
v 0.611233 -0.468334 0.054015 
v 0.611768 -0.471235 0.0522089 
v 0.611684 -0.471084 0.0524929 
v 0.611605 -0.470903 0.0527601 
v 0.611532 -0.470694 0.0530077 
v 0.611465 -0.470459 0.0532331 
v 0.611405 -0.4702 0.0534336 
v 0.611354 -0.469922 0.0536071 
v 0.611311 -0.469626 0.0537518 
v 0.611277 -0.469315 0.053866 
v 0.611253 -0.468994 0.0539485 
v 0.611238 -0.468666 0.0539983 
v 0.611238 0.468666 0.0539983 
v 0.611253 0.468994 0.0539485 
v 0.611277 0.469315 0.053866 
v 0.611311 0.469626 0.0537518 
v 0.611354 0.469922 0.0536071 
v 0.611405 0.4702 0.0534336 
v 0.611465 0.470459 0.0532331 
v 0.611532 0.470694 0.0530077 
v 0.611605 0.470903 0.0527601 
v 0.611684 0.471084 0.0524929 
v 0.611768 0.471235 0.0522089 
v 0.621173 0.467407 0.0204603 
v 0.621177 0.467118 0.0204453 
v 0.621159 0.467692 0.0205051 
v 0.621137 0.46797 0.0205792 
v 0.621107 0.468238 0.0206817 
v 0.621069 0.468493 0.0208114 
v 0.621023 0.468732 0.0209667 
v 0.620969 0.468952 0.021146 
v 0.62091 0.469151 0.021347 
v 0.620845 0.469326 0.0215674 
v 0.620774 0.469475 0.0218047 
v 0.6207 0.469596 0.022056 
v 0.620622 0.469688 0.0223184 
v 0.620542 0.46975 0.0225888 
v 0.620461 0.469781 0.022864 
v 0.620379 0.469781 0.0231409 
v 0.620297 0.46975 0.0234162 
v 0.620217 0.469688 0.0236866 
v 0.620139 0.469596 0.023949 
v 0.620065 0.469475 0.0242003 
v 0.619994 0.469326 0.0244375 
v 0.619929 0.469151 0.024658 
v 0.61987 0.468952 0.024859 
v 0.619816 0.468732 0.0250382 
v 0.61977 0.468493 0.0251936 
v 0.619732 0.468238 0.0253233 
v 0.619702 0.46797 0.0254258 
v 0.61968 0.467692 0.0254999 
v 0.619666 0.467407 0.0255447 
v 0.619662 0.467118 0.0255597 
v 0.619666 0.46683 0.0255447 
v 0.61968 0.466545 0.0254999 
v 0.619702 0.466267 0.0254258 
v 0.619732 0.465999 0.0253233 
v 0.61977 0.465743 0.0251936 
v 0.619816 0.465504 0.0250382 
v 0.61987 0.465284 0.024859 
v 0.619929 0.465086 0.024658 
v 0.619994 0.464911 0.0244375 
v 0.620065 0.464762 0.0242003 
v 0.620139 0.464641 0.023949 
v 0.620217 0.464549 0.0236866 
v 0.620297 0.464487 0.0234162 
v 0.620379 0.464455 0.0231409 
v 0.620461 0.464455 0.022864 
v 0.620542 0.464487 0.0225888 
v 0.620622 0.464549 0.0223184 
v 0.6207 0.464641 0.022056 
v 0.620774 0.464762 0.0218047 
v 0.620845 0.464911 0.0215674 
v 0.62091 0.465086 0.021347 
v 0.620969 0.465284 0.021146 
v 0.621023 0.465504 0.0209667 
v 0.621069 0.465743 0.0208114 
v 0.621107 0.465999 0.0206817 
v 0.621137 0.466267 0.0205792 
v 0.621159 0.466545 0.0205051 
v 0.621173 0.46683 0.0204603 
v 0.621173 -0.46683 0.0204603 
v 0.621177 -0.467118 0.0204453 
v 0.621159 -0.466545 0.0205051 
v 0.621137 -0.466267 0.0205792 
v 0.621107 -0.465999 0.0206817 
v 0.621069 -0.465743 0.0208114 
v 0.621023 -0.465504 0.0209667 
v 0.620969 -0.465284 0.021146 
v 0.62091 -0.465086 0.021347 
v 0.620845 -0.464911 0.0215674 
v 0.620774 -0.464762 0.0218047 
v 0.6207 -0.464641 0.022056 
v 0.620622 -0.464549 0.0223184 
v 0.620542 -0.464487 0.0225888 
v 0.620461 -0.464455 0.022864 
v 0.620379 -0.464455 0.0231409 
v 0.620297 -0.464487 0.0234162 
v 0.620217 -0.464549 0.0236866 
v 0.620139 -0.464641 0.023949 
v 0.620065 -0.464762 0.0242003 
v 0.619994 -0.464911 0.0244375 
v 0.619929 -0.465086 0.024658 
v 0.61987 -0.465284 0.024859 
v 0.619816 -0.465504 0.0250382 
v 0.61977 -0.465743 0.0251936 
v 0.619732 -0.465999 0.0253233 
v 0.619702 -0.466267 0.0254258 
v 0.61968 -0.466545 0.0254999 
v 0.619666 -0.46683 0.0255447 
v 0.619662 -0.467118 0.0255597 
v 0.619666 -0.467407 0.0255447 
v 0.61968 -0.467692 0.0254999 
v 0.619702 -0.46797 0.0254258 
v 0.619732 -0.468238 0.0253233 
v 0.61977 -0.468493 0.0251936 
v 0.619816 -0.468732 0.0250382 
v 0.61987 -0.468952 0.024859 
v 0.619929 -0.469151 0.024658 
v 0.619994 -0.469326 0.0244375 
v 0.620065 -0.469475 0.0242003 
v 0.620139 -0.469596 0.023949 
v 0.620217 -0.469688 0.0236866 
v 0.620297 -0.46975 0.0234162 
v 0.620379 -0.469781 0.0231409 
v 0.620461 -0.469781 0.022864 
v 0.620542 -0.46975 0.0225888 
v 0.620622 -0.469688 0.0223184 
v 0.6207 -0.469596 0.022056 
v 0.620774 -0.469475 0.0218047 
v 0.620845 -0.469326 0.0215674 
v 0.62091 -0.469151 0.021347 
v 0.620969 -0.468952 0.021146 
v 0.621023 -0.468732 0.0209667 
v 0.621069 -0.468493 0.0208114 
v 0.621107 -0.468238 0.0206817 
v 0.621137 -0.46797 0.0205792 
v 0.621159 -0.467692 0.0205051 
v 0.621173 -0.467407 0.0204603 
v 0.61454 -0.456839 0.0428512 
v 0.614544 -0.457128 0.0428362 
v 0.614527 -0.456554 0.042896 
v 0.614505 -0.456276 0.0429701 
v 0.614474 -0.456008 0.0430726 
v 0.614436 -0.455753 0.0432023 
v 0.61439 -0.455514 0.0433577 
v 0.614337 -0.455293 0.0435369 
v 0.614277 -0.455095 0.0437379 
v 0.614212 -0.45492 0.0439584 
v 0.614142 -0.454771 0.0441956 
v 0.614067 -0.45465 0.0444469 
v 0.61399 -0.454558 0.0447093 
v 0.61391 -0.454496 0.0449797 
v 0.613828 -0.454464 0.045255 
v 0.613746 -0.454464 0.0455318 
v 0.613664 -0.454496 0.0458071 
v 0.613584 -0.454558 0.0460775 
v 0.613507 -0.45465 0.0463399 
v 0.613432 -0.454771 0.0465912 
v 0.613362 -0.45492 0.0468285 
v 0.613297 -0.455095 0.0470489 
v 0.613237 -0.455293 0.0472499 
v 0.613184 -0.455514 0.0474292 
v 0.613138 -0.455753 0.0475845 
v 0.6131 -0.456008 0.0477142 
v 0.613069 -0.456276 0.0478167 
v 0.613047 -0.456554 0.0478908 
v 0.613034 -0.456839 0.0479356 
v 0.61303 -0.457128 0.0479506 
v 0.613034 -0.457416 0.0479356 
v 0.613047 -0.457701 0.0478908 
v 0.613069 -0.457979 0.0478167 
v 0.6131 -0.458247 0.0477142 
v 0.613138 -0.458503 0.0475845 
v 0.613184 -0.458742 0.0474292 
v 0.613237 -0.458962 0.0472499 
v 0.613297 -0.45916 0.0470489 
v 0.613362 -0.459335 0.0468285 
v 0.613432 -0.459484 0.0465912 
v 0.613507 -0.459605 0.0463399 
v 0.613584 -0.459697 0.0460775 
v 0.613664 -0.459759 0.0458071 
v 0.613746 -0.459791 0.0455318 
v 0.613828 -0.459791 0.045255 
v 0.61391 -0.459759 0.0449797 
v 0.61399 -0.459697 0.0447093 
v 0.614067 -0.459605 0.0444469 
v 0.614142 -0.459484 0.0441956 
v 0.614212 -0.459335 0.0439584 
v 0.614277 -0.45916 0.0437379 
v 0.614337 -0.458962 0.0435369 
v 0.61439 -0.458742 0.0433577 
v 0.614436 -0.458503 0.0432023 
v 0.614474 -0.458247 0.0430726 
v 0.614505 -0.457979 0.0429701 
v 0.614527 -0.457701 0.042896 
v 0.61454 -0.457416 0.0428512 
v 0.626294 -0.494006 0.00316933 
v 0.626294 0.494006 0.00316933 
v 0.627204 0.494006 0.00343883 
v 0.626744 0.494006 0.00330245 
v 0.625345 0.494597 0.00094848 
v 0.625345 0.494597 0.00142864 
v 0.625345 0.494597 0.00189738 
v 0.62543 0.494569 0.00190108 
v 0.625447 0.494564 0.00190287 
v 0.625389 0.494583 0.00189931 
v 0.625472 0.494556 0.00190562 
v 0.625572 0.494523 0.00192395 
v 0.625545 0.494532 0.00191888 
v 0.625548 0.494531 0.0019194 
v 0.625646 0.494499 0.00194549 
v 0.625671 0.49449 0.00195267 
v 0.625621 0.494507 0.00193799 
v 0.625694 0.494482 0.00196219 
v 0.625742 0.494466 0.00198168 
v 0.625805 0.494443 0.00201094 
v 0.625833 0.494433 0.0020275 
v 0.625767 0.494457 0.00199211 
v 0.625834 0.494433 0.00202809 
v 0.625893 0.494411 0.00206294 
v 0.625919 0.4944 0.00208244 
v 0.625901 0.494407 0.00206899 
v 0.625975 0.494378 0.00212405 
v 0.625999 0.494367 0.00214598 
v 0.626052 0.494344 0.00219449 
v 0.626073 0.494334 0.00221674 
v 0.626023 0.494357 0.0021677 
v 0.626081 0.494331 0.00222527 
v 0.626145 0.494298 0.00230449 
v 0.626127 0.494307 0.0022817 
v 0.626138 0.494302 0.00229561 
v 0.626195 0.494269 0.00238055 
v 0.626201 0.494265 0.00239038 
v 0.626171 0.494283 0.00234444 
v 0.626212 0.494257 0.00241145 
v 0.626242 0.494236 0.00247092 
v 0.626249 0.494232 0.00248307 
v 0.626265 0.494218 0.00252209 
v 0.62628 0.494203 0.00256589 
v 0.626298 0.494185 0.00261868 
v 0.626276 0.494207 0.00255433 
v 0.626308 0.49417 0.00266403 
v 0.6263 0.494182 0.00262788 
v 0.626321 0.494152 0.00271868 
v 0.626326 0.494138 0.00276456 
v 0.626333 0.494119 0.0028221 
v 0.626328 0.494132 0.00278028 
v 0.626335 0.494105 0.00286441 
v 0.626335 0.494105 0.00286637 
v 0.626335 0.494107 0.0028585 
v 0.626332 0.494073 0.00296636 
v 0.626332 0.494072 0.00296856 
v 0.626319 0.49404 0.00306804 
v 0.626318 0.494039 0.0030699 
v 0.626326 0.494057 0.00301478 
v 0.626313 0.494032 0.00309092 
v 0.628169 0.494032 0.00347975 
v 0.628183 0.494039 0.00341835 
v 0.628205 0.494057 0.00325769 
v 0.628182 0.494038 0.00342567 
v 0.628222 0.494072 0.00312291 
v 0.628221 0.49407 0.00314204 
v 0.628232 0.494101 0.00285741 
v 0.628226 0.494082 0.00303105 
v 0.628231 0.494105 0.00282499 
v 0.628229 0.494113 0.00274723 
v 0.628212 0.494132 0.00257388 
v 0.628207 0.494138 0.00252795 
v 0.6282 0.494145 0.00245783 
v 0.628178 0.494158 0.00234914 
v 0.628155 0.49417 0.00223469 
v 0.628073 0.494203 0.0019483 
v 0.628144 0.494177 0.00217711 
v 0.628018 0.494221 0.00179488 
v 0.62806 0.494208 0.00190482 
v 0.628063 0.494207 0.00191432 
v 0.62796 0.494236 0.00167282 
v 0.627975 0.494232 0.00170403 
v 0.627821 0.494269 0.00140959 
v 0.627894 0.494253 0.00153158 
v 0.627747 0.494285 0.00128573 
v 0.627656 0.494302 0.00116211 
v 0.627757 0.494283 0.00130168 
v 0.627578 0.494316 0.00105683 
v 0.627625 0.494307 0.00112013 
v 0.627467 0.494334 0.000932151 
v 0.627323 0.494357 0.000786456 
v 0.627501 0.494329 0.000967262 
v 0.627254 0.494367 0.000723963 
v 0.62715 0.494382 0.000637945 
v 0.627297 0.494361 0.000760095 
v 0.627077 0.494393 0.00057717 
v 0.62702 0.4944 0.000538954 
v 0.626841 0.494424 0.000417769 
v 0.626966 0.494407 0.00050211 
v 0.62677 0.494433 0.000376924 
v 0.626739 0.494437 0.0003588 
v 0.626773 0.494433 0.000378624 
v 0.626503 0.494466 0.000244069 
v 0.626477 0.494469 0.000231408 
v 0.62657 0.494458 0.00027667 
v 0.626225 0.494499 0.000138232 
v 0.626209 0.4945 0.000132283 
v 0.626364 0.494482 0.000189501 
v 0.625937 0.494531 6.15599e-05 
v 0.62615 0.494507 0.000116962 
v 0.625817 0.494545 3.89245e-05 
v 0.625702 0.494557 2.56416e-05 
v 0.625933 0.494532 6.057e-05 
v 0.625642 0.494564 1.87051e-05 
v 0.625533 0.494576 6.16907e-06 
v 0.625474 0.494583 4.24493e-06 
v 0.625345 0.494597 -3.12402e-15 
v 0.627243 0.494032 0.00328575 
v 0.626773 0.494032 0.00318727 
v 0.627268 0.494057 0.00313656 
v 0.626792 0.494057 0.00307502 
v 0.627281 0.494082 0.00298414 
v 0.626802 0.494082 0.00296033 
v 0.627283 0.494107 0.00283026 
v 0.626803 0.494107 0.00284455 
v 0.627272 0.494132 0.00267681 
v 0.626795 0.494132 0.00272909 
v 0.62725 0.494158 0.00252566 
v 0.626778 0.494158 0.00261536 
v 0.627216 0.494182 0.00237855 
v 0.626753 0.494182 0.00250467 
v 0.62717 0.494207 0.00223407 
v 0.626718 0.494207 0.00239596 
v 0.627113 0.494232 0.00209202 
v 0.626675 0.494232 0.00228907 
v 0.627044 0.494257 0.0019542 
v 0.626623 0.494257 0.00218538 
v 0.626965 0.494283 0.00182239 
v 0.626564 0.494283 0.0020862 
v 0.626877 0.494307 0.00169961 
v 0.626498 0.494307 0.00199381 
v 0.62678 0.494332 0.00158417 
v 0.626425 0.494332 0.00190696 
v 0.626674 0.494357 0.00147603 
v 0.626345 0.494357 0.00182558 
v 0.626558 0.494382 0.00137546 
v 0.626258 0.494382 0.00174991 
v 0.626434 0.494407 0.00128386 
v 0.626165 0.494407 0.00168099 
v 0.626304 0.494433 0.00120248 
v 0.626066 0.494433 0.00161976 
v 0.626169 0.494457 0.00113227 
v 0.625965 0.494457 0.00156693 
v 0.62603 0.494482 0.00107366 
v 0.62586 0.494482 0.00152283 
v 0.625886 0.494507 0.00102569 
v 0.625752 0.494507 0.00148674 
v 0.625737 0.494532 0.00098877 
v 0.62564 0.494532 0.00145896 
v 0.625585 0.494557 0.000963562 
v 0.625525 0.494557 0.00143999 
v 0.625432 0.494583 0.000950469 
v 0.62541 0.494583 0.00143014 
v 0.626744 -0.494006 0.00330245 
v 0.627204 -0.494006 0.00343883 
v 0.625345 -0.494597 0.00142864 
v 0.626315 -0.494034 0.00308625 
v 0.626318 -0.494039 0.00306988 
v 0.626305 -0.494021 0.00312611 
v 0.626323 -0.494047 0.0030447 
v 0.626334 -0.49408 0.00294329 
v 0.626331 -0.494071 0.00297132 
v 0.626331 -0.494072 0.00296847 
v 0.626334 -0.494105 0.00286637 
v 0.626334 -0.494113 0.00284074 
v 0.626334 -0.494096 0.00289316 
v 0.626332 -0.494121 0.00281571 
v 0.626326 -0.494138 0.0027645 
v 0.626316 -0.49416 0.00269551 
v 0.626308 -0.49417 0.00266402 
v 0.626324 -0.494146 0.0027371 
v 0.626308 -0.494171 0.00266289 
v 0.626291 -0.494193 0.00259661 
v 0.62628 -0.494203 0.00256587 
v 0.626288 -0.494196 0.00258707 
v 0.626256 -0.494226 0.00250029 
v 0.626242 -0.494236 0.00247116 
v 0.62621 -0.494259 0.00240671 
v 0.626195 -0.494269 0.00238035 
v 0.626228 -0.494246 0.0024423 
v 0.626189 -0.494273 0.00237024 
v 0.626131 -0.494305 0.00228615 
v 0.626148 -0.494296 0.00231034 
v 0.626138 -0.494302 0.00229558 
v 0.626073 -0.494334 0.00221697 
v 0.626065 -0.494338 0.00220802 
v 0.6261 -0.494321 0.00224981 
v 0.626048 -0.494346 0.00219169 
v 0.625999 -0.494367 0.00214556 
v 0.62599 -0.494372 0.00213614 
v 0.625957 -0.494385 0.00210926 
v 0.625919 -0.4944 0.00208258 
v 0.625874 -0.494418 0.00205043 
v 0.625929 -0.494396 0.00208962 
v 0.625833 -0.494433 0.00202766 
v 0.625865 -0.494421 0.00204581 
v 0.625784 -0.494451 0.00200023 
v 0.625742 -0.494466 0.00198194 
v 0.625688 -0.494484 0.00195899 
v 0.625727 -0.494471 0.00197567 
v 0.625648 -0.494498 0.00194514 
v 0.625647 -0.494499 0.00194463 
v 0.625654 -0.494496 0.00194707 
v 0.62555 -0.494531 0.00191889 
v 0.625548 -0.494531 0.00191854 
v 0.625449 -0.494564 0.00190286 
v 0.625447 -0.494564 0.00190276 
v 0.625502 -0.494546 0.00191125 
v 0.625425 -0.494571 0.00190162 
v 0.625345 -0.494597 0.00189738 
v 0.625579 -0.494571 1.1831e-05 
v 0.625345 -0.494597 0.00094848 
v 0.625642 -0.494564 1.57376e-05 
v 0.625803 -0.494546 4.00247e-05 
v 0.625635 -0.494565 1.4632e-05 
v 0.625937 -0.494531 6.22292e-05 
v 0.625918 -0.494533 5.75058e-05 
v 0.626194 -0.494502 0.000127765 
v 0.626026 -0.494521 8.49043e-05 
v 0.626225 -0.494499 0.000137895 
v 0.626299 -0.49449 0.000162194 
v 0.62646 -0.494471 0.000227957 
v 0.626503 -0.494466 0.000245381 
v 0.626568 -0.494458 0.000271983 
v 0.626666 -0.494446 0.00032388 
v 0.626769 -0.494433 0.000378529 
v 0.627021 -0.4944 0.000538402 
v 0.626821 -0.494426 0.000406026 
v 0.627152 -0.494382 0.000635397 
v 0.627058 -0.494395 0.000563556 
v 0.62705 -0.494396 0.000558061 
v 0.627253 -0.494367 0.000724954 
v 0.627227 -0.494371 0.000702057 
v 0.627466 -0.494334 0.00093311 
v 0.627369 -0.49435 0.000828584 
v 0.627563 -0.494319 0.00103924 
v 0.627656 -0.494302 0.00116213 
v 0.627551 -0.494321 0.00102557 
v 0.627735 -0.494287 0.00126679 
v 0.627687 -0.494296 0.00120387 
v 0.627823 -0.494269 0.00140877 
v 0.627921 -0.494246 0.00158778 
v 0.627799 -0.494274 0.00136563 
v 0.627962 -0.494236 0.00167216 
v 0.628015 -0.494221 0.00179594 
v 0.627939 -0.494242 0.00162017 
v 0.628052 -0.494211 0.0018834 
v 0.628073 -0.494203 0.00194852 
v 0.628138 -0.494179 0.00215501 
v 0.628093 -0.494196 0.0020113 
v 0.628157 -0.49417 0.00223435 
v 0.628166 -0.494166 0.00226956 
v 0.628156 -0.494171 0.00223105 
v 0.628209 -0.494138 0.0025279 
v 0.628213 -0.494134 0.00255641 
v 0.628196 -0.494146 0.0024545 
v 0.628231 -0.494105 0.00282503 
v 0.628232 -0.494103 0.00284218 
v 0.628221 -0.494121 0.00267723 
v 0.628223 -0.494072 0.00312294 
v 0.62823 -0.494096 0.002903 
v 0.62821 -0.494059 0.00324406 
v 0.628191 -0.494046 0.00335821 
v 0.628223 -0.494072 0.00312687 
v 0.62818 -0.494039 0.00341783 
v 0.628161 -0.494027 0.00352556 
v 0.628146 -0.494021 0.00358253 
v 0.625345 -0.494597 -3.06916e-15 
v 0.625502 -0.494571 0.00095498 
v 0.625463 -0.494571 0.00143353 
v 0.625652 -0.494546 0.000973263 
v 0.625576 -0.494546 0.00144729 
v 0.625802 -0.494521 0.00100354 
v 0.625689 -0.494521 0.00147007 
v 0.62595 -0.494496 0.00104573 
v 0.6258 -0.494496 0.00150181 
v 0.626095 -0.494471 0.00109943 
v 0.625909 -0.494471 0.00154222 
v 0.626233 -0.494446 0.00116399 
v 0.626013 -0.494446 0.0015908 
v 0.626364 -0.494421 0.00123842 
v 0.626112 -0.494421 0.0016468 
v 0.62649 -0.494396 0.00132316 
v 0.626206 -0.494396 0.00171056 
v 0.62661 -0.494371 0.00141848 
v 0.626297 -0.494371 0.00178228 
v 0.626723 -0.494346 0.00152345 
v 0.626381 -0.494346 0.00186127 
v 0.626827 -0.494321 0.00163686 
v 0.62646 -0.494321 0.0019466 
v 0.626919 -0.494296 0.00175583 
v 0.626529 -0.494296 0.00203612 
v 0.627002 -0.494271 0.00188166 
v 0.626592 -0.494271 0.0021308 
v 0.627076 -0.494246 0.00201436 
v 0.626647 -0.494246 0.00223064 
v 0.627139 -0.494221 0.00215385 
v 0.626695 -0.494221 0.0023356 
v 0.627192 -0.494196 0.00229856 
v 0.626735 -0.494196 0.00244448 
v 0.627233 -0.494171 0.00244673 
v 0.626766 -0.494171 0.00255597 
v 0.627262 -0.494146 0.00259649 
v 0.626787 -0.494146 0.00266866 
v 0.627279 -0.494121 0.0027463 
v 0.6268 -0.494121 0.00278138 
v 0.627284 -0.494096 0.00289812 
v 0.626804 -0.494096 0.00289561 
v 0.627277 -0.494071 0.00305135 
v 0.626799 -0.494071 0.0030109 
v 0.627258 -0.494046 0.00320415 
v 0.626784 -0.494046 0.00312588 
v 0.627227 -0.494021 0.00335464 
v 0.626761 -0.494021 0.00323911 
v 0.581025 0.494597 0.00189738 
v 0.581025 0.494597 -3.22984e-15 
v 0.581025 -0.494597 0.00189738 
v 0.581025 -0.494597 -3.13486e-15 
v 0.57785 -0.491422 0.00189738 
v 0.57785 -0.491422 -3.14267e-15 
v 0.577867 -0.491754 -3.14267e-15 
v 0.577867 -0.491754 0.00189738 
v 0.577919 -0.492082 -3.14245e-15 
v 0.577919 -0.492082 0.00189738 
v 0.578005 -0.492403 -3.14223e-15 
v 0.578005 -0.492403 0.00189738 
v 0.578124 -0.492713 -3.14202e-15 
v 0.578124 -0.492713 0.00189738 
v 0.578275 -0.493009 -3.14158e-15 
v 0.578275 -0.493009 0.00189738 
v 0.578456 -0.493288 -3.14115e-15 
v 0.578456 -0.493288 0.00189738 
v 0.578666 -0.493546 -3.14072e-15 
v 0.578666 -0.493546 0.00189738 
v 0.578901 -0.493781 -3.14007e-15 
v 0.578901 -0.493781 0.00189738 
v 0.579159 -0.493991 -3.13942e-15 
v 0.579159 -0.493991 0.00189738 
v 0.579437 -0.494172 -3.13877e-15 
v 0.579437 -0.494172 0.00189738 
v 0.579734 -0.494322 -3.13811e-15 
v 0.579734 -0.494322 0.00189738 
v 0.580044 -0.494442 -3.13725e-15 
v 0.580044 -0.494442 0.00189738 
v 0.580365 -0.494528 -3.1366e-15 
v 0.580365 -0.494528 0.00189738 
v 0.580693 -0.49458 -3.13573e-15 
v 0.580693 -0.49458 0.00189738 
v 0.57785 0.491422 0.00189738 
v 0.57785 0.491422 -3.19731e-15 
v 0.580693 0.49458 -3.19059e-15 
v 0.580693 0.49458 0.00189738 
v 0.580365 0.494528 -3.19146e-15 
v 0.580365 0.494528 0.00189738 
v 0.580044 0.494442 -3.19211e-15 
v 0.580044 0.494442 0.00189738 
v 0.579734 0.494322 -3.19298e-15 
v 0.579734 0.494322 0.00189738 
v 0.579437 0.494172 -3.19363e-15 
v 0.579437 0.494172 0.00189738 
v 0.579159 0.493991 -3.19428e-15 
v 0.579159 0.493991 0.00189738 
v 0.578901 0.493781 -3.19493e-15 
v 0.578901 0.493781 0.00189738 
v 0.578666 0.493546 -3.19536e-15 
v 0.578666 0.493546 0.00189738 
v 0.578456 0.493288 -3.19601e-15 
v 0.578456 0.493288 0.00189738 
v 0.578275 0.493009 -3.19644e-15 
v 0.578275 0.493009 0.00189738 
v 0.578124 0.492713 -3.19666e-15 
v 0.578124 0.492713 0.00189738 
v 0.578005 0.492403 -3.19688e-15 
v 0.578005 0.492403 0.00189738 
v 0.577919 0.492082 -3.1971e-15 
v 0.577919 0.492082 0.00189738 
v 0.577867 0.491754 -3.19731e-15 
v 0.577867 0.491754 0.00189738 
v 0.606608 -0.420259 -3.07805e-15 
v 0.606628 -0.419894 -3.07805e-15 
v 0.606451 -0.418815 -3.07848e-15 
v 0.606316 -0.418475 -3.07892e-15 
v 0.606608 -0.419529 -3.07805e-15 
v 0.606549 -0.42062 -3.07805e-15 
v 0.599892 -0.419529 -3.0941e-15 
v 0.599872 -0.419894 -3.0941e-15 
v 0.600184 -0.418475 -3.09345e-15 
v 0.600049 -0.418815 -3.09366e-15 
v 0.606549 -0.419168 -3.07827e-15 
v 0.599892 -0.420259 -3.0941e-15 
v 0.600355 -0.418152 -3.09301e-15 
v 0.600797 -0.417571 -3.09193e-15 
v 0.600561 -0.417849 -3.09258e-15 
v 0.602346 0.423149 -3.13508e-15 
v 0.602 0.423032 -3.13573e-15 
v 0.606316 -0.421312 -3.0787e-15 
v 0.606451 -0.420972 -3.07827e-15 
v 0.601668 -0.422878 -3.08976e-15 
v 0.599951 -0.42062 -3.09388e-15 
v 0.600049 -0.420972 -3.09366e-15 
v 0.599951 -0.419168 -3.09388e-15 
v 0.601354 -0.417098 -3.09063e-15 
v 0.601063 -0.417319 -3.09149e-15 
v 0.602346 -0.416639 -3.08846e-15 
v 0.602 -0.416755 -3.08911e-15 
v 0.606608 0.419529 -3.12467e-15 
v 0.606628 0.419894 -3.12467e-15 
v 0.606145 -0.418152 -3.07913e-15 
v 0.605939 -0.417849 -3.07978e-15 
v 0.600184 -0.421312 -3.09323e-15 
v 0.601668 -0.416909 -3.08998e-15 
v 0.599892 0.420259 -3.14072e-15 
v 0.599872 0.419894 -3.14072e-15 
v 0.606608 0.420259 -3.12467e-15 
v 0.604154 -0.416639 -3.08412e-15 
v 0.600049 0.418815 -3.14028e-15 
v 0.600184 0.418475 -3.13985e-15 
v 0.603797 -0.41656 -3.08499e-15 
v 0.599892 0.419529 -3.14072e-15 
v 0.605939 -0.421938 -3.07957e-15 
v 0.606145 -0.421635 -3.07913e-15 
v 0.600355 -0.421635 -3.0928e-15 
v 0.600561 -0.421938 -3.09236e-15 
v 0.603433 -0.416521 -3.08586e-15 
v 0.603067 -0.416521 -3.08672e-15 
v 0.599951 0.42062 -3.1405e-15 
v 0.600355 0.421635 -3.13963e-15 
v 0.600184 0.421312 -3.14007e-15 
v 0.606549 0.419168 -3.12467e-15 
v 0.606451 0.418815 -3.12489e-15 
v 0.606145 0.418152 -3.12575e-15 
v 0.606316 0.418475 -3.12532e-15 
v 0.599951 0.419168 -3.1405e-15 
v 0.605437 -0.422468 -3.08065e-15 
v 0.605703 -0.422217 -3.08e-15 
v 0.602703 -0.423227 -3.08716e-15 
v 0.603067 -0.423267 -3.08629e-15 
v 0.602 -0.423032 -3.08889e-15 
v 0.600797 -0.422217 -3.09171e-15 
v 0.601063 -0.422468 -3.09106e-15 
v 0.600049 0.420972 -3.14028e-15 
v 0.606451 0.420972 -3.1251e-15 
v 0.606316 0.421312 -3.12554e-15 
v 0.606549 0.42062 -3.12489e-15 
v 0.605703 0.417571 -3.12662e-15 
v 0.605939 0.417849 -3.12619e-15 
v 0.600355 0.418152 -3.13942e-15 
v 0.600561 0.417849 -3.13898e-15 
v 0.605703 -0.417571 -3.08044e-15 
v 0.605437 -0.417319 -3.08087e-15 
v 0.604832 -0.422878 -3.08217e-15 
v 0.605146 -0.42269 -3.0813e-15 
v 0.604154 -0.423149 -3.08369e-15 
v 0.6045 -0.423032 -3.08282e-15 
v 0.603433 -0.423267 -3.08542e-15 
v 0.601354 -0.42269 -3.09041e-15 
v 0.600797 0.422217 -3.13855e-15 
v 0.600561 0.421938 -3.1392e-15 
v 0.606145 0.421635 -3.12575e-15 
v 0.605939 0.421938 -3.12641e-15 
v 0.604832 0.416909 -3.12879e-15 
v 0.605146 0.417098 -3.12792e-15 
v 0.604154 0.416639 -3.13031e-15 
v 0.6045 0.416755 -3.12944e-15 
v 0.602703 0.41656 -3.13378e-15 
v 0.603067 0.416521 -3.13291e-15 
v 0.604832 -0.416909 -3.08239e-15 
v 0.6045 -0.416755 -3.08325e-15 
v 0.603797 -0.423227 -3.08456e-15 
v 0.602346 -0.423149 -3.08802e-15 
v 0.605703 0.422217 -3.12684e-15 
v 0.605437 0.422468 -3.12749e-15 
v 0.605437 0.417319 -3.12727e-15 
v 0.603433 0.416521 -3.13204e-15 
v 0.601668 0.416909 -3.13638e-15 
v 0.602 0.416755 -3.13551e-15 
v 0.600797 0.417571 -3.13833e-15 
v 0.601063 0.417319 -3.13768e-15 
v 0.605146 -0.417098 -3.08174e-15 
v 0.602703 -0.41656 -3.08759e-15 
v 0.601354 0.42269 -3.13725e-15 
v 0.601063 0.422468 -3.13811e-15 
v 0.605146 0.42269 -3.12836e-15 
v 0.604832 0.422878 -3.12901e-15 
v 0.603797 0.41656 -3.13118e-15 
v 0.601354 0.417098 -3.13703e-15 
v 0.601668 0.422878 -3.1366e-15 
v 0.603433 0.423267 -3.13248e-15 
v 0.603067 0.423267 -3.13334e-15 
v 0.6045 0.423032 -3.12987e-15 
v 0.602346 0.416639 -3.13465e-15 
v 0.602703 0.423227 -3.13421e-15 
v 0.604154 0.423149 -3.13074e-15 
v 0.603797 0.423227 -3.13161e-15 
v 0.599892 -0.419529 0.00189738 
v 0.599872 -0.419894 0.00189738 
v 0.599951 -0.419168 0.00189738 
v 0.600049 -0.418815 0.00189738 
v 0.600184 -0.418475 0.00189738 
v 0.600355 -0.418152 0.00189738 
v 0.600561 -0.417849 0.00189738 
v 0.600797 -0.417571 0.00189738 
v 0.601063 -0.417319 0.00189738 
v 0.601354 -0.417098 0.00189738 
v 0.601668 -0.416909 0.00189738 
v 0.602 -0.416755 0.00189738 
v 0.602346 -0.416639 0.00189738 
v 0.602703 -0.41656 0.00189738 
v 0.603067 -0.416521 0.00189738 
v 0.603433 -0.416521 0.00189738 
v 0.603797 -0.41656 0.00189738 
v 0.604154 -0.416639 0.00189738 
v 0.6045 -0.416755 0.00189738 
v 0.604832 -0.416909 0.00189738 
v 0.605146 -0.417098 0.00189738 
v 0.605437 -0.417319 0.00189738 
v 0.605703 -0.417571 0.00189738 
v 0.605939 -0.417849 0.00189738 
v 0.606145 -0.418152 0.00189738 
v 0.606316 -0.418475 0.00189738 
v 0.606451 -0.418815 0.00189738 
v 0.606549 -0.419168 0.00189738 
v 0.606608 -0.419529 0.00189738 
v 0.606628 -0.419894 0.00189738 
v 0.606608 -0.420259 0.00189738 
v 0.606549 -0.42062 0.00189738 
v 0.606451 -0.420972 0.00189738 
v 0.606316 -0.421312 0.00189738 
v 0.606145 -0.421635 0.00189738 
v 0.605939 -0.421938 0.00189738 
v 0.605703 -0.422217 0.00189738 
v 0.605437 -0.422468 0.00189738 
v 0.605146 -0.42269 0.00189738 
v 0.604832 -0.422878 0.00189738 
v 0.6045 -0.423032 0.00189738 
v 0.604154 -0.423149 0.00189738 
v 0.603797 -0.423227 0.00189738 
v 0.603433 -0.423267 0.00189738 
v 0.603067 -0.423267 0.00189738 
v 0.602703 -0.423227 0.00189738 
v 0.602346 -0.423149 0.00189738 
v 0.602 -0.423032 0.00189738 
v 0.601668 -0.422878 0.00189738 
v 0.601354 -0.42269 0.00189738 
v 0.601063 -0.422468 0.00189738 
v 0.600797 -0.422217 0.00189738 
v 0.600561 -0.421938 0.00189738 
v 0.600355 -0.421635 0.00189738 
v 0.600184 -0.421312 0.00189738 
v 0.600049 -0.420972 0.00189738 
v 0.599951 -0.42062 0.00189738 
v 0.599892 -0.420259 0.00189738 
v 0.599892 0.420259 0.00189738 
v 0.599872 0.419894 0.00189738 
v 0.599951 0.42062 0.00189738 
v 0.600049 0.420972 0.00189738 
v 0.600184 0.421312 0.00189738 
v 0.600355 0.421635 0.00189738 
v 0.600561 0.421938 0.00189738 
v 0.600797 0.422217 0.00189738 
v 0.601063 0.422468 0.00189738 
v 0.601354 0.42269 0.00189738 
v 0.601668 0.422878 0.00189738 
v 0.602 0.423032 0.00189738 
v 0.602346 0.423149 0.00189738 
v 0.602703 0.423227 0.00189738 
v 0.603067 0.423267 0.00189738 
v 0.603433 0.423267 0.00189738 
v 0.603797 0.423227 0.00189738 
v 0.604154 0.423149 0.00189738 
v 0.6045 0.423032 0.00189738 
v 0.604832 0.422878 0.00189738 
v 0.605146 0.42269 0.00189738 
v 0.605437 0.422468 0.00189738 
v 0.605703 0.422217 0.00189738 
v 0.605939 0.421938 0.00189738 
v 0.606145 0.421635 0.00189738 
v 0.606316 0.421312 0.00189738 
v 0.606451 0.420972 0.00189738 
v 0.606549 0.42062 0.00189738 
v 0.606608 0.420259 0.00189738 
v 0.606628 0.419894 0.00189738 
v 0.606608 0.419529 0.00189738 
v 0.606549 0.419168 0.00189738 
v 0.606451 0.418815 0.00189738 
v 0.606316 0.418475 0.00189738 
v 0.606145 0.418152 0.00189738 
v 0.605939 0.417849 0.00189738 
v 0.605703 0.417571 0.00189738 
v 0.605437 0.417319 0.00189738 
v 0.605146 0.417098 0.00189738 
v 0.604832 0.416909 0.00189738 
v 0.6045 0.416755 0.00189738 
v 0.604154 0.416639 0.00189738 
v 0.603797 0.41656 0.00189738 
v 0.603433 0.416521 0.00189738 
v 0.603067 0.416521 0.00189738 
v 0.602703 0.41656 0.00189738 
v 0.602346 0.416639 0.00189738 
v 0.602 0.416755 0.00189738 
v 0.601668 0.416909 0.00189738 
v 0.601354 0.417098 0.00189738 
v 0.601063 0.417319 0.00189738 
v 0.600797 0.417571 0.00189738 
v 0.600561 0.417849 0.00189738 
v 0.600355 0.418152 0.00189738 
v 0.600184 0.418475 0.00189738 
v 0.600049 0.418815 0.00189738 
v 0.599951 0.419168 0.00189738 
v 0.599892 0.419529 0.00189738 
v 0.622043 0.475178 0.00189738 
v 0.597711 -0.480368 0.00189738 
v 0.596646 -0.468943 0.00189738 
v 0.622554 -0.468943 0.00189738 
v 0.622201 0.475519 0.00189738 
v 0.598164 -0.481042 0.00189738 
v 0.596646 -0.476499 0.00189738 
v 0.597035 -0.478894 0.00189738 
v 0.59682 -0.478111 0.00189738 
v 0.597334 -0.479649 0.00189738 
v 0.622001 0.475142 0.00189738 
v 0.59669 -0.47731 0.00189738 
v 0.598686 -0.481663 0.00189738 
v 0.622201 0.475574 0.00189738 
v 0.612397 -0.479911 0.00189738 
v 0.612054 -0.479404 0.00189738 
v 0.610597 -0.480527 0.00189738 
v 0.599914 -0.482721 0.00189738 
v 0.599271 -0.482225 0.00189738 
v 0.622114 0.475262 0.00189738 
v 0.622081 0.475218 0.00189738 
v 0.622183 0.475411 0.00189738 
v 0.622166 0.475359 0.00189738 
v 0.622195 0.475629 0.00189738 
v 0.622166 0.475735 0.00189738 
v 0.622183 0.475683 0.00189738 
v 0.611769 -0.478862 0.00189738 
v 0.611308 -0.47907 0.00189738 
v 0.60959 -0.481798 0.00189738 
v 0.608991 -0.482345 0.00189738 
v 0.610128 -0.481189 0.00189738 
v 0.613237 -0.480801 0.00189738 
v 0.612793 -0.480379 0.00189738 
v 0.607634 -0.483232 0.00189738 
v 0.615383 -0.481943 0.00189738 
v 0.614803 -0.481747 0.00189738 
v 0.622521 -0.477111 0.00189738 
v 0.622422 -0.477715 0.00189738 
v 0.622554 -0.476499 0.00189738 
v 0.60134 -0.483493 0.00189738 
v 0.600606 -0.483145 0.00189738 
v 0.603704 -0.484039 0.00189738 
v 0.602898 -0.483942 0.00189738 
v 0.622143 0.475309 0.00189738 
v 0.622195 0.475465 0.00189738 
v 0.610992 -0.479817 0.00189738 
v 0.608336 -0.482825 0.00189738 
v 0.606892 -0.483561 0.00189738 
v 0.613723 -0.481172 0.00189738 
v 0.606119 -0.483809 0.00189738 
v 0.618409 -0.481946 0.00189738 
v 0.617811 -0.482077 0.00189738 
v 0.621744 -0.479415 0.00189738 
v 0.6214 -0.479922 0.00189738 
v 0.597006 0.463594 0.00189738 
v 0.602107 -0.48376 0.00189738 
v 0.622081 0.475876 0.00189738 
v 0.622114 0.475832 0.00189738 
v 0.614248 -0.481489 0.00189738 
v 0.605323 -0.483972 0.00189738 
v 0.617202 -0.482143 0.00189738 
v 0.620558 -0.480809 0.00189738 
v 0.620071 -0.481179 0.00189738 
v 0.622031 -0.478874 0.00189738 
v 0.622258 -0.478305 0.00189738 
v 0.604515 -0.484049 0.00189738 
v 0.622043 0.475916 0.00189738 
v 0.596794 0.487038 0.00189738 
v 0.615981 -0.482075 0.00189738 
v 0.61659 -0.482142 0.00189738 
v 0.621003 -0.480388 0.00189738 
v 0.621955 0.475111 0.00189738 
v 0.621907 0.475086 0.00189738 
v 0.622143 0.475785 0.00189738 
v 0.621955 0.475982 0.00189738 
v 0.622001 0.475952 0.00189738 
v 0.597006 0.4875 0.00189738 
v 0.619546 -0.481495 0.00189738 
v 0.61899 -0.481751 0.00189738 
v 0.621907 0.476008 0.00189738 
v 0.596794 0.464055 0.00189738 
v 0.606577 0.468571 0.00189738 
v 0.606577 0.482523 0.00189738 
v 0.611543 -0.478293 0.00189738 
v 0.606577 0.468571 0.00138938 
v 0.606577 0.482523 0.00138938 
v 0.597006 0.4875 0.00138938 
v 0.621907 0.476008 0.00138938 
v 0.621955 0.475982 0.00138938 
v 0.622001 0.475952 0.00138938 
v 0.622043 0.475916 0.00138938 
v 0.622081 0.475876 0.00138938 
v 0.622114 0.475832 0.00138938 
v 0.622143 0.475785 0.00138938 
v 0.622166 0.475735 0.00138938 
v 0.622183 0.475683 0.00138938 
v 0.622195 0.475629 0.00138938 
v 0.622201 0.475574 0.00138938 
v 0.622201 0.475519 0.00138938 
v 0.622195 0.475465 0.00138938 
v 0.622183 0.475411 0.00138938 
v 0.622166 0.475359 0.00138938 
v 0.622143 0.475309 0.00138938 
v 0.622114 0.475262 0.00138938 
v 0.622081 0.475218 0.00138938 
v 0.622043 0.475178 0.00138938 
v 0.622001 0.475142 0.00138938 
v 0.621955 0.475111 0.00138938 
v 0.621907 0.475086 0.00138938 
v 0.597006 0.463594 0.00138938 
v 0.596794 0.464055 0.00138938 
v 0.596794 0.487038 0.00138938 
v 0.622554 -0.476499 0.00138938 
v 0.622554 -0.468943 0.00138938 
v 0.596646 -0.468943 0.00138938 
v 0.622521 -0.477111 0.00138938 
v 0.622422 -0.477715 0.00138938 
v 0.622258 -0.478305 0.00138938 
v 0.622031 -0.478874 0.00138938 
v 0.621744 -0.479415 0.00138938 
v 0.6214 -0.479922 0.00138938 
v 0.621003 -0.480388 0.00138938 
v 0.620558 -0.480809 0.00138938 
v 0.620071 -0.481179 0.00138938 
v 0.619546 -0.481495 0.00138938 
v 0.61899 -0.481751 0.00138938 
v 0.618409 -0.481946 0.00138938 
v 0.617811 -0.482077 0.00138938 
v 0.617202 -0.482143 0.00138938 
v 0.61659 -0.482142 0.00138938 
v 0.615981 -0.482075 0.00138938 
v 0.615383 -0.481943 0.00138938 
v 0.614803 -0.481747 0.00138938 
v 0.614248 -0.481489 0.00138938 
v 0.613723 -0.481172 0.00138938 
v 0.613237 -0.480801 0.00138938 
v 0.612793 -0.480379 0.00138938 
v 0.612397 -0.479911 0.00138938 
v 0.612054 -0.479404 0.00138938 
v 0.611769 -0.478862 0.00138938 
v 0.611543 -0.478293 0.00138938 
v 0.611308 -0.47907 0.00138938 
v 0.610992 -0.479817 0.00138938 
v 0.610597 -0.480527 0.00138938 
v 0.610128 -0.481189 0.00138938 
v 0.60959 -0.481798 0.00138938 
v 0.608991 -0.482345 0.00138938 
v 0.608336 -0.482825 0.00138938 
v 0.607634 -0.483232 0.00138938 
v 0.606892 -0.483561 0.00138938 
v 0.606119 -0.483809 0.00138938 
v 0.605323 -0.483972 0.00138938 
v 0.604515 -0.484049 0.00138938 
v 0.603704 -0.484039 0.00138938 
v 0.602898 -0.483942 0.00138938 
v 0.602107 -0.48376 0.00138938 
v 0.60134 -0.483493 0.00138938 
v 0.600606 -0.483145 0.00138938 
v 0.599914 -0.482721 0.00138938 
v 0.599271 -0.482225 0.00138938 
v 0.598686 -0.481663 0.00138938 
v 0.598164 -0.481042 0.00138938 
v 0.597711 -0.480368 0.00138938 
v 0.597334 -0.479649 0.00138938 
v 0.597035 -0.478894 0.00138938 
v 0.59682 -0.478111 0.00138938 
v 0.59669 -0.47731 0.00138938 
v 0.596646 -0.476499 0.00138938 
v 0.621694 0.475547 0.00138938 
v 0.607085 0.468805 0.00138938 
v 0.607085 0.482289 0.00138938 
v 0.607085 0.468805 0.00189738 
v 0.607085 0.482289 0.00189738 
v 0.621694 0.475547 0.00189738 
v 0.612234 -0.478659 0.00138938 
v 0.612028 -0.478142 0.00138938 
v 0.612495 -0.479151 0.00138938 
v 0.611251 -0.469451 0.00138938 
v 0.611759 -0.476499 0.00138938 
v 0.612808 -0.479612 0.00138938 
v 0.621571 -0.478659 0.00138938 
v 0.62131 -0.479151 0.00138938 
v 0.621777 -0.478142 0.00138938 
v 0.611789 -0.477056 0.00138938 
v 0.614016 -0.480757 0.00138938 
v 0.613573 -0.48042 0.00138938 
v 0.614493 -0.481044 0.00138938 
v 0.615526 -0.481455 0.00138938 
v 0.614999 -0.481278 0.00138938 
v 0.61607 -0.481575 0.00138938 
v 0.616624 -0.481635 0.00138938 
v 0.617181 -0.481635 0.00138938 
v 0.597154 -0.476499 0.00138938 
v 0.597154 -0.469451 0.00138938 
v 0.597195 -0.477262 0.00138938 
v 0.597319 -0.478015 0.00138938 
v 0.597523 -0.47875 0.00138938 
v 0.620997 -0.479612 0.00138938 
v 0.622046 -0.476499 0.00138938 
v 0.622016 -0.477056 0.00138938 
v 0.622046 -0.469451 0.00138938 
v 0.611879 -0.477605 0.00138938 
v 0.613168 -0.480037 0.00138938 
v 0.618279 -0.481455 0.00138938 
v 0.617735 -0.481575 0.00138938 
v 0.618806 -0.481278 0.00138938 
v 0.619789 -0.480757 0.00138938 
v 0.619312 -0.481044 0.00138938 
v 0.620232 -0.48042 0.00138938 
v 0.621926 -0.477605 0.00138938 
v 0.597805 -0.479459 0.00138938 
v 0.611086 -0.478015 0.00138938 
v 0.610882 -0.47875 0.00138938 
v 0.620637 -0.480037 0.00138938 
v 0.598163 -0.480133 0.00138938 
v 0.598591 -0.480765 0.00138938 
v 0.599085 -0.481347 0.00138938 
v 0.600247 -0.482333 0.00138938 
v 0.599639 -0.481872 0.00138938 
v 0.600901 -0.482727 0.00138938 
v 0.603062 -0.483455 0.00138938 
v 0.602317 -0.483291 0.00138938 
v 0.603821 -0.483538 0.00138938 
v 0.6106 -0.479459 0.00138938 
v 0.610242 -0.480133 0.00138938 
v 0.61121 -0.477262 0.00138938 
v 0.611251 -0.476499 0.00138938 
v 0.601594 -0.483047 0.00138938 
v 0.604584 -0.483538 0.00138938 
v 0.608158 -0.482333 0.00138938 
v 0.607504 -0.482727 0.00138938 
v 0.608766 -0.481872 0.00138938 
v 0.609814 -0.480765 0.00138938 
v 0.60932 -0.481347 0.00138938 
v 0.611759 -0.469451 0.00138938 
v 0.605343 -0.483455 0.00138938 
v 0.606088 -0.483291 0.00138938 
v 0.606811 -0.483047 0.00138938 
v 0.622046 -0.469451 0.00189738 
v 0.622046 -0.476499 0.00189738 
v 0.611759 -0.469451 0.00189738 
v 0.611759 -0.476499 0.00189738 
v 0.611789 -0.477056 0.00189738 
v 0.611879 -0.477605 0.00189738 
v 0.612028 -0.478142 0.00189738 
v 0.612234 -0.478659 0.00189738 
v 0.612495 -0.479151 0.00189738 
v 0.612808 -0.479612 0.00189738 
v 0.613168 -0.480037 0.00189738 
v 0.613573 -0.48042 0.00189738 
v 0.614016 -0.480757 0.00189738 
v 0.614493 -0.481044 0.00189738 
v 0.614999 -0.481278 0.00189738 
v 0.615526 -0.481455 0.00189738 
v 0.61607 -0.481575 0.00189738 
v 0.616624 -0.481635 0.00189738 
v 0.617181 -0.481635 0.00189738 
v 0.617735 -0.481575 0.00189738 
v 0.618279 -0.481455 0.00189738 
v 0.618806 -0.481278 0.00189738 
v 0.619312 -0.481044 0.00189738 
v 0.619789 -0.480757 0.00189738 
v 0.620232 -0.48042 0.00189738 
v 0.620637 -0.480037 0.00189738 
v 0.620997 -0.479612 0.00189738 
v 0.62131 -0.479151 0.00189738 
v 0.621571 -0.478659 0.00189738 
v 0.621777 -0.478142 0.00189738 
v 0.621926 -0.477605 0.00189738 
v 0.622016 -0.477056 0.00189738 
v 0.611251 -0.469451 0.00189738 
v 0.611251 -0.476499 0.00189738 
v 0.608158 -0.482333 0.00189738 
v 0.597805 -0.479459 0.00189738 
v 0.598163 -0.480133 0.00189738 
v 0.605343 -0.483455 0.00189738 
v 0.606088 -0.483291 0.00189738 
v 0.603062 -0.483455 0.00189738 
v 0.603821 -0.483538 0.00189738 
v 0.597523 -0.47875 0.00189738 
v 0.597154 -0.476499 0.00189738 
v 0.6106 -0.479459 0.00189738 
v 0.610882 -0.47875 0.00189738 
v 0.609814 -0.480765 0.00189738 
v 0.610242 -0.480133 0.00189738 
v 0.606811 -0.483047 0.00189738 
v 0.604584 -0.483538 0.00189738 
v 0.601594 -0.483047 0.00189738 
v 0.602317 -0.483291 0.00189738 
v 0.600247 -0.482333 0.00189738 
v 0.600901 -0.482727 0.00189738 
v 0.598591 -0.480765 0.00189738 
v 0.599085 -0.481347 0.00189738 
v 0.597319 -0.478015 0.00189738 
v 0.597195 -0.477262 0.00189738 
v 0.611086 -0.478015 0.00189738 
v 0.61121 -0.477262 0.00189738 
v 0.608766 -0.481872 0.00189738 
v 0.60932 -0.481347 0.00189738 
v 0.599639 -0.481872 0.00189738 
v 0.607504 -0.482727 0.00189738 
v 0.597154 -0.469451 0.00189738 
vn -0.28235 -0.108119 0.953199 
vn -0.284015 -1.91704e-16 0.95882 
vn -0.277375 -0.21497 0.936403 
vn -0.28235 -0.108119 0.953199 
vn -0.269148 -0.319302 0.908629 
vn -0.277375 -0.21497 0.936403 
vn -0.257765 -0.419889 0.870201 
vn -0.269148 -0.319302 0.908629 
vn -0.243361 -0.515554 0.821572 
vn -0.257765 -0.419889 0.870201 
vn -0.226103 -0.605174 0.76331 
vn -0.243361 -0.515554 0.821572 
vn -0.206194 -0.687699 0.696099 
vn -0.226103 -0.605174 0.76331 
vn -0.183868 -0.762162 0.620727 
vn -0.206194 -0.687699 0.696099 
vn -0.159386 -0.827689 0.538077 
vn -0.183868 -0.762162 0.620727 
vn -0.133035 -0.883512 0.449119 
vn -0.159386 -0.827689 0.538077 
vn -0.105125 -0.928977 0.354896 
vn -0.133035 -0.883512 0.449119 
vn -0.0759822 -0.96355 0.256511 
vn -0.105125 -0.928977 0.354896 
vn -0.0459486 -0.986827 0.15512 
vn -0.0759822 -0.96355 0.256511 
vn -0.0153763 -0.998533 0.0519095 
vn -0.0459486 -0.986827 0.15512 
vn 0.0153763 -0.998533 -0.0519095 
vn -0.0153763 -0.998533 0.0519095 
vn 0.0459486 -0.986827 -0.15512 
vn 0.0153763 -0.998533 -0.0519095 
vn 0.0759822 -0.96355 -0.256511 
vn 0.0459486 -0.986827 -0.15512 
vn 0.105125 -0.928977 -0.354896 
vn 0.0759822 -0.96355 -0.256511 
vn 0.133035 -0.883512 -0.449119 
vn 0.105125 -0.928977 -0.354896 
vn 0.159386 -0.827689 -0.538077 
vn 0.133035 -0.883512 -0.449119 
vn 0.183868 -0.762162 -0.620727 
vn 0.159386 -0.827689 -0.538077 
vn 0.206194 -0.687699 -0.696099 
vn 0.183868 -0.762162 -0.620727 
vn 0.226103 -0.605174 -0.76331 
vn 0.206194 -0.687699 -0.696099 
vn 0.243361 -0.515554 -0.821572 
vn 0.226103 -0.605174 -0.76331 
vn 0.257765 -0.419889 -0.870201 
vn 0.243361 -0.515554 -0.821572 
vn 0.269148 -0.319302 -0.908629 
vn 0.257765 -0.419889 -0.870201 
vn 0.277375 -0.21497 -0.936403 
vn 0.269148 -0.319302 -0.908629 
vn 0.28235 -0.108119 -0.953199 
vn 0.277375 -0.21497 -0.936403 
vn 0.284015 6.92395e-17 -0.95882 
vn 0.28235 -0.108119 -0.953199 
vn 0.28235 0.108119 -0.953199 
vn 0.284015 6.92395e-17 -0.95882 
vn 0.277375 0.21497 -0.936403 
vn 0.28235 0.108119 -0.953199 
vn 0.269148 0.319302 -0.908629 
vn 0.277375 0.21497 -0.936403 
vn 0.257765 0.419889 -0.870201 
vn 0.269148 0.319302 -0.908629 
vn 0.243361 0.515554 -0.821572 
vn 0.257765 0.419889 -0.870201 
vn 0.226103 0.605174 -0.76331 
vn 0.243361 0.515554 -0.821572 
vn 0.206194 0.687699 -0.696099 
vn 0.226103 0.605174 -0.76331 
vn 0.183868 0.762162 -0.620727 
vn 0.206194 0.687699 -0.696099 
vn 0.159386 0.827689 -0.538077 
vn 0.183868 0.762162 -0.620727 
vn 0.133035 0.883512 -0.449119 
vn 0.159386 0.827689 -0.538077 
vn 0.105125 0.928977 -0.354896 
vn 0.133035 0.883512 -0.449119 
vn 0.0759822 0.96355 -0.256511 
vn 0.105125 0.928977 -0.354896 
vn 0.0459486 0.986827 -0.15512 
vn 0.0759822 0.96355 -0.256511 
vn 0.0153763 0.998533 -0.0519095 
vn 0.0459486 0.986827 -0.15512 
vn -0.0153763 0.998533 0.0519095 
vn 0.0153763 0.998533 -0.0519095 
vn -0.0459486 0.986827 0.15512 
vn -0.0153763 0.998533 0.0519095 
vn -0.0759822 0.96355 0.256511 
vn -0.0459486 0.986827 0.15512 
vn -0.105125 0.928977 0.354896 
vn -0.0759822 0.96355 0.256511 
vn -0.133035 0.883512 0.449119 
vn -0.105125 0.928977 0.354896 
vn -0.159386 0.827689 0.538077 
vn -0.133035 0.883512 0.449119 
vn -0.183868 0.762162 0.620727 
vn -0.159386 0.827689 0.538077 
vn -0.206194 0.687699 0.696099 
vn -0.183868 0.762162 0.620727 
vn -0.226103 0.605174 0.76331 
vn -0.206194 0.687699 0.696099 
vn -0.243361 0.515554 0.821572 
vn -0.226103 0.605174 0.76331 
vn -0.257765 0.419889 0.870201 
vn -0.243361 0.515554 0.821572 
vn -0.269148 0.319302 0.908629 
vn -0.257765 0.419889 0.870201 
vn -0.277375 0.21497 0.936403 
vn -0.269148 0.319302 0.908629 
vn -0.28235 0.108119 0.953199 
vn -0.277375 0.21497 0.936403 
vn 0.95882 1.90638e-16 0.284015 
vn -0.284015 8.55695e-19 0.95882 
vn -0.115519 -0.913545 0.389987 
vn -0.142008 -0.866025 0.47941 
vn -0.16694 -0.809017 0.56358 
vn -0.190043 -0.743145 0.641576 
vn -0.211065 -0.669131 0.712542 
vn -0.229773 -0.587785 0.775701 
vn -0.245965 -0.5 0.830362 
vn -0.259461 -0.406737 0.875925 
vn -0.270115 -0.309017 0.911892 
vn -0.277809 -0.207912 0.937867 
vn -0.282459 -0.104528 0.953567 
vn -0.284015 -6.92395e-17 0.95882 
vn -0.282459 0.104528 0.953567 
vn -0.277809 0.207912 0.937867 
vn -0.270115 0.309017 0.911892 
vn -0.259461 0.406737 0.875925 
vn -0.245965 0.5 0.830362 
vn -0.229773 0.587785 0.775701 
vn -0.211065 0.669131 0.712542 
vn -0.190043 0.743145 0.641576 
vn -0.16694 0.809017 0.56358 
vn -0.142008 0.866025 0.47941 
vn -0.115519 0.913545 0.389987 
vn -0.28235 -0.108119 0.953199 
vn -0.284015 -1.91704e-16 0.95882 
vn -0.277375 -0.21497 0.936403 
vn -0.28235 -0.108119 0.953199 
vn -0.269148 -0.319302 0.908629 
vn -0.277375 -0.21497 0.936403 
vn -0.257765 -0.419889 0.870201 
vn -0.269148 -0.319302 0.908629 
vn -0.243361 -0.515554 0.821572 
vn -0.257765 -0.419889 0.870201 
vn -0.226103 -0.605174 0.76331 
vn -0.243361 -0.515554 0.821572 
vn -0.206194 -0.687699 0.696099 
vn -0.226103 -0.605174 0.76331 
vn -0.183868 -0.762162 0.620727 
vn -0.206194 -0.687699 0.696099 
vn -0.159386 -0.827689 0.538077 
vn -0.183868 -0.762162 0.620727 
vn -0.133035 -0.883512 0.449119 
vn -0.159386 -0.827689 0.538077 
vn -0.105125 -0.928977 0.354896 
vn -0.133035 -0.883512 0.449119 
vn -0.0759822 -0.96355 0.256511 
vn -0.105125 -0.928977 0.354896 
vn -0.0459486 -0.986827 0.15512 
vn -0.0759822 -0.96355 0.256511 
vn -0.0153763 -0.998533 0.0519095 
vn -0.0459486 -0.986827 0.15512 
vn 0.0153763 -0.998533 -0.0519095 
vn -0.0153763 -0.998533 0.0519095 
vn 0.0459486 -0.986827 -0.15512 
vn 0.0153763 -0.998533 -0.0519095 
vn 0.0759822 -0.96355 -0.256511 
vn 0.0459486 -0.986827 -0.15512 
vn 0.105125 -0.928977 -0.354896 
vn 0.0759822 -0.96355 -0.256511 
vn 0.133035 -0.883512 -0.449119 
vn 0.105125 -0.928977 -0.354896 
vn 0.159386 -0.827689 -0.538077 
vn 0.133035 -0.883512 -0.449119 
vn 0.183868 -0.762162 -0.620727 
vn 0.159386 -0.827689 -0.538077 
vn 0.206194 -0.687699 -0.696099 
vn 0.183868 -0.762162 -0.620727 
vn 0.226103 -0.605174 -0.76331 
vn 0.206194 -0.687699 -0.696099 
vn 0.243361 -0.515554 -0.821572 
vn 0.226103 -0.605174 -0.76331 
vn 0.257765 -0.419889 -0.870201 
vn 0.243361 -0.515554 -0.821572 
vn 0.269148 -0.319302 -0.908629 
vn 0.257765 -0.419889 -0.870201 
vn 0.277375 -0.21497 -0.936403 
vn 0.269148 -0.319302 -0.908629 
vn 0.28235 -0.108119 -0.953199 
vn 0.277375 -0.21497 -0.936403 
vn 0.284015 6.92395e-17 -0.95882 
vn 0.28235 -0.108119 -0.953199 
vn 0.28235 0.108119 -0.953199 
vn 0.284015 6.92395e-17 -0.95882 
vn 0.277375 0.21497 -0.936403 
vn 0.28235 0.108119 -0.953199 
vn 0.269148 0.319302 -0.908629 
vn 0.277375 0.21497 -0.936403 
vn 0.257765 0.419889 -0.870201 
vn 0.269148 0.319302 -0.908629 
vn 0.243361 0.515554 -0.821572 
vn 0.257765 0.419889 -0.870201 
vn 0.226103 0.605174 -0.76331 
vn 0.243361 0.515554 -0.821572 
vn 0.206194 0.687699 -0.696099 
vn 0.226103 0.605174 -0.76331 
vn 0.183868 0.762162 -0.620727 
vn 0.206194 0.687699 -0.696099 
vn 0.159386 0.827689 -0.538077 
vn 0.183868 0.762162 -0.620727 
vn 0.133035 0.883512 -0.449119 
vn 0.159386 0.827689 -0.538077 
vn 0.105125 0.928977 -0.354896 
vn 0.133035 0.883512 -0.449119 
vn 0.0759822 0.96355 -0.256511 
vn 0.105125 0.928977 -0.354896 
vn 0.0459486 0.986827 -0.15512 
vn 0.0759822 0.96355 -0.256511 
vn 0.0153763 0.998533 -0.0519095 
vn 0.0459486 0.986827 -0.15512 
vn -0.0153763 0.998533 0.0519095 
vn 0.0153763 0.998533 -0.0519095 
vn -0.0459486 0.986827 0.15512 
vn -0.0153763 0.998533 0.0519095 
vn -0.0759822 0.96355 0.256511 
vn -0.0459486 0.986827 0.15512 
vn -0.105125 0.928977 0.354896 
vn -0.0759822 0.96355 0.256511 
vn -0.133035 0.883512 0.449119 
vn -0.105125 0.928977 0.354896 
vn -0.159386 0.827689 0.538077 
vn -0.133035 0.883512 0.449119 
vn -0.183868 0.762162 0.620727 
vn -0.159386 0.827689 0.538077 
vn -0.206194 0.687699 0.696099 
vn -0.183868 0.762162 0.620727 
vn -0.226103 0.605174 0.76331 
vn -0.206194 0.687699 0.696099 
vn -0.243361 0.515554 0.821572 
vn -0.226103 0.605174 0.76331 
vn -0.257765 0.419889 0.870201 
vn -0.243361 0.515554 0.821572 
vn -0.269148 0.319302 0.908629 
vn -0.257765 0.419889 0.870201 
vn -0.277375 0.21497 0.936403 
vn -0.269148 0.319302 0.908629 
vn -0.28235 0.108119 0.953199 
vn -0.277375 0.21497 0.936403 
vn -0.28235 -0.108119 0.953199 
vn -0.284015 -1.91704e-16 0.95882 
vn -0.277375 -0.21497 0.936403 
vn -0.28235 -0.108119 0.953199 
vn -0.269148 -0.319302 0.908629 
vn -0.277375 -0.21497 0.936403 
vn -0.257765 -0.419889 0.870201 
vn -0.269148 -0.319302 0.908629 
vn -0.243361 -0.515554 0.821572 
vn -0.257765 -0.419889 0.870201 
vn -0.226103 -0.605174 0.76331 
vn -0.243361 -0.515554 0.821572 
vn -0.206194 -0.687699 0.696099 
vn -0.226103 -0.605174 0.76331 
vn -0.183868 -0.762162 0.620727 
vn -0.206194 -0.687699 0.696099 
vn -0.159386 -0.827689 0.538077 
vn -0.183868 -0.762162 0.620727 
vn -0.133035 -0.883512 0.449119 
vn -0.159386 -0.827689 0.538077 
vn -0.105125 -0.928977 0.354896 
vn -0.133035 -0.883512 0.449119 
vn -0.0759822 -0.96355 0.256511 
vn -0.105125 -0.928977 0.354896 
vn -0.0459486 -0.986827 0.15512 
vn -0.0759822 -0.96355 0.256511 
vn -0.0153763 -0.998533 0.0519095 
vn -0.0459486 -0.986827 0.15512 
vn 0.0153763 -0.998533 -0.0519095 
vn -0.0153763 -0.998533 0.0519095 
vn 0.0459486 -0.986827 -0.15512 
vn 0.0153763 -0.998533 -0.0519095 
vn 0.0759822 -0.96355 -0.256511 
vn 0.0459486 -0.986827 -0.15512 
vn 0.105125 -0.928977 -0.354896 
vn 0.0759822 -0.96355 -0.256511 
vn 0.133035 -0.883512 -0.449119 
vn 0.105125 -0.928977 -0.354896 
vn 0.159386 -0.827689 -0.538077 
vn 0.133035 -0.883512 -0.449119 
vn 0.183868 -0.762162 -0.620727 
vn 0.159386 -0.827689 -0.538077 
vn 0.206194 -0.687699 -0.696099 
vn 0.183868 -0.762162 -0.620727 
vn 0.226103 -0.605174 -0.76331 
vn 0.206194 -0.687699 -0.696099 
vn 0.243361 -0.515554 -0.821572 
vn 0.226103 -0.605174 -0.76331 
vn 0.257765 -0.419889 -0.870201 
vn 0.243361 -0.515554 -0.821572 
vn 0.269148 -0.319302 -0.908629 
vn 0.257765 -0.419889 -0.870201 
vn 0.277375 -0.21497 -0.936403 
vn 0.269148 -0.319302 -0.908629 
vn 0.28235 -0.108119 -0.953199 
vn 0.277375 -0.21497 -0.936403 
vn 0.284015 6.92395e-17 -0.95882 
vn 0.28235 -0.108119 -0.953199 
vn 0.28235 0.108119 -0.953199 
vn 0.284015 6.92395e-17 -0.95882 
vn 0.277375 0.21497 -0.936403 
vn 0.28235 0.108119 -0.953199 
vn 0.269148 0.319302 -0.908629 
vn 0.277375 0.21497 -0.936403 
vn 0.257765 0.419889 -0.870201 
vn 0.269148 0.319302 -0.908629 
vn 0.243361 0.515554 -0.821572 
vn 0.257765 0.419889 -0.870201 
vn 0.226103 0.605174 -0.76331 
vn 0.243361 0.515554 -0.821572 
vn 0.206194 0.687699 -0.696099 
vn 0.226103 0.605174 -0.76331 
vn 0.183868 0.762162 -0.620727 
vn 0.206194 0.687699 -0.696099 
vn 0.159386 0.827689 -0.538077 
vn 0.183868 0.762162 -0.620727 
vn 0.133035 0.883512 -0.449119 
vn 0.159386 0.827689 -0.538077 
vn 0.105125 0.928977 -0.354896 
vn 0.133035 0.883512 -0.449119 
vn 0.0759822 0.96355 -0.256511 
vn 0.105125 0.928977 -0.354896 
vn 0.0459486 0.986827 -0.15512 
vn 0.0759822 0.96355 -0.256511 
vn 0.0153763 0.998533 -0.0519095 
vn 0.0459486 0.986827 -0.15512 
vn -0.0153763 0.998533 0.0519095 
vn 0.0153763 0.998533 -0.0519095 
vn -0.0459486 0.986827 0.15512 
vn -0.0153763 0.998533 0.0519095 
vn -0.0759822 0.96355 0.256511 
vn -0.0459486 0.986827 0.15512 
vn -0.105125 0.928977 0.354896 
vn -0.0759822 0.96355 0.256511 
vn -0.133035 0.883512 0.449119 
vn -0.105125 0.928977 0.354896 
vn -0.159386 0.827689 0.538077 
vn -0.133035 0.883512 0.449119 
vn -0.183868 0.762162 0.620727 
vn -0.159386 0.827689 0.538077 
vn -0.206194 0.687699 0.696099 
vn -0.183868 0.762162 0.620727 
vn -0.226103 0.605174 0.76331 
vn -0.206194 0.687699 0.696099 
vn -0.243361 0.515554 0.821572 
vn -0.226103 0.605174 0.76331 
vn -0.257765 0.419889 0.870201 
vn -0.243361 0.515554 0.821572 
vn -0.269148 0.319302 0.908629 
vn -0.257765 0.419889 0.870201 
vn -0.277375 0.21497 0.936403 
vn -0.269148 0.319302 0.908629 
vn -0.28235 0.108119 0.953199 
vn -0.277375 0.21497 0.936403 
vn -0.28235 -0.108119 0.953199 
vn -0.284015 -1.91704e-16 0.95882 
vn -0.277375 -0.21497 0.936403 
vn -0.28235 -0.108119 0.953199 
vn -0.269148 -0.319302 0.908629 
vn -0.277375 -0.21497 0.936403 
vn -0.257765 -0.419889 0.870201 
vn -0.269148 -0.319302 0.908629 
vn -0.243361 -0.515554 0.821572 
vn -0.257765 -0.419889 0.870201 
vn -0.226103 -0.605174 0.76331 
vn -0.243361 -0.515554 0.821572 
vn -0.206194 -0.687699 0.696099 
vn -0.226103 -0.605174 0.76331 
vn -0.183868 -0.762162 0.620727 
vn -0.206194 -0.687699 0.696099 
vn -0.159386 -0.827689 0.538077 
vn -0.183868 -0.762162 0.620727 
vn -0.133035 -0.883512 0.449119 
vn -0.159386 -0.827689 0.538077 
vn -0.105125 -0.928977 0.354896 
vn -0.133035 -0.883512 0.449119 
vn -0.0759822 -0.96355 0.256511 
vn -0.105125 -0.928977 0.354896 
vn -0.0459486 -0.986827 0.15512 
vn -0.0759822 -0.96355 0.256511 
vn -0.0153763 -0.998533 0.0519095 
vn -0.0459486 -0.986827 0.15512 
vn 0.0153763 -0.998533 -0.0519095 
vn -0.0153763 -0.998533 0.0519095 
vn 0.0459486 -0.986827 -0.15512 
vn 0.0153763 -0.998533 -0.0519095 
vn 0.0759822 -0.96355 -0.256511 
vn 0.0459486 -0.986827 -0.15512 
vn 0.105125 -0.928977 -0.354896 
vn 0.0759822 -0.96355 -0.256511 
vn 0.133035 -0.883512 -0.449119 
vn 0.105125 -0.928977 -0.354896 
vn 0.159386 -0.827689 -0.538077 
vn 0.133035 -0.883512 -0.449119 
vn 0.183868 -0.762162 -0.620727 
vn 0.159386 -0.827689 -0.538077 
vn 0.206194 -0.687699 -0.696099 
vn 0.183868 -0.762162 -0.620727 
vn 0.226103 -0.605174 -0.76331 
vn 0.206194 -0.687699 -0.696099 
vn 0.243361 -0.515554 -0.821572 
vn 0.226103 -0.605174 -0.76331 
vn 0.257765 -0.419889 -0.870201 
vn 0.243361 -0.515554 -0.821572 
vn 0.269148 -0.319302 -0.908629 
vn 0.257765 -0.419889 -0.870201 
vn 0.277375 -0.21497 -0.936403 
vn 0.269148 -0.319302 -0.908629 
vn 0.28235 -0.108119 -0.953199 
vn 0.277375 -0.21497 -0.936403 
vn 0.284015 6.92395e-17 -0.95882 
vn 0.28235 -0.108119 -0.953199 
vn 0.28235 0.108119 -0.953199 
vn 0.284015 6.92395e-17 -0.95882 
vn 0.277375 0.21497 -0.936403 
vn 0.28235 0.108119 -0.953199 
vn 0.269148 0.319302 -0.908629 
vn 0.277375 0.21497 -0.936403 
vn 0.257765 0.419889 -0.870201 
vn 0.269148 0.319302 -0.908629 
vn 0.243361 0.515554 -0.821572 
vn 0.257765 0.419889 -0.870201 
vn 0.226103 0.605174 -0.76331 
vn 0.243361 0.515554 -0.821572 
vn 0.206194 0.687699 -0.696099 
vn 0.226103 0.605174 -0.76331 
vn 0.183868 0.762162 -0.620727 
vn 0.206194 0.687699 -0.696099 
vn 0.159386 0.827689 -0.538077 
vn 0.183868 0.762162 -0.620727 
vn 0.133035 0.883512 -0.449119 
vn 0.159386 0.827689 -0.538077 
vn 0.105125 0.928977 -0.354896 
vn 0.133035 0.883512 -0.449119 
vn 0.0759822 0.96355 -0.256511 
vn 0.105125 0.928977 -0.354896 
vn 0.0459486 0.986827 -0.15512 
vn 0.0759822 0.96355 -0.256511 
vn 0.0153763 0.998533 -0.0519095 
vn 0.0459486 0.986827 -0.15512 
vn -0.0153763 0.998533 0.0519095 
vn 0.0153763 0.998533 -0.0519095 
vn -0.0459486 0.986827 0.15512 
vn -0.0153763 0.998533 0.0519095 
vn -0.0759822 0.96355 0.256511 
vn -0.0459486 0.986827 0.15512 
vn -0.105125 0.928977 0.354896 
vn -0.0759822 0.96355 0.256511 
vn -0.133035 0.883512 0.449119 
vn -0.105125 0.928977 0.354896 
vn -0.159386 0.827689 0.538077 
vn -0.133035 0.883512 0.449119 
vn -0.183868 0.762162 0.620727 
vn -0.159386 0.827689 0.538077 
vn -0.206194 0.687699 0.696099 
vn -0.183868 0.762162 0.620727 
vn -0.226103 0.605174 0.76331 
vn -0.206194 0.687699 0.696099 
vn -0.243361 0.515554 0.821572 
vn -0.226103 0.605174 0.76331 
vn -0.257765 0.419889 0.870201 
vn -0.243361 0.515554 0.821572 
vn -0.269148 0.319302 0.908629 
vn -0.257765 0.419889 0.870201 
vn -0.277375 0.21497 0.936403 
vn -0.269148 0.319302 0.908629 
vn -0.28235 0.108119 0.953199 
vn -0.277375 0.21497 0.936403 
vn -0.95882 -1.90638e-16 -0.284015 
vn -0.115519 0.913545 0.389987 
vn -0.0331622 0.986841 0.158255 
vn -0.0436384 0.977102 0.208249 
vn -0.0604244 0.977107 0.203989 
vn -0.0207247 0.986842 0.160351 
vn -0.0272717 0.977104 0.211008 
vn -0.00801686 0.986843 0.161481 
vn -0.0105494 0.977105 0.212495 
vn 0.00481197 0.986842 0.161614 
vn 0.00633217 0.977104 0.21267 
vn 0.0176051 0.986841 0.16073 
vn 0.0231668 0.977102 0.211507 
vn 0.0302037 0.986843 0.158835 
vn 0.0397454 0.977105 0.209013 
vn 0.0424719 0.986841 0.156014 
vn 0.0558893 0.977102 0.205301 
vn 0.0545183 0.986843 0.152215 
vn 0.0717412 0.977104 0.200302 
vn 0.0663609 0.986843 0.147434 
vn 0.0873251 0.977105 0.19401 
vn 0.0778515 0.986842 0.141711 
vn 0.102446 0.977103 0.186479 
vn 0.0888383 0.986841 0.1351 
vn 0.116903 0.977102 0.17778 
vn 0.0990673 0.986843 0.127779 
vn 0.130364 0.977104 0.168146 
vn 0.108701 0.986841 0.119701 
vn 0.143041 0.977102 0.157516 
vn 0.117718 0.986843 0.110833 
vn 0.154906 0.977104 0.145847 
vn 0.126102 0.986843 0.101188 
vn 0.165939 0.977105 0.133154 
vn 0.133739 0.986842 0.0908673 
vn 0.175989 0.977103 0.119573 
vn 0.140519 0.986841 0.0799907 
vn 0.184911 0.977102 0.105261 
vn 0.146365 0.986842 0.0686991 
vn 0.192604 0.977103 0.0904019 
vn 0.151263 0.986842 0.0571256 
vn 0.199048 0.977102 0.0751722 
vn 0.155262 0.986843 0.0451089 
vn 0.204311 0.977105 0.0593594 
vn 0.15834 0.986843 0.0326973 
vn 0.208362 0.977105 0.0430269 
vn 0.160443 0.986842 0.0200334 
vn 0.211129 0.977103 0.0263622 
vn 0.161526 0.986842 0.00727057 
vn 0.212554 0.977102 0.00956748 
vn 0.161675 0.986844 -1.62205e-14 
vn 0.212751 0.977107 -2.12463e-14 
vn 0.305438 0.952212 6.76216e-16 
vn 0.304313 0.952207 0.0263786 
vn 0.303881 0.952189 0.0314927 
vn 0.305148 0.952206 0.0137354 
vn 0.302896 0.952212 0.0393252 
vn 0.297221 0.95222 0.0702552 
vn 0.299106 0.952219 0.0617658 
vn 0.29919 0.952132 0.0626936 
vn 0.29115 0.952126 0.0932059 
vn 0.288389 0.952212 0.100616 
vn 0.293293 0.952217 0.0852119 
vn 0.285748 0.952209 0.107915 
vn 0.280038 0.95211 0.122742 
vn 0.270435 0.952208 0.142004 
vn 0.26592 0.952103 0.150954 
vn 0.276244 0.952207 0.130348 
vn 0.26546 0.952206 0.151113 
vn 0.254392 0.952211 0.169053 
vn 0.24892 0.952112 0.177545 
vn 0.25264 0.952212 0.171653 
vn 0.235528 0.952221 0.19443 
vn 0.229286 0.952114 0.202253 
vn 0.213827 0.952213 0.218103 
vn 0.207046 0.952193 0.224636 
vn 0.222371 0.952217 0.209367 
vn 0.204347 0.952207 0.227032 
vn 0.179916 0.952209 0.246836 
vn 0.187154 0.952209 0.241395 
vn 0.182834 0.952165 0.244854 
vn 0.156627 0.95216 0.262409 
vn 0.15343 0.95221 0.264112 
vn 0.167827 0.952206 0.255222 
vn 0.147065 0.952213 0.267698 
vn 0.128738 0.952164 0.277147 
vn 0.124837 0.95222 0.278733 
vn 0.11281 0.95222 0.283816 
vn 0.0995577 0.952098 0.289131 
vn 0.0830389 0.952208 0.293946 
vn 0.102986 0.952216 0.287538 
vn 0.0692314 0.952087 0.297889 
vn 0.0802337 0.952207 0.294726 
vn 0.0522019 0.952211 0.300948 
vn 0.0381572 0.952084 0.303447 
vn 0.0203132 0.95221 0.304768 
vn 0.0332582 0.952207 0.303639 
vn 0.00726789 0.952215 0.305341 
vn 0.00666511 0.952207 0.305382 
vn 0.00909011 0.952215 0.305295 
vn -0.0241653 0.95222 0.304456 
vn -0.0248485 0.95221 0.304433 
vn -0.0555196 0.952209 0.30036 
vn -0.0561035 0.9522 0.30028 
vn -0.0391494 0.952215 0.302909 
vn -0.0626468 0.952207 0.298961 
vn -0.0867491 0.952212 0.29286 
vn -0.0224317 0.994001 0.107047 
vn -0.0459182 0.986844 0.155017 
vn -0.0200907 0.994 0.107522 
vn -0.0140181 0.994002 0.10846 
vn -0.0203628 0.994001 0.107458 
vn -0.00890137 0.993999 0.109026 
vn -0.0096206 0.994003 0.108933 
vn 0.0011574 0.994002 0.109354 
vn -0.0054225 0.994003 0.109222 
vn 0.00238582 0.994 0.109352 
vn 0.00533005 0.994002 0.109235 
vn 0.0119085 0.994001 0.108722 
vn 0.0136601 0.99399 0.108619 
vn 0.0162903 0.994001 0.108152 
vn 0.0204309 0.994001 0.107442 
vn 0.0247809 0.993991 0.106619 
vn 0.0356298 0.993994 0.103469 
vn 0.0269221 0.994001 0.106008 
vn 0.041391 0.994003 0.10122 
vn 0.0372293 0.994002 0.102827 
vn 0.0368751 0.994002 0.102955 
vn 0.0461286 0.993988 0.0993012 
vn 0.0448848 0.994003 0.0997205 
vn 0.0561247 0.993987 0.0940257 
vn 0.0513641 0.994002 0.0965491 
vn 0.0606807 0.994001 0.0909973 
vn 0.0655148 0.993987 0.0877341 
vn 0.0600931 0.994001 0.0913862 
vn 0.0693496 0.994001 0.0845769 
vn 0.0670128 0.994001 0.0864343 
vn 0.0741737 0.993993 0.0804789 
vn 0.0796217 0.994002 0.0749654 
vn 0.0727402 0.994001 0.0816764 
vn 0.0820696 0.993993 0.0723999 
vn 0.085292 0.994003 0.0684408 
vn 0.0805754 0.994002 0.0739369 
vn 0.0875028 0.994002 0.0655935 
vn 0.0891095 0.993991 0.0635642 
vn 0.0935509 0.994001 0.0566619 
vn 0.0904609 0.994002 0.0614625 
vn 0.0951325 0.993999 0.054006 
vn 0.095785 0.994001 0.0527995 
vn 0.0950521 0.994001 0.0541085 
vn 0.10022 0.993995 0.043922 
vn 0.100609 0.994001 0.0428982 
vn 0.0990067 0.994001 0.0464704 
vn 0.104184 0.993999 0.0333481 
vn 0.104351 0.994002 0.0327188 
vn 0.102316 0.994001 0.0386403 
vn 0.107039 0.994002 0.0224261 
vn 0.105016 0.994002 0.0305107 
vn 0.107887 0.994002 0.0178944 
vn 0.108524 0.994001 0.0135505 
vn 0.107063 0.994003 0.0222791 
vn 0.108912 0.993987 0.0112853 
vn 0.10914 0.994001 0.00714496 
vn 0.109263 0.994001 0.00491804 
vn 0.109366 0.994002 -1.1393e-14 
vn -0.0310615 0.994002 0.104862 
vn -0.115519 -0.913545 0.389987 
vn 0.161156 -0.986841 0.0131502 
vn 0.212067 -0.977102 0.0173046 
vn 0.212751 -0.977107 2.32953e-14 
vn 0.159634 -0.986842 0.0256709 
vn 0.210064 -0.977104 0.0337808 
vn 0.157108 -0.986843 0.0381764 
vn 0.206741 -0.977105 0.0502369 
vn 0.153592 -0.986842 0.0505147 
vn 0.202114 -0.977104 0.0664729 
vn 0.149111 -0.986841 0.06253 
vn 0.196217 -0.977102 0.082284 
vn 0.143716 -0.986843 0.0740716 
vn 0.189118 -0.977105 0.0974717 
vn 0.137527 -0.986841 0.0850334 
vn 0.180973 -0.977102 0.111896 
vn 0.130463 -0.986843 0.0955046 
vn 0.171678 -0.977104 0.125676 
vn 0.122515 -0.986843 0.105502 
vn 0.161219 -0.977105 0.138831 
vn 0.113764 -0.986842 0.114894 
vn 0.149703 -0.977103 0.15119 
vn 0.104305 -0.986841 0.12355 
vn 0.137257 -0.977102 0.162581 
vn 0.0943802 -0.986843 0.131279 
vn 0.124196 -0.977104 0.172751 
vn 0.0838987 -0.986841 0.138222 
vn 0.110403 -0.977102 0.181887 
vn 0.0728357 -0.986843 0.144348 
vn 0.0958453 -0.977104 0.18995 
vn 0.061206 -0.986843 0.149648 
vn 0.0805417 -0.977105 0.196923 
vn 0.0491414 -0.986842 0.154039 
vn 0.0646657 -0.977103 0.202702 
vn 0.036787 -0.986841 0.157451 
vn 0.0484084 -0.977102 0.207192 
vn 0.0243 -0.986842 0.15985 
vn 0.0319766 -0.977103 0.210348 
vn 0.0118122 -0.986842 0.161258 
vn 0.0155438 -0.977102 0.212202 
vn -0.000845476 -0.986843 0.16168 
vn -0.0011125 -0.977105 0.212757 
vn -0.0136202 -0.986843 0.161106 
vn -0.0179229 -0.977105 0.212002 
vn -0.0263599 -0.986842 0.159526 
vn -0.0346871 -0.977103 0.209922 
vn -0.0389048 -0.986842 0.15694 
vn -0.0511952 -0.977102 0.206519 
vn -0.0459182 -0.986844 0.155017 
vn -0.0604244 -0.977107 0.203989 
vn -0.0867491 -0.952212 0.29286 
vn -0.0611373 -0.952207 0.299273 
vn -0.0561112 -0.952189 0.300312 
vn -0.073497 -0.952206 0.296483 
vn -0.0483215 -0.952212 0.301592 
vn -0.0170533 -0.95222 0.304935 
vn -0.0257284 -0.952219 0.304331 
vn -0.0248628 -0.952132 0.304676 
vn 0.00667646 -0.952126 0.305633 
vn 0.014566 -0.952212 0.305089 
vn -0.00159693 -0.952217 0.305417 
vn 0.0223142 -0.952209 0.30463 
vn 0.0381523 -0.95211 0.303367 
vn 0.0593487 -0.952208 0.29963 
vn 0.0692126 -0.952103 0.297842 
vn 0.0465226 -0.952207 0.301889 
vn 0.0694957 -0.952206 0.297447 
vn 0.08984 -0.952211 0.291929 
vn 0.0995368 -0.952112 0.289095 
vn 0.0928307 -0.952212 0.290989 
vn 0.119529 -0.952221 0.281049 
vn 0.128803 -0.952114 0.277287 
vn 0.148391 -0.952213 0.266966 
vn 0.156581 -0.952193 0.26232 
vn 0.137588 -0.952217 0.272677 
vn 0.159645 -0.952207 0.260412 
vn 0.185572 -0.952209 0.242613 
vn 0.1783 -0.952209 0.248007 
vn 0.182843 -0.952165 0.244847 
vn 0.207118 -0.95216 0.224705 
vn 0.209659 -0.95221 0.222124 
vn 0.197046 -0.952206 0.233403 
vn 0.214906 -0.952213 0.21704 
vn 0.22917 -0.952164 0.20215 
vn 0.231799 -0.95222 0.19886 
vn 0.240089 -0.95222 0.188772 
vn 0.248949 -0.952098 0.177576 
vn 0.258257 -0.952208 0.163104 
vn 0.246448 -0.952216 0.180411 
vn 0.265959 -0.952087 0.150985 
vn 0.259802 -0.952207 0.160636 
vn 0.273729 -0.952211 0.135526 
vn 0.280114 -0.952084 0.12277 
vn 0.286448 -0.95221 0.106036 
vn 0.281689 -0.952207 0.118127 
vn 0.290703 -0.952215 0.0936902 
vn 0.290913 -0.952207 0.0931238 
vn 0.290141 -0.952215 0.0954242 
vn 0.298782 -0.95222 0.0633 
vn 0.298954 -0.95221 0.0626384 
vn 0.303759 -0.952209 0.0320735 
vn 0.303849 -0.9522 0.031491 
vn 0.301555 -0.952215 0.0484937 
vn 0.304442 -0.952207 0.0248425 
vn 0.305438 -0.952212 7.81933e-16 
vn 0.10901 -0.994001 0.00889502 
vn 0.161675 -0.986844 1.81746e-14 
vn 0.108801 -0.994 0.0112746 
vn 0.107975 -0.994002 0.0173634 
vn 0.108816 -0.994001 0.0109954 
vn 0.107065 -0.993999 0.0224304 
vn 0.107179 -0.994003 0.0217141 
vn 0.104522 -0.994002 0.0321678 
vn 0.106264 -0.994003 0.0258215 
vn 0.104171 -0.994 0.0333451 
vn 0.103223 -0.994002 0.0361351 
vn 0.100863 -0.994001 0.0422969 
vn 0.100266 -0.99399 0.0439469 
vn 0.0990715 -0.994001 0.0463363 
vn 0.0972149 -0.994001 0.0501048 
vn 0.09519 -0.993991 0.0540417 
vn 0.0890889 -0.993994 0.0635494 
vn 0.0939962 -0.994001 0.0559213 
vn 0.0852958 -0.994003 0.0684344 
vn 0.0880191 -0.994002 0.0649007 
vn 0.0882425 -0.994002 0.0645974 
vn 0.0821107 -0.993988 0.0724321 
vn 0.082866 -0.994003 0.0713586 
vn 0.0742134 -0.993987 0.0805182 
vn 0.077985 -0.994002 0.0766703 
vn 0.0700157 -0.994001 0.0840265 
vn 0.065514 -0.993987 0.0877347 
vn 0.0705556 -0.994001 0.0835735 
vn 0.0613977 -0.994001 0.0905149 
vn 0.0638423 -0.994001 0.0888019 
vn 0.0560983 -0.993993 0.0939764 
vn 0.0492645 -0.994002 0.0976342 
vn 0.0576537 -0.994001 0.0929421 
vn 0.0461094 -0.993993 0.0992526 
vn 0.0413982 -0.994003 0.101218 
vn 0.0480075 -0.994002 0.0982565 
vn 0.0380402 -0.994002 0.102529 
vn 0.0356382 -0.993991 0.103493 
vn 0.0277586 -0.994001 0.105791 
vn 0.0332391 -0.994002 0.104192 
vn 0.0247629 -0.993999 0.106553 
vn 0.0234208 -0.994001 0.106836 
vn 0.024884 -0.994001 0.106505 
vn 0.0136491 -0.993995 0.108568 
vn 0.012557 -0.994001 0.10865 
vn 0.0164373 -0.994001 0.108128 
vn 0.00238494 -0.993999 0.109365 
vn 0.00173405 -0.994002 0.109347 
vn 0.00798985 -0.994001 0.109077 
vn -0.0088982 -0.994002 0.109001 
vn -0.000571932 -0.994002 0.109357 
vn -0.013484 -0.994002 0.108526 
vn -0.01783 -0.994001 0.107904 
vn -0.00904584 -0.994003 0.108982 
vn -0.0201121 -0.993987 0.107632 
vn -0.0241467 -0.994001 0.106675 
vn -0.0263168 -0.994001 0.10616 
vn -0.0310615 -0.994002 0.104862 
vn 0.109366 -0.994002 1.19151e-14 
vn 0.95882 1.5766e-17 0.284015 
vn 0.982515 1.03351e-17 0.186181 
vn 0.978747 1.13837e-17 0.20507 
vn 0.970622 1.33564e-17 0.240608 
vn 0.982988 1.01958e-17 0.183671 
vn 0.975326 1.22553e-17 0.220771 
vn 0.982986 1.01962e-17 0.183679 
vn 0.996123 4.88346e-18 0.0879726 
vn 0.991752 7.11474e-18 0.128168 
vn 0.996684 4.51703e-18 0.0813716 
vn 0.986623 9.04924e-18 0.163017 
vn 0.99237 6.84433e-18 0.123296 
vn 0.996573 4.59172e-18 0.0827171 
vn 0.996685 4.51649e-18 0.0813618 
vn 0.999944 -5.8756e-19 -0.0105845 
vn 0.998769 2.75315e-18 0.0495963 
vn 0.999986 2.88978e-19 0.00520576 
vn 0.999762 -1.2109e-18 -0.0218137 
vn 0.999874 -8.80259e-19 -0.0158573 
vn 0.997327 -4.05585e-18 -0.0730636 
vn 0.992184 -6.92668e-18 -0.12478 
vn 0.994053 -6.04477e-18 -0.108893 
vn 0.999762 -1.2103e-18 -0.0218028 
vn 0.998812 -2.70544e-18 -0.0487369 
vn 0.993388 -6.37319e-18 -0.114809 
vn 0.99219 -6.92434e-18 -0.124738 
vn 0.982399 -1.03693e-17 -0.186797 
vn 0.988846 -8.26806e-18 -0.148944 
vn 0.988644 -8.34189e-18 -0.150274 
vn 0.974037 -1.25672e-17 -0.226391 
vn 0.976804 -1.18869e-17 -0.214136 
vn 0.945511 -1.80738e-17 -0.325589 
vn 0.967257 -1.40887e-17 -0.253799 
vn 0.952694 -1.68715e-17 -0.30393 
vn 0.973775 -1.26295e-17 -0.227512 
vn 0.969232 -1.3664e-17 -0.246149 
vn 0.974042 -1.25659e-17 -0.226367 
vn 0.945511 -1.80739e-17 -0.32559 
vn 0.925602 -2.10109e-17 -0.378499 
vn 0.94027 -1.88977e-17 -0.340431 
vn 0.941434 -1.87182e-17 -0.337197 
vn 0.937551 -1.93095e-17 -0.347849 
vn 0.906923 -2.33866e-17 -0.421295 
vn 0.911893 -2.27834e-17 -0.410429 
vn 0.925583 -2.10134e-17 -0.378545 
vn 0.906912 -2.3388e-17 -0.421321 
vn 0.898489 -2.43692e-17 -0.438996 
vn 0.858662 -2.84518e-17 -0.512542 
vn 0.882841 -2.6072e-17 -0.469671 
vn 0.892794 -2.50058e-17 -0.450465 
vn 0.85865 -2.8453e-17 -0.512563 
vn 0.801251 -3.32139e-17 -0.598328 
vn 0.827574 -3.11615e-17 -0.561356 
vn 0.811959 -3.24027e-17 -0.583714 
vn 0.831983 -3.07976e-17 -0.554801 
vn 0.835534 -3.05e-17 -0.549439 
vn 0.849782 -2.92619e-17 -0.527135 
vn 0.801257 -3.32135e-17 -0.598321 
vn 0.746778 -3.6919e-17 -0.665073 
vn 0.773283 -3.51974e-17 -0.634061 
vn 0.790286 -3.40138e-17 -0.612739 
vn 0.76825 -3.55355e-17 -0.64015 
vn 0.735325 -3.76207e-17 -0.677715 
vn 0.764118 -3.5809e-17 -0.645077 
vn 0.735309 -3.76217e-17 -0.677732 
vn 0.676103 -4.0901e-17 -0.736807 
vn 0.685482 -4.04171e-17 -0.72809 
vn 0.70107 -3.95846e-17 -0.713092 
vn 0.661548 -4.1628e-17 -0.749903 
vn 0.661527 -4.1629e-17 -0.749922 
vn 0.580721 -4.51918e-17 -0.814102 
vn 0.593463 -4.46788e-17 -0.804861 
vn 0.590693 -4.47917e-17 -0.806896 
vn 0.599803 -4.44171e-17 -0.800148 
vn 0.625836 -4.32962e-17 -0.779955 
vn 0.652519 -4.20648e-17 -0.757773 
vn 0.625797 -4.32979e-17 -0.779986 
vn 0.580721 -4.51918e-17 -0.814103 
vn 0.518063 -4.7481e-17 -0.855342 
vn 0.561994 -4.59156e-17 -0.827141 
vn 0.51129 -4.77068e-17 -0.859408 
vn 0.493688 -4.82747e-17 -0.869639 
vn 0.49471 -4.82424e-17 -0.869058 
vn 0.493709 -4.8274e-17 -0.869627 
vn 0.424876 -5.02516e-17 -0.905252 
vn 0.482745 -4.86145e-17 -0.875761 
vn 0.458121 -4.93433e-17 -0.88889 
vn 0.401398 -5.08429e-17 -0.915904 
vn 0.423658 -5.02832e-17 -0.905822 
vn 0.401437 -5.08419e-17 -0.915887 
vn 0.353311 -5.1931e-17 -0.935506 
vn 0.392219 -5.10632e-17 -0.919872 
vn 0.386735 -5.11919e-17 -0.922191 
vn 0.304853 -5.28688e-17 -0.952399 
vn 0.330408 -5.23935e-17 -0.943838 
vn 0.304863 -5.28686e-17 -0.952396 
vn 0.27902 -5.33065e-17 -0.960285 
vn 0.299184 -5.29685e-17 -0.954195 
vn 0.294148 -5.30553e-17 -0.95576 
vn 0.205062 -5.43315e-17 -0.978749 
vn 0.236112 -5.39416e-17 -0.971726 
vn 0.205053 -5.43316e-17 -0.978751 
vn 0.163629 -5.4763e-17 -0.986522 
vn 0.203731 -5.43469e-17 -0.979027 
vn 0.198564 -5.44058e-17 -0.980088 
vn 0.103069 -5.52155e-17 -0.994674 
vn 0.123913 -5.50833e-17 -0.992293 
vn 0.158783 -5.48069e-17 -0.987313 
vn 0.103076 -5.52155e-17 -0.994673 
vn 0.0449723 -5.5455e-17 -0.998988 
vn 0.0653275 -5.53926e-17 -0.997864 
vn -8.89149e-14 -5.55112e-17 -1 
vn 0.100535 -5.52299e-17 -0.994933 
vn 0.0813541 -5.53271e-17 -0.996685 
vn 9.12862e-14 -5.55112e-17 -1 
vn 0.95882 1.5766e-17 0.284015 
vn -0.95882 -1.5766e-17 -0.284015 
vn -0.979765 -1.11108e-17 -0.200154 
vn -0.970621 -1.33567e-17 -0.240613 
vn -0.978748 -1.13836e-17 -0.205069 
vn -0.982989 -1.01955e-17 -0.183666 
vn -0.98299 -1.01952e-17 -0.183661 
vn -0.996447 -4.67506e-18 -0.0842185 
vn -0.987406 -8.78217e-18 -0.158206 
vn -0.983342 -1.00901e-17 -0.181766 
vn -0.991751 -7.11526e-18 -0.128177 
vn -0.996687 -4.51494e-18 -0.0813339 
vn -0.996685 -4.51601e-18 -0.0813532 
vn -0.999986 -2.904e-19 -0.00523139 
vn -0.99844 -3.09967e-18 -0.0558387 
vn -0.999761 1.21237e-18 0.0218401 
vn -0.996865 -4.39232e-18 -0.079125 
vn -0.999762 1.21124e-18 0.0218197 
vn -0.992184 6.92677e-18 0.124782 
vn -0.997786 3.69167e-18 0.0665031 
vn -0.994056 6.04337e-18 0.108868 
vn -0.99733 4.05383e-18 0.0730272 
vn -0.999717 1.32088e-18 0.0237949 
vn -0.999557 1.65197e-18 0.0297592 
vn -0.998862 2.64723e-18 0.0476882 
vn -0.992186 6.92578e-18 0.124764 
vn -0.980942 1.07857e-17 0.194298 
vn -0.988333 8.45473e-18 0.152307 
vn -0.985287 9.4872e-18 0.170906 
vn -0.974047 1.25648e-17 0.226348 
vn -0.97404 1.25663e-17 0.226374 
vn -0.955765 1.63276e-17 0.294132 
vn -0.973779 1.26285e-17 0.227494 
vn -0.945525 1.80716e-17 0.325548 
vn -0.96488 1.45822e-17 0.26269 
vn -0.962337 1.50911e-17 0.271858 
vn -0.952701 1.68703e-17 0.303909 
vn -0.945517 1.8073e-17 0.325574 
vn -0.906931 2.33857e-17 0.421279 
vn -0.94143 1.87189e-17 0.337209 
vn -0.929284 2.0504e-17 0.369367 
vn -0.920233 2.17255e-17 0.391372 
vn -0.912647 2.26901e-17 0.408749 
vn -0.906931 2.33856e-17 0.421278 
vn -0.87405 2.69693e-17 0.485835 
vn -0.892777 2.50077e-17 0.450498 
vn -0.876436 2.67296e-17 0.481518 
vn -0.858661 2.84519e-17 0.512544 
vn -0.864682 2.78843e-17 0.502319 
vn -0.858673 2.84508e-17 0.512524 
vn -0.811933 3.24047e-17 0.583751 
vn -0.852546 2.9013e-17 0.522652 
vn -0.835538 3.04996e-17 0.549433 
vn -0.801242 3.32146e-17 0.598341 
vn -0.808114 3.26975e-17 0.589026 
vn -0.801266 3.32128e-17 0.598308 
vn -0.764112 3.58093e-17 0.645083 
vn -0.794287 3.37254e-17 0.607543 
vn -0.790313 3.40118e-17 0.612703 
vn -0.735295 3.76225e-17 0.677747 
vn -0.743265 3.71368e-17 0.668997 
vn -0.661512 4.16297e-17 0.749934 
vn -0.714072 3.88618e-17 0.700072 
vn -0.685509 4.04157e-17 0.728064 
vn -0.73531 3.76216e-17 0.677731 
vn -0.71061 3.90569e-17 0.703586 
vn -0.727217 3.81033e-17 0.686408 
vn -0.661513 4.16297e-17 0.749934 
vn -0.618087 4.36378e-17 0.78611 
vn -0.651122 4.21315e-17 0.758973 
vn -0.580708 4.51923e-17 0.814112 
vn -0.590703 4.47913e-17 0.806889 
vn -0.636615 4.28092e-17 0.771181 
vn -0.580686 4.51932e-17 0.814128 
vn -0.493694 4.82745e-17 0.869636 
vn -0.561976 4.59163e-17 0.827154 
vn -0.553472 4.62335e-17 0.832868 
vn -0.494694 4.82429e-17 0.869067 
vn -0.525913 4.72144e-17 0.850539 
vn -0.533981 4.69345e-17 0.845496 
vn -0.493671 4.82752e-17 0.869649 
vn -0.4649 4.91475e-17 0.885363 
vn -0.401422 5.08423e-17 0.915893 
vn -0.443705 4.97476e-17 0.896173 
vn -0.426737 5.0203e-17 0.904376 
vn -0.401439 5.08419e-17 0.915886 
vn -0.312423 5.27324e-17 0.949943 
vn -0.347151 5.20589e-17 0.937809 
vn -0.30675 5.2835e-17 0.95179 
vn -0.386712 5.11924e-17 0.922201 
vn -0.353277 5.19317e-17 0.935519 
vn -0.304869 5.28685e-17 0.952394 
vn -0.329417 5.24128e-17 0.944185 
vn -0.304888 5.28682e-17 0.952388 
vn -0.278995 5.33069e-17 0.960292 
vn -0.205071 5.43314e-17 0.978747 
vn -0.207258 5.43058e-17 0.978286 
vn -0.230033 5.40225e-17 0.973183 
vn -0.20509 5.43312e-17 0.978743 
vn -0.105003 5.52043e-17 0.994472 
vn -0.158774 5.4807e-17 0.987315 
vn -0.103087 5.52154e-17 0.994672 
vn -0.202256 5.43639e-17 0.979333 
vn -0.128748 5.50492e-17 0.991677 
vn -0.103081 5.52154e-17 0.994673 
vn -9.34486e-14 5.55112e-17 1 
vn -0.0813552 5.53271e-17 0.996685 
vn -0.0863569 5.53038e-17 0.996264 
vn -0.0449672 5.5455e-17 0.998988 
vn 8.86746e-14 5.55112e-17 1 
vn -0.95882 -1.5766e-17 -0.284015 
vn 0 1 -5.55112e-17 
vn 0 -1 5.55112e-17 
vn -1 -1.32504e-31 -2.38698e-15 
vn -0.994522 -0.104528 -2.3681e-15 
vn -0.978148 -0.207912 -2.32328e-15 
vn -0.951057 -0.309017 -2.253e-15 
vn -0.913545 -0.406737 -2.15804e-15 
vn -0.866025 -0.5 -2.03943e-15 
vn -0.809017 -0.587785 -1.89848e-15 
vn -0.743145 -0.669131 -1.73673e-15 
vn -0.669131 -0.743145 -1.55595e-15 
vn -0.587785 -0.809017 -1.35812e-15 
vn -0.5 -0.866025 -1.14542e-15 
vn -0.406737 -0.913545 -9.2016e-16 
vn -0.309017 -0.951057 -6.84823e-16 
vn -0.207912 -0.978148 -4.41983e-16 
vn -0.104528 -0.994522 -1.943e-16 
vn -6.12323e-17 -1 5.55112e-17 
vn -1 -1.83697e-16 -2.38698e-15 
vn 1.83697e-16 1 -5.55112e-17 
vn -0.104528 0.994522 -3.04714e-16 
vn -0.207912 0.978148 -5.50579e-16 
vn -0.309017 0.951057 -7.90411e-16 
vn -0.406737 0.913545 -1.02158e-15 
vn -0.5 0.866025 -1.24156e-15 
vn -0.587785 0.809017 -1.44794e-15 
vn -0.669131 0.743145 -1.63845e-15 
vn -0.743145 0.669131 -1.81102e-15 
vn -0.809017 0.587785 -1.96374e-15 
vn -0.866025 0.5 -2.09494e-15 
vn -0.913545 0.406737 -2.20319e-15 
vn -0.951057 0.309017 -2.28731e-15 
vn -0.978148 0.207912 -2.34636e-15 
vn -0.994522 0.104528 -2.37971e-15 
vn -1 2.44929e-16 -2.38698e-15 
vn 2.38698e-15 -5.55112e-17 -1 
vn 0.994138 -0.108119 2.37899e-15 
vn 1 -2.44929e-16 2.38698e-15 
vn 0.976621 -0.21497 2.34311e-15 
vn 0.994138 -0.108119 2.37899e-15 
vn 0.947653 -0.319302 2.27975e-15 
vn 0.976621 -0.21497 2.34311e-15 
vn 0.907575 -0.419889 2.18967e-15 
vn 0.947653 -0.319302 2.27975e-15 
vn 0.856857 -0.515554 2.07392e-15 
vn 0.907575 -0.419889 2.18967e-15 
vn 0.796093 -0.605174 1.93385e-15 
vn 0.856857 -0.515554 2.07392e-15 
vn 0.725995 -0.687699 1.77111e-15 
vn 0.796093 -0.605174 1.93385e-15 
vn 0.647386 -0.762162 1.58761e-15 
vn 0.725995 -0.687699 1.77111e-15 
vn 0.561187 -0.827689 1.38549e-15 
vn 0.647386 -0.762162 1.58761e-15 
vn 0.468408 -0.883512 1.16713e-15 
vn 0.561187 -0.827689 1.38549e-15 
vn 0.370138 -0.928977 9.35081e-16 
vn 0.468408 -0.883512 1.16713e-15 
vn 0.267528 -0.96355 6.92072e-16 
vn 0.370138 -0.928977 9.35081e-16 
vn 0.161782 -0.986827 4.4095e-16 
vn 0.267528 -0.96355 6.92072e-16 
vn 0.0541389 -0.998533 1.84658e-16 
vn 0.161782 -0.986827 4.4095e-16 
vn -0.0541389 -0.998533 -7.37987e-17 
vn 0.0541389 -0.998533 1.84658e-16 
vn -0.161782 -0.986827 -3.3139e-16 
vn -0.0541389 -0.998533 -7.37987e-17 
vn -0.267528 -0.96355 -5.85097e-16 
vn -0.161782 -0.986827 -3.3139e-16 
vn -0.370138 -0.928977 -8.31944e-16 
vn -0.267528 -0.96355 -5.85097e-16 
vn -0.468408 -0.883512 -1.06904e-15 
vn -0.370138 -0.928977 -8.31944e-16 
vn -0.561187 -0.827689 -1.2936e-15 
vn -0.468408 -0.883512 -1.06904e-15 
vn -0.647386 -0.762162 -1.50299e-15 
vn -0.561187 -0.827689 -1.2936e-15 
vn -0.725995 -0.687699 -1.69476e-15 
vn -0.647386 -0.762162 -1.50299e-15 
vn -0.796093 -0.605174 -1.86666e-15 
vn -0.725995 -0.687699 -1.69476e-15 
vn -0.856857 -0.515554 -2.01668e-15 
vn -0.796093 -0.605174 -1.86666e-15 
vn -0.907575 -0.419889 -2.14306e-15 
vn -0.856857 -0.515554 -2.01668e-15 
vn -0.947653 -0.319302 -2.2443e-15 
vn -0.907575 -0.419889 -2.14306e-15 
vn -0.976621 -0.21497 -2.31924e-15 
vn -0.947653 -0.319302 -2.2443e-15 
vn -0.994138 -0.108119 -2.36699e-15 
vn -0.976621 -0.21497 -2.31924e-15 
vn -1 1.22465e-16 -2.38698e-15 
vn -0.994138 -0.108119 -2.36699e-15 
vn -0.994138 0.108119 -2.37899e-15 
vn -1 1.22465e-16 -2.38698e-15 
vn -0.976621 0.21497 -2.34311e-15 
vn -0.994138 0.108119 -2.37899e-15 
vn -0.947653 0.319302 -2.27975e-15 
vn -0.976621 0.21497 -2.34311e-15 
vn -0.907575 0.419889 -2.18967e-15 
vn -0.947653 0.319302 -2.27975e-15 
vn -0.856857 0.515554 -2.07392e-15 
vn -0.907575 0.419889 -2.18967e-15 
vn -0.796093 0.605174 -1.93385e-15 
vn -0.856857 0.515554 -2.07392e-15 
vn -0.725995 0.687699 -1.77111e-15 
vn -0.796093 0.605174 -1.93385e-15 
vn -0.647386 0.762162 -1.58761e-15 
vn -0.725995 0.687699 -1.77111e-15 
vn -0.561187 0.827689 -1.38549e-15 
vn -0.647386 0.762162 -1.58761e-15 
vn -0.468408 0.883512 -1.16713e-15 
vn -0.561187 0.827689 -1.38549e-15 
vn -0.370138 0.928977 -9.35081e-16 
vn -0.468408 0.883512 -1.16713e-15 
vn -0.267528 0.96355 -6.92072e-16 
vn -0.370138 0.928977 -9.35081e-16 
vn -0.161782 0.986827 -4.4095e-16 
vn -0.267528 0.96355 -6.92072e-16 
vn -0.0541389 0.998533 -1.84658e-16 
vn -0.161782 0.986827 -4.4095e-16 
vn 0.0541389 0.998533 7.37987e-17 
vn -0.0541389 0.998533 -1.84658e-16 
vn 0.161782 0.986827 3.3139e-16 
vn 0.0541389 0.998533 7.37987e-17 
vn 0.267528 0.96355 5.85097e-16 
vn 0.161782 0.986827 3.3139e-16 
vn 0.370138 0.928977 8.31944e-16 
vn 0.267528 0.96355 5.85097e-16 
vn 0.468408 0.883512 1.06904e-15 
vn 0.370138 0.928977 8.31944e-16 
vn 0.561187 0.827689 1.2936e-15 
vn 0.468408 0.883512 1.06904e-15 
vn 0.647386 0.762162 1.50299e-15 
vn 0.561187 0.827689 1.2936e-15 
vn 0.725995 0.687699 1.69476e-15 
vn 0.647386 0.762162 1.50299e-15 
vn 0.796093 0.605174 1.86666e-15 
vn 0.725995 0.687699 1.69476e-15 
vn 0.856857 0.515554 2.01668e-15 
vn 0.796093 0.605174 1.86666e-15 
vn 0.907575 0.419889 2.14306e-15 
vn 0.856857 0.515554 2.01668e-15 
vn 0.947653 0.319302 2.2443e-15 
vn 0.907575 0.419889 2.14306e-15 
vn 0.976621 0.21497 2.31924e-15 
vn 0.947653 0.319302 2.2443e-15 
vn 0.994138 0.108119 2.36699e-15 
vn 0.976621 0.21497 2.31924e-15 
vn 0.994138 -0.108119 2.37899e-15 
vn 1 -2.44929e-16 2.38698e-15 
vn 0.976621 -0.21497 2.34311e-15 
vn 0.994138 -0.108119 2.37899e-15 
vn 0.947653 -0.319302 2.27975e-15 
vn 0.976621 -0.21497 2.34311e-15 
vn 0.907575 -0.419889 2.18967e-15 
vn 0.947653 -0.319302 2.27975e-15 
vn 0.856857 -0.515554 2.07392e-15 
vn 0.907575 -0.419889 2.18967e-15 
vn 0.796093 -0.605174 1.93385e-15 
vn 0.856857 -0.515554 2.07392e-15 
vn 0.725995 -0.687699 1.77111e-15 
vn 0.796093 -0.605174 1.93385e-15 
vn 0.647386 -0.762162 1.58761e-15 
vn 0.725995 -0.687699 1.77111e-15 
vn 0.561187 -0.827689 1.38549e-15 
vn 0.647386 -0.762162 1.58761e-15 
vn 0.468408 -0.883512 1.16713e-15 
vn 0.561187 -0.827689 1.38549e-15 
vn 0.370138 -0.928977 9.35081e-16 
vn 0.468408 -0.883512 1.16713e-15 
vn 0.267528 -0.96355 6.92072e-16 
vn 0.370138 -0.928977 9.35081e-16 
vn 0.161782 -0.986827 4.4095e-16 
vn 0.267528 -0.96355 6.92072e-16 
vn 0.0541389 -0.998533 1.84658e-16 
vn 0.161782 -0.986827 4.4095e-16 
vn -0.0541389 -0.998533 -7.37987e-17 
vn 0.0541389 -0.998533 1.84658e-16 
vn -0.161782 -0.986827 -3.3139e-16 
vn -0.0541389 -0.998533 -7.37987e-17 
vn -0.267528 -0.96355 -5.85097e-16 
vn -0.161782 -0.986827 -3.3139e-16 
vn -0.370138 -0.928977 -8.31944e-16 
vn -0.267528 -0.96355 -5.85097e-16 
vn -0.468408 -0.883512 -1.06904e-15 
vn -0.370138 -0.928977 -8.31944e-16 
vn -0.561187 -0.827689 -1.2936e-15 
vn -0.468408 -0.883512 -1.06904e-15 
vn -0.647386 -0.762162 -1.50299e-15 
vn -0.561187 -0.827689 -1.2936e-15 
vn -0.725995 -0.687699 -1.69476e-15 
vn -0.647386 -0.762162 -1.50299e-15 
vn -0.796093 -0.605174 -1.86666e-15 
vn -0.725995 -0.687699 -1.69476e-15 
vn -0.856857 -0.515554 -2.01668e-15 
vn -0.796093 -0.605174 -1.86666e-15 
vn -0.907575 -0.419889 -2.14306e-15 
vn -0.856857 -0.515554 -2.01668e-15 
vn -0.947653 -0.319302 -2.2443e-15 
vn -0.907575 -0.419889 -2.14306e-15 
vn -0.976621 -0.21497 -2.31924e-15 
vn -0.947653 -0.319302 -2.2443e-15 
vn -0.994138 -0.108119 -2.36699e-15 
vn -0.976621 -0.21497 -2.31924e-15 
vn -1 1.22465e-16 -2.38698e-15 
vn -0.994138 -0.108119 -2.36699e-15 
vn -0.994138 0.108119 -2.37899e-15 
vn -1 1.22465e-16 -2.38698e-15 
vn -0.976621 0.21497 -2.34311e-15 
vn -0.994138 0.108119 -2.37899e-15 
vn -0.947653 0.319302 -2.27975e-15 
vn -0.976621 0.21497 -2.34311e-15 
vn -0.907575 0.419889 -2.18967e-15 
vn -0.947653 0.319302 -2.27975e-15 
vn -0.856857 0.515554 -2.07392e-15 
vn -0.907575 0.419889 -2.18967e-15 
vn -0.796093 0.605174 -1.93385e-15 
vn -0.856857 0.515554 -2.07392e-15 
vn -0.725995 0.687699 -1.77111e-15 
vn -0.796093 0.605174 -1.93385e-15 
vn -0.647386 0.762162 -1.58761e-15 
vn -0.725995 0.687699 -1.77111e-15 
vn -0.561187 0.827689 -1.38549e-15 
vn -0.647386 0.762162 -1.58761e-15 
vn -0.468408 0.883512 -1.16713e-15 
vn -0.561187 0.827689 -1.38549e-15 
vn -0.370138 0.928977 -9.35081e-16 
vn -0.468408 0.883512 -1.16713e-15 
vn -0.267528 0.96355 -6.92072e-16 
vn -0.370138 0.928977 -9.35081e-16 
vn -0.161782 0.986827 -4.4095e-16 
vn -0.267528 0.96355 -6.92072e-16 
vn -0.0541389 0.998533 -1.84658e-16 
vn -0.161782 0.986827 -4.4095e-16 
vn 0.0541389 0.998533 7.37987e-17 
vn -0.0541389 0.998533 -1.84658e-16 
vn 0.161782 0.986827 3.3139e-16 
vn 0.0541389 0.998533 7.37987e-17 
vn 0.267528 0.96355 5.85097e-16 
vn 0.161782 0.986827 3.3139e-16 
vn 0.370138 0.928977 8.31944e-16 
vn 0.267528 0.96355 5.85097e-16 
vn 0.468408 0.883512 1.06904e-15 
vn 0.370138 0.928977 8.31944e-16 
vn 0.561187 0.827689 1.2936e-15 
vn 0.468408 0.883512 1.06904e-15 
vn 0.647386 0.762162 1.50299e-15 
vn 0.561187 0.827689 1.2936e-15 
vn 0.725995 0.687699 1.69476e-15 
vn 0.647386 0.762162 1.50299e-15 
vn 0.796093 0.605174 1.86666e-15 
vn 0.725995 0.687699 1.69476e-15 
vn 0.856857 0.515554 2.01668e-15 
vn 0.796093 0.605174 1.86666e-15 
vn 0.907575 0.419889 2.14306e-15 
vn 0.856857 0.515554 2.01668e-15 
vn 0.947653 0.319302 2.2443e-15 
vn 0.907575 0.419889 2.14306e-15 
vn 0.976621 0.21497 2.31924e-15 
vn 0.947653 0.319302 2.2443e-15 
vn 0.994138 0.108119 2.36699e-15 
vn 0.976621 0.21497 2.31924e-15 
vn -2.38698e-15 5.55112e-17 1 
vn 1 -1.215e-13 2.38698e-15 
vn -0.419029 -0.907973 -9.49812e-16 
vn -0.514819 -0.857299 -1.18127e-15 
vn -0.604564 -0.796557 -1.39886e-15 
vn -0.687208 -0.726461 -1.60003e-15 
vn -0.761782 -0.647833 -1.7824e-15 
vn -0.827411 -0.561598 -1.94384e-15 
vn -0.883322 -0.468767 -2.08245e-15 
vn -0.92886 -0.370431 -2.19661e-15 
vn -0.96349 -0.267746 -2.28497e-15 
vn -0.986805 -0.161916 -2.34649e-15 
vn -0.998531 -0.0541839 -2.38047e-15 
vn -0.998531 0.0541839 -2.38648e-15 
vn -0.986805 0.161916 -2.36447e-15 
vn -0.96349 0.267746 -2.31469e-15 
vn -0.92886 0.370431 -2.23773e-15 
vn -0.883322 0.468767 -2.13449e-15 
vn -0.827411 0.561598 -2.00619e-15 
vn -0.761782 0.647833 -1.85432e-15 
vn -0.687208 0.726461 -1.68068e-15 
vn -0.604564 0.796557 -1.4873e-15 
vn -0.514819 0.857299 -1.27645e-15 
vn -0.419029 0.907973 -1.05062e-15 
vn 0.907973 0.419029 2.14405e-15 
vn 0.419029 -0.907973 1.05062e-15 
vn 0.419029 0.907973 9.49812e-16 
vn 0.907973 -0.419029 2.19057e-15 
vn -1 -1.61535e-14 -2.38698e-15 
vn -2.18548e-15 -1 5.55112e-17 
vn -0.994129 0.108198 -2.37897e-15 
vn -1 1.22465e-16 -2.38698e-15 
vn -0.976586 0.215127 -2.34303e-15 
vn -0.994129 0.108198 -2.37897e-15 
vn -0.947577 0.319529 -2.27958e-15 
vn -0.976586 0.215127 -2.34303e-15 
vn -0.907441 0.420179 -2.18937e-15 
vn -0.947577 0.319529 -2.27958e-15 
vn -0.856651 0.515896 -2.07345e-15 
vn -0.907441 0.420179 -2.18937e-15 
vn -0.795803 0.605556 -1.93318e-15 
vn -0.856651 0.515896 -2.07345e-15 
vn -0.725611 0.688106 -1.77022e-15 
vn -0.795803 0.605556 -1.93318e-15 
vn -0.646899 0.762576 -1.58647e-15 
vn -0.725611 0.688106 -1.77022e-15 
vn -0.560592 0.828092 -1.38409e-15 
vn -0.646899 0.762576 -1.58647e-15 
vn -0.467702 0.883886 -1.16546e-15 
vn -0.560592 0.828092 -1.38409e-15 
vn -0.369321 0.929302 -9.33149e-16 
vn -0.467702 0.883886 -1.16546e-15 
vn -0.266604 0.963806 -6.89881e-16 
vn -0.369321 0.929302 -9.33149e-16 
vn -0.160757 0.986994 -4.38512e-16 
vn -0.266604 0.963806 -6.89881e-16 
vn -0.0530216 0.998593 -1.81995e-16 
vn -0.160757 0.986994 -4.38512e-16 
vn 0.0553359 0.998468 7.66596e-17 
vn -0.0530216 0.998593 -1.81995e-16 
vn 0.163044 0.986619 3.34414e-16 
vn 0.0553359 0.998468 7.66596e-17 
vn 0.268837 0.963186 5.88241e-16 
vn 0.163044 0.986619 3.34414e-16 
vn 0.371474 0.928443 8.35162e-16 
vn 0.268837 0.963186 5.88241e-16 
vn 0.469749 0.8828 1.07228e-15 
vn 0.371474 0.928443 8.35162e-16 
vn 0.562509 0.826791 1.2968e-15 
vn 0.469749 0.8828 1.07228e-15 
vn 0.648665 0.761074 1.5061e-15 
vn 0.562509 0.826791 1.2968e-15 
vn 0.727204 0.686422 1.69772e-15 
vn 0.648665 0.761074 1.5061e-15 
vn 0.797204 0.60371 1.8694e-15 
vn 0.727204 0.686422 1.69772e-15 
vn 0.857844 0.513909 2.01913e-15 
vn 0.797204 0.60371 1.8694e-15 
vn 0.908413 0.418075 2.14515e-15 
vn 0.857844 0.513909 2.01913e-15 
vn 0.948315 0.317332 2.24599e-15 
vn 0.908413 0.418075 2.14515e-15 
vn -0.940363 0.340171 -2.26351e-15 
vn -0.971429 0.237332 -2.33195e-15 
vn -0.898446 0.439085 -2.16895e-15 
vn -0.940363 0.340171 -2.26351e-15 
vn -0.846159 0.532931 -2.04935e-15 
vn -0.898446 0.439085 -2.16895e-15 
vn -0.784107 0.620626 -1.9061e-15 
vn -0.846159 0.532931 -2.04935e-15 
vn -0.713005 0.701159 -1.74085e-15 
vn -0.784107 0.620626 -1.9061e-15 
vn -0.633675 0.773599 -1.55551e-15 
vn -0.713005 0.701159 -1.74085e-15 
vn -0.547032 0.837112 -1.35222e-15 
vn -0.633675 0.773599 -1.55551e-15 
vn -0.454075 0.890964 -1.13333e-15 
vn -0.547032 0.837112 -1.35222e-15 
vn -0.355878 0.934533 -9.0135e-16 
vn -0.454075 0.890964 -1.13333e-15 
vn -0.253573 0.967316 -6.58971e-16 
vn -0.355878 0.934533 -9.0135e-16 
vn -0.148343 0.988936 -4.08987e-16 
vn -0.253573 0.967316 -6.58971e-16 
vn -0.0413997 0.999143 -1.54284e-16 
vn -0.148343 0.988936 -4.08987e-16 
vn 0.066021 0.997818 1.02201e-16 
vn -0.0413997 0.999143 -1.54284e-16 
vn 0.17268 0.984978 3.57506e-16 
vn 0.066021 0.997818 1.02201e-16 
vn 0.277345 0.96077 6.08684e-16 
vn 0.17268 0.984978 3.57506e-16 
vn 0.37881 0.925474 8.52839e-16 
vn 0.277345 0.96077 6.08684e-16 
vn 0.475904 0.879497 1.08715e-15 
vn 0.37881 0.925474 8.52839e-16 
vn 0.567504 0.82337 1.30891e-15 
vn 0.475904 0.879497 1.08715e-15 
vn 0.652556 0.757741 1.51557e-15 
vn 0.567504 0.82337 1.30891e-15 
vn 0.730076 0.683366 1.70474e-15 
vn 0.652556 0.757741 1.51557e-15 
vn 0.79917 0.601105 1.87423e-15 
vn 0.730076 0.683366 1.70474e-15 
vn 0.859041 0.511906 2.0221e-15 
vn 0.79917 0.601105 1.87423e-15 
vn 0.908998 0.4168 2.14662e-15 
vn 0.859041 0.511906 2.0221e-15 
vn 0.948465 0.316883 2.24637e-15 
vn 0.908998 0.4168 2.14662e-15 
vn 0.976985 0.213309 2.3202e-15 
vn 0.948465 0.316883 2.24637e-15 
vn 0.99423 0.107274 2.36725e-15 
vn 0.976985 0.213309 2.3202e-15 
vn 1 1.32504e-31 2.38698e-15 
vn 0.99423 0.107274 2.36725e-15 
vn -2.38698e-15 5.55112e-17 1 
vn -1 1.215e-13 -2.38698e-15 
vn 0.419029 -0.907973 1.05062e-15 
vn 0.419029 0.907973 9.49812e-16 
vn -2.38698e-15 5.55112e-17 1 
vn 1 1.61535e-14 2.38698e-15 
vn 2.18548e-15 1 -5.55112e-17 
vn -1 -1.32504e-31 -2.38698e-15 
vn -0.994138 -0.108119 -2.36699e-15 
vn -0.976621 -0.21497 -2.31924e-15 
vn -0.947653 -0.319302 -2.2443e-15 
vn -0.907575 -0.419889 -2.14306e-15 
vn -0.856857 -0.515554 -2.01668e-15 
vn -0.796093 -0.605174 -1.86666e-15 
vn -0.725995 -0.687699 -1.69476e-15 
vn -0.647386 -0.762162 -1.50299e-15 
vn -0.561187 -0.827689 -1.2936e-15 
vn -0.468408 -0.883512 -1.06904e-15 
vn -0.370138 -0.928977 -8.31944e-16 
vn -0.267528 -0.96355 -5.85097e-16 
vn -0.161782 -0.986827 -3.3139e-16 
vn -0.0541389 -0.998533 -7.37987e-17 
vn 0.0541389 -0.998533 1.84658e-16 
vn 0.161782 -0.986827 4.4095e-16 
vn 0.267528 -0.96355 6.92072e-16 
vn 0.370138 -0.928977 9.35081e-16 
vn 0.468408 -0.883512 1.16713e-15 
vn 0.561187 -0.827689 1.38549e-15 
vn 0.647386 -0.762162 1.58761e-15 
vn 0.725995 -0.687699 1.77111e-15 
vn 0.796093 -0.605174 1.93385e-15 
vn 0.856857 -0.515554 2.07392e-15 
vn 0.907575 -0.419889 2.18967e-15 
vn 0.947653 -0.319302 2.27975e-15 
vn 0.976621 -0.21497 2.34311e-15 
vn 0.994138 -0.108119 2.37899e-15 
vn 1 -1.22465e-16 2.38698e-15 
vn -2.38698e-15 5.55112e-17 1 
vn -1 -1.56784e-14 -2.38698e-15 
vn 2.18548e-15 1 -5.55112e-17 
vn -0.994138 -0.108119 -2.36699e-15 
vn -0.976621 -0.21497 -2.31924e-15 
vn -0.947653 -0.319302 -2.2443e-15 
vn -0.907575 -0.419889 -2.14306e-15 
vn -0.856857 -0.515554 -2.01668e-15 
vn -0.796093 -0.605174 -1.86666e-15 
vn -0.725995 -0.687699 -1.69476e-15 
vn -0.647386 -0.762162 -1.50299e-15 
vn -0.561187 -0.827689 -1.2936e-15 
vn -0.468408 -0.883512 -1.06904e-15 
vn -0.370138 -0.928977 -8.31944e-16 
vn -0.267528 -0.96355 -5.85097e-16 
vn -0.161782 -0.986827 -3.3139e-16 
vn -0.0541389 -0.998533 -7.37987e-17 
vn 0.0541389 -0.998533 1.84658e-16 
vn 0.161782 -0.986827 4.4095e-16 
vn 0.267528 -0.96355 6.92072e-16 
vn 0.370138 -0.928977 9.35081e-16 
vn 0.468408 -0.883512 1.16713e-15 
vn 0.561187 -0.827689 1.38549e-15 
vn 0.647386 -0.762162 1.58761e-15 
vn 0.725995 -0.687699 1.77111e-15 
vn 0.796093 -0.605174 1.93385e-15 
vn 0.856857 -0.515554 2.07392e-15 
vn 0.907575 -0.419889 2.18967e-15 
vn 0.947653 -0.319302 2.27975e-15 
vn 0.976621 -0.21497 2.34311e-15 
vn 0.994138 -0.108119 2.37899e-15 
vn 1 -1.22465e-16 2.38698e-15 
usemtl 0.901961_0.901961_0.901961_0.000000_0.000000
o mesh0
f 1//1 2//2 3//2 
f 4//3 1//1 5//4 
f 6//5 4//3 7//6 
f 8//7 6//5 9//8 
f 10//9 8//7 11//10 
f 12//11 10//9 13//12 
f 14//13 12//11 15//14 
f 16//15 14//13 17//16 
f 18//17 16//15 19//18 
f 20//19 18//17 21//20 
f 22//21 20//19 23//22 
f 24//23 22//21 25//24 
f 26//25 24//23 27//26 
f 28//27 26//25 29//28 
f 30//29 28//27 31//30 
f 32//31 30//29 33//32 
f 34//33 32//31 35//34 
f 36//35 34//33 37//36 
f 38//37 36//35 39//38 
f 40//39 38//37 41//40 
f 42//41 40//39 43//42 
f 44//43 42//41 45//44 
f 46//45 44//43 47//46 
f 48//47 46//45 49//48 
f 50//49 48//47 51//50 
f 52//51 50//49 53//52 
f 54//53 52//51 55//54 
f 56//55 54//53 57//56 
f 58//57 56//55 59//58 
f 60//59 58//57 61//60 
f 62//61 60//59 63//62 
f 64//63 62//61 65//64 
f 66//65 64//63 67//66 
f 68//67 66//65 69//68 
f 70//69 68//67 71//70 
f 72//71 70//69 73//72 
f 74//73 72//71 75//74 
f 76//75 74//73 77//76 
f 78//77 76//75 79//78 
f 80//79 78//77 81//80 
f 82//81 80//79 83//82 
f 84//83 82//81 85//84 
f 86//85 84//83 87//86 
f 88//87 86//85 89//88 
f 90//89 88//87 91//90 
f 92//91 90//89 93//92 
f 94//93 92//91 95//94 
f 96//95 94//93 97//96 
f 98//97 96//95 99//98 
f 100//99 98//97 101//100 
f 102//101 100//99 103//102 
f 104//103 102//101 105//104 
f 106//105 104//103 107//106 
f 108//107 106//105 109//108 
f 110//109 108//107 111//110 
f 112//111 110//109 113//112 
f 114//113 112//111 115//114 
f 2//2 114//113 116//113 
f 116//113 3//2 2//2 
f 115//114 116//113 114//113 
f 113//112 115//114 112//111 
f 111//110 113//112 110//109 
f 109//108 111//110 108//107 
f 107//106 109//108 106//105 
f 105//104 107//106 104//103 
f 103//102 105//104 102//101 
f 101//100 103//102 100//99 
f 99//98 101//100 98//97 
f 97//96 99//98 96//95 
f 95//94 97//96 94//93 
f 93//92 95//94 92//91 
f 91//90 93//92 90//89 
f 89//88 91//90 88//87 
f 87//86 89//88 86//85 
f 85//84 87//86 84//83 
f 83//82 85//84 82//81 
f 81//80 83//82 80//79 
f 79//78 81//80 78//77 
f 77//76 79//78 76//75 
f 75//74 77//76 74//73 
f 73//72 75//74 72//71 
f 71//70 73//72 70//69 
f 69//68 71//70 68//67 
f 67//66 69//68 66//65 
f 65//64 67//66 64//63 
f 63//62 65//64 62//61 
f 61//60 63//62 60//59 
f 59//58 61//60 58//57 
f 57//56 59//58 56//55 
f 55//54 57//56 54//53 
f 53//52 55//54 52//51 
f 51//50 53//52 50//49 
f 49//48 51//50 48//47 
f 47//46 49//48 46//45 
f 45//44 47//46 44//43 
f 43//42 45//44 42//41 
f 41//40 43//42 40//39 
f 39//38 41//40 38//37 
f 37//36 39//38 36//35 
f 35//34 37//36 34//33 
f 33//32 35//34 32//31 
f 31//30 33//32 30//29 
f 29//28 31//30 28//27 
f 27//26 29//28 26//25 
f 25//24 27//26 24//23 
f 23//22 25//24 22//21 
f 21//20 23//22 20//19 
f 19//18 21//20 18//17 
f 17//16 19//18 16//15 
f 15//14 17//16 14//13 
f 13//12 15//14 12//11 
f 11//10 13//12 10//9 
f 9//8 11//10 8//7 
f 7//6 9//8 6//5 
f 5//4 7//6 4//3 
f 3//2 5//4 1//1 
o mesh1
f 117//115 118//115 119//115 
f 117//115 120//115 121//115 
f 117//115 122//115 123//115 
f 124//115 125//115 126//115 
f 117//115 97//115 95//115 
f 117//115 127//115 118//115 
f 123//115 120//115 117//115 
f 126//115 128//115 124//115 
f 95//115 93//115 117//115 
f 117//115 129//115 130//115 
f 117//115 131//115 132//115 
f 121//115 127//115 117//115 
f 128//115 133//115 134//115 
f 124//115 135//115 125//115 
f 117//115 99//115 97//115 
f 132//115 129//115 117//115 
f 117//115 136//115 122//115 
f 91//115 137//115 138//115 
f 126//115 133//115 128//115 
f 135//115 139//115 140//115 
f 141//115 142//115 143//115 
f 141//115 144//115 145//115 
f 117//115 101//115 99//115 
f 119//115 131//115 117//115 
f 146//115 147//115 37//115 
f 91//115 148//115 149//115 
f 91//115 150//115 137//115 
f 139//115 135//115 151//115 
f 140//115 125//115 135//115 
f 141//115 152//115 153//115 
f 141//115 154//115 142//115 
f 141//115 149//115 144//115 
f 130//115 105//115 103//115 
f 130//115 101//115 117//115 
f 147//115 39//115 37//115 
f 155//115 156//115 157//115 
f 155//115 158//115 159//115 
f 138//115 148//115 91//115 
f 160//115 161//115 162//115 
f 160//115 163//115 164//115 
f 134//115 163//115 128//115 
f 141//115 165//115 166//115 
f 143//115 152//115 141//115 
f 145//115 167//115 141//115 
f 93//115 91//115 117//115 
f 168//115 169//115 170//115 
f 37//115 171//115 172//115 
f 155//115 173//115 174//115 
f 157//115 175//115 155//115 
f 155//115 176//115 177//115 
f 155//115 178//115 158//115 
f 149//115 179//115 91//115 
f 160//115 180//115 161//115 
f 164//115 181//115 160//115 
f 166//115 139//115 141//115 
f 167//115 154//115 141//115 
f 163//115 160//115 182//115 
f 89//115 183//115 184//115 
f 89//115 185//115 186//115 
f 89//115 155//115 187//115 
f 103//115 101//115 130//115 
f 170//115 188//115 168//115 
f 168//115 189//115 190//115 
f 37//115 191//115 171//115 
f 37//115 192//115 193//115 
f 174//115 194//115 155//115 
f 155//115 195//115 156//115 
f 155//115 196//115 176//115 
f 159//115 197//115 155//115 
f 91//115 198//115 199//115 
f 149//115 200//115 179//115 
f 162//115 155//115 160//115 
f 181//115 201//115 160//115 
f 153//115 165//115 141//115 
f 182//115 202//115 163//115 
f 184//115 203//115 89//115 
f 89//115 204//115 205//115 
f 89//115 206//115 185//115 
f 155//115 207//115 187//115 
f 130//115 107//115 105//115 
f 190//115 169//115 168//115 
f 37//115 208//115 191//115 
f 193//115 209//115 37//115 
f 175//115 173//115 155//115 
f 197//115 196//115 155//115 
f 91//115 179//115 198//115 
f 149//115 210//115 200//115 
f 201//115 180//115 160//115 
f 202//115 128//115 163//115 
f 89//115 211//115 183//115 
f 205//115 212//115 89//115 
f 186//115 213//115 89//115 
f 155//115 214//115 207//115 
f 215//115 9//115 7//115 
f 215//115 13//115 11//115 
f 216//115 31//115 29//115 
f 130//115 109//115 107//115 
f 160//115 217//115 218//115 
f 188//115 219//115 168//115 
f 220//115 221//115 222//115 
f 220//115 223//115 224//115 
f 209//115 208//115 37//115 
f 147//115 55//115 53//115 
f 147//115 59//115 57//115 
f 155//115 87//115 85//115 
f 177//115 195//115 155//115 
f 149//115 141//115 210//115 
f 151//115 141//115 139//115 
f 212//115 211//115 89//115 
f 187//115 206//115 89//115 
f 3//115 130//115 215//115 
f 11//115 9//115 215//115 
f 215//115 17//115 15//115 
f 19//115 215//115 216//115 
f 29//115 27//115 216//115 
f 130//115 111//115 109//115 
f 160//115 225//115 217//115 
f 160//115 226//115 227//115 
f 228//115 229//115 230//115 
f 228//115 231//115 232//115 
f 190//115 233//115 234//115 
f 189//115 235//115 190//115 
f 222//115 236//115 220//115 
f 220//115 237//115 223//115 
f 147//115 41//115 39//115 
f 147//115 51//115 49//115 
f 57//115 55//115 147//115 
f 192//115 37//115 35//115 
f 155//115 89//115 87//115 
f 155//115 238//115 178//115 
f 162//115 238//115 155//115 
f 91//115 89//115 239//115 
f 213//115 204//115 89//115 
f 7//115 5//115 215//115 
f 215//115 19//115 17//115 
f 216//115 23//115 21//115 
f 27//115 25//115 216//115 
f 130//115 113//115 111//115 
f 227//115 225//115 160//115 
f 160//115 240//115 241//115 
f 242//115 243//115 244//115 
f 245//115 246//115 247//115 
f 245//115 248//115 249//115 
f 245//115 250//115 251//115 
f 245//115 252//115 253//115 
f 228//115 254//115 255//115 
f 228//115 256//115 229//115 
f 232//115 257//115 228//115 
f 190//115 258//115 231//115 
f 190//115 259//115 233//115 
f 235//115 260//115 190//115 
f 224//115 221//115 220//115 
f 220//115 168//115 219//115 
f 37//115 172//115 146//115 
f 147//115 45//115 43//115 
f 49//115 47//115 147//115 
f 147//115 61//115 59//115 
f 35//115 261//115 262//115 
f 155//115 81//115 79//115 
f 85//115 83//115 155//115 
f 199//115 117//115 91//115 
f 203//115 239//115 89//115 
f 15//115 13//115 215//115 
f 25//115 23//115 216//115 
f 130//115 115//115 113//115 
f 241//115 226//115 160//115 
f 242//115 263//115 264//115 
f 242//115 218//115 243//115 
f 245//115 265//115 246//115 
f 249//115 266//115 245//115 
f 245//115 267//115 268//115 
f 251//115 269//115 245//115 
f 245//115 270//115 271//115 
f 253//115 272//115 245//115 
f 228//115 273//115 254//115 
f 274//115 228//115 136//115 
f 228//115 275//115 276//115 
f 228//115 277//115 278//115 
f 228//115 279//115 280//115 
f 228//115 281//115 282//115 
f 230//115 283//115 228//115 
f 231//115 228//115 190//115 
f 190//115 284//115 285//115 
f 260//115 259//115 190//115 
f 219//115 237//115 220//115 
f 43//115 41//115 147//115 
f 53//115 51//115 147//115 
f 35//115 286//115 261//115 
f 35//115 287//115 288//115 
f 83//115 81//115 155//115 
f 239//115 150//115 91//115 
f 216//115 21//115 19//115 
f 130//115 116//115 115//115 
f 160//115 155//115 240//115 
f 244//115 263//115 242//115 
f 266//115 265//115 245//115 
f 269//115 267//115 245//115 
f 245//115 289//115 290//115 
f 272//115 270//115 245//115 
f 228//115 291//115 252//115 
f 228//115 292//115 273//115 
f 228//115 293//115 294//115 
f 228//115 274//115 295//115 
f 228//115 296//115 136//115 
f 278//115 275//115 228//115 
f 280//115 297//115 228//115 
f 283//115 281//115 228//115 
f 285//115 258//115 190//115 
f 236//115 147//115 220//115 
f 147//115 69//115 67//115 
f 155//115 77//115 75//115 
f 47//115 45//115 147//115 
f 288//115 286//115 35//115 
f 194//115 214//115 155//115 
f 130//115 3//115 116//115 
f 33//115 216//115 298//115 
f 264//115 299//115 242//115 
f 264//115 300//115 301//115 
f 264//115 302//115 303//115 
f 264//115 304//115 305//115 
f 264//115 245//115 306//115 
f 245//115 307//115 308//115 
f 268//115 248//115 245//115 
f 271//115 289//115 245//115 
f 228//115 309//115 291//115 
f 294//115 292//115 228//115 
f 136//115 117//115 274//115 
f 297//115 277//115 228//115 
f 228//115 310//115 256//115 
f 234//115 284//115 190//115 
f 67//115 65//115 147//115 
f 155//115 71//115 69//115 
f 75//115 73//115 155//115 
f 35//115 262//115 192//115 
f 35//115 298//115 311//115 
f 215//115 5//115 3//115 
f 298//115 35//115 33//115 
f 264//115 312//115 299//115 
f 303//115 300//115 264//115 
f 264//115 313//115 304//115 
f 308//115 306//115 245//115 
f 290//115 250//115 245//115 
f 255//115 309//115 228//115 
f 276//115 296//115 228//115 
f 257//115 310//115 228//115 
f 65//115 63//115 147//115 
f 73//115 71//115 155//115 
f 311//115 287//115 35//115 
f 33//115 31//115 216//115 
f 301//115 312//115 264//115 
f 306//115 313//115 264//115 
f 245//115 314//115 315//115 
f 252//115 245//115 228//115 
f 282//115 279//115 228//115 
f 69//115 147//115 155//115 
f 79//115 77//115 155//115 
f 305//115 302//115 264//115 
f 315//115 316//115 245//115 
f 295//115 293//115 228//115 
f 146//115 220//115 147//115 
f 316//115 307//115 245//115 
f 63//115 61//115 147//115 
f 247//115 314//115 245//115 
f 218//115 242//115 160//115 
o mesh2
f 147//116 317//116 318//116 
f 318//116 155//116 147//116 
o mesh3
f 319//117 264//117 263//118 
f 320//118 263//118 244//119 
f 321//119 244//119 243//120 
f 322//120 243//120 218//121 
f 323//121 218//121 217//122 
f 324//122 217//122 225//123 
f 325//123 225//123 227//124 
f 326//124 227//124 226//125 
f 327//125 226//125 241//126 
f 328//126 241//126 240//127 
f 329//127 240//127 155//128 
f 155//128 318//128 329//127 
f 240//127 329//127 328//126 
f 241//126 328//126 327//125 
f 226//125 327//125 326//124 
f 227//124 326//124 325//123 
f 225//123 325//123 324//122 
f 217//122 324//122 323//121 
f 218//121 323//121 322//120 
f 243//120 322//120 321//119 
f 244//119 321//119 320//118 
f 263//118 320//118 319//117 
o mesh4
f 317//128 147//128 236//129 
f 330//129 236//129 222//130 
f 331//130 222//130 221//131 
f 332//131 221//131 224//132 
f 333//132 224//132 223//133 
f 334//133 223//133 237//134 
f 335//134 237//134 219//135 
f 336//135 219//135 188//136 
f 337//136 188//136 170//137 
f 338//137 170//137 169//138 
f 339//138 169//138 190//139 
f 190//139 340//139 339//138 
f 169//138 339//138 338//137 
f 170//137 338//137 337//136 
f 188//136 337//136 336//135 
f 219//135 336//135 335//134 
f 237//134 335//134 334//133 
f 223//133 334//133 333//132 
f 224//132 333//132 332//131 
f 221//131 332//131 331//130 
f 222//130 331//130 330//129 
f 236//129 330//129 317//128 
o mesh5
f 341//140 342//141 136//141 
f 343//142 341//140 296//143 
f 344//144 343//142 276//145 
f 345//146 344//144 275//147 
f 346//148 345//146 278//149 
f 347//150 346//148 277//151 
f 348//152 347//150 297//153 
f 349//154 348//152 280//155 
f 350//156 349//154 279//157 
f 351//158 350//156 282//159 
f 352//160 351//158 281//161 
f 353//162 352//160 283//163 
f 354//164 353//162 230//165 
f 355//166 354//164 229//167 
f 356//168 355//166 256//169 
f 357//170 356//168 310//171 
f 358//172 357//170 257//173 
f 359//174 358//172 232//175 
f 360//176 359//174 231//177 
f 361//178 360//176 258//179 
f 362//180 361//178 285//181 
f 363//182 362//180 284//183 
f 364//184 363//182 234//185 
f 365//186 364//184 233//187 
f 366//188 365//186 259//189 
f 367//190 366//188 260//191 
f 368//192 367//190 235//193 
f 369//194 368//192 189//195 
f 370//196 369//194 168//197 
f 371//198 370//196 220//199 
f 372//200 371//198 146//201 
f 373//202 372//200 172//203 
f 374//204 373//202 171//205 
f 375//206 374//204 191//207 
f 376//208 375//206 208//209 
f 377//210 376//208 209//211 
f 378//212 377//210 193//213 
f 379//214 378//212 192//215 
f 380//216 379//214 262//217 
f 381//218 380//216 261//219 
f 382//220 381//218 286//221 
f 383//222 382//220 288//223 
f 384//224 383//222 287//225 
f 385//226 384//224 311//227 
f 386//228 385//226 298//229 
f 387//230 386//228 216//231 
f 388//232 387//230 215//233 
f 389//234 388//232 130//235 
f 390//236 389//234 129//237 
f 391//238 390//236 132//239 
f 392//240 391//238 131//241 
f 393//242 392//240 119//243 
f 394//244 393//242 118//245 
f 395//246 394//244 127//247 
f 396//248 395//246 121//249 
f 397//250 396//248 120//251 
f 398//252 397//250 123//253 
f 342//141 398//252 122//252 
f 122//252 136//141 342//141 
f 123//253 122//252 398//252 
f 120//251 123//253 397//250 
f 121//249 120//251 396//248 
f 127//247 121//249 395//246 
f 118//245 127//247 394//244 
f 119//243 118//245 393//242 
f 131//241 119//243 392//240 
f 132//239 131//241 391//238 
f 129//237 132//239 390//236 
f 130//235 129//237 389//234 
f 215//233 130//235 388//232 
f 216//231 215//233 387//230 
f 298//229 216//231 386//228 
f 311//227 298//229 385//226 
f 287//225 311//227 384//224 
f 288//223 287//225 383//222 
f 286//221 288//223 382//220 
f 261//219 286//221 381//218 
f 262//217 261//219 380//216 
f 192//215 262//217 379//214 
f 193//213 192//215 378//212 
f 209//211 193//213 377//210 
f 208//209 209//211 376//208 
f 191//207 208//209 375//206 
f 171//205 191//207 374//204 
f 172//203 171//205 373//202 
f 146//201 172//203 372//200 
f 220//199 146//201 371//198 
f 168//197 220//199 370//196 
f 189//195 168//197 369//194 
f 235//193 189//195 368//192 
f 260//191 235//193 367//190 
f 259//189 260//191 366//188 
f 233//187 259//189 365//186 
f 234//185 233//187 364//184 
f 284//183 234//185 363//182 
f 285//181 284//183 362//180 
f 258//179 285//181 361//178 
f 231//177 258//179 360//176 
f 232//175 231//177 359//174 
f 257//173 232//175 358//172 
f 310//171 257//173 357//170 
f 256//169 310//171 356//168 
f 229//167 256//169 355//166 
f 230//165 229//167 354//164 
f 283//163 230//165 353//162 
f 281//161 283//163 352//160 
f 282//159 281//161 351//158 
f 279//157 282//159 350//156 
f 280//155 279//157 349//154 
f 297//153 280//155 348//152 
f 277//151 297//153 347//150 
f 278//149 277//151 346//148 
f 275//147 278//149 345//146 
f 276//145 275//147 344//144 
f 296//143 276//145 343//142 
f 136//141 296//143 341//140 
o mesh6
f 399//254 400//255 289//255 
f 401//256 399//254 271//257 
f 402//258 401//256 270//259 
f 403//260 402//258 272//261 
f 404//262 403//260 253//263 
f 405//264 404//262 252//265 
f 406//266 405//264 291//267 
f 407//268 406//266 309//269 
f 408//270 407//268 255//271 
f 409//272 408//270 254//273 
f 410//274 409//272 273//275 
f 411//276 410//274 292//277 
f 412//278 411//276 294//279 
f 413//280 412//278 293//281 
f 414//282 413//280 295//283 
f 415//284 414//282 274//285 
f 416//286 415//284 117//287 
f 417//288 416//286 199//289 
f 418//290 417//288 198//291 
f 419//292 418//290 179//293 
f 420//294 419//292 200//295 
f 421//296 420//294 210//297 
f 422//298 421//296 141//299 
f 423//300 422//298 151//301 
f 424//302 423//300 135//303 
f 425//304 424//302 124//305 
f 426//306 425//304 128//307 
f 427//308 426//306 202//309 
f 428//310 427//308 182//311 
f 429//312 428//310 160//313 
f 430//314 429//312 242//315 
f 431//316 430//314 299//317 
f 432//318 431//316 312//319 
f 433//320 432//318 301//321 
f 434//322 433//320 300//323 
f 435//324 434//322 303//325 
f 436//326 435//324 302//327 
f 437//328 436//326 305//329 
f 438//330 437//328 304//331 
f 439//332 438//330 313//333 
f 440//334 439//332 306//335 
f 441//336 440//334 308//337 
f 442//338 441//336 307//339 
f 443//340 442//338 316//341 
f 444//342 443//340 315//343 
f 445//344 444//342 314//345 
f 446//346 445//344 247//347 
f 447//348 446//346 246//349 
f 448//350 447//348 265//351 
f 449//352 448//350 266//353 
f 450//354 449//352 249//355 
f 451//356 450//354 248//357 
f 452//358 451//356 268//359 
f 453//360 452//358 267//361 
f 454//362 453//360 269//363 
f 455//364 454//362 251//365 
f 456//366 455//364 250//367 
f 400//255 456//366 290//366 
f 290//366 289//255 400//255 
f 250//367 290//366 456//366 
f 251//365 250//367 455//364 
f 269//363 251//365 454//362 
f 267//361 269//363 453//360 
f 268//359 267//361 452//358 
f 248//357 268//359 451//356 
f 249//355 248//357 450//354 
f 266//353 249//355 449//352 
f 265//351 266//353 448//350 
f 246//349 265//351 447//348 
f 247//347 246//349 446//346 
f 314//345 247//347 445//344 
f 315//343 314//345 444//342 
f 316//341 315//343 443//340 
f 307//339 316//341 442//338 
f 308//337 307//339 441//336 
f 306//335 308//337 440//334 
f 313//333 306//335 439//332 
f 304//331 313//333 438//330 
f 305//329 304//331 437//328 
f 302//327 305//329 436//326 
f 303//325 302//327 435//324 
f 300//323 303//325 434//322 
f 301//321 300//323 433//320 
f 312//319 301//321 432//318 
f 299//317 312//319 431//316 
f 242//315 299//317 430//314 
f 160//313 242//315 429//312 
f 182//311 160//313 428//310 
f 202//309 182//311 427//308 
f 128//307 202//309 426//306 
f 124//305 128//307 425//304 
f 135//303 124//305 424//302 
f 151//301 135//303 423//300 
f 141//299 151//301 422//298 
f 210//297 141//299 421//296 
f 200//295 210//297 420//294 
f 179//293 200//295 419//292 
f 198//291 179//293 418//290 
f 199//289 198//291 417//288 
f 117//287 199//289 416//286 
f 274//285 117//287 415//284 
f 295//283 274//285 414//282 
f 293//281 295//283 413//280 
f 294//279 293//281 412//278 
f 292//277 294//279 411//276 
f 273//275 292//277 410//274 
f 254//273 273//275 409//272 
f 255//271 254//273 408//270 
f 309//269 255//271 407//268 
f 291//267 309//269 406//266 
f 252//265 291//267 405//264 
f 253//263 252//265 404//262 
f 272//261 253//263 403//260 
f 270//259 272//261 402//258 
f 271//257 270//259 401//256 
f 289//255 271//257 399//254 
o mesh7
f 457//368 458//369 166//369 
f 459//370 457//368 165//371 
f 460//372 459//370 153//373 
f 461//374 460//372 152//375 
f 462//376 461//374 143//377 
f 463//378 462//376 142//379 
f 464//380 463//378 154//381 
f 465//382 464//380 167//383 
f 466//384 465//382 145//385 
f 467//386 466//384 144//387 
f 468//388 467//386 149//389 
f 469//390 468//388 148//391 
f 470//392 469//390 138//393 
f 471//394 470//392 137//395 
f 472//396 471//394 150//397 
f 473//398 472//396 239//399 
f 474//400 473//398 203//401 
f 475//402 474//400 184//403 
f 476//404 475//402 183//405 
f 477//406 476//404 211//407 
f 478//408 477//406 212//409 
f 479//410 478//408 205//411 
f 480//412 479//410 204//413 
f 481//414 480//412 213//415 
f 482//416 481//414 186//417 
f 483//418 482//416 185//419 
f 484//420 483//418 206//421 
f 485//422 484//420 187//423 
f 486//424 485//422 207//425 
f 487//426 486//424 214//427 
f 488//428 487//426 194//429 
f 489//430 488//428 174//431 
f 490//432 489//430 173//433 
f 491//434 490//432 175//435 
f 492//436 491//434 157//437 
f 493//438 492//436 156//439 
f 494//440 493//438 195//441 
f 495//442 494//440 177//443 
f 496//444 495//442 176//445 
f 497//446 496//444 196//447 
f 498//448 497//446 197//449 
f 499//450 498//448 159//451 
f 500//452 499//450 158//453 
f 501//454 500//452 178//455 
f 502//456 501//454 238//457 
f 503//458 502//456 162//459 
f 504//460 503//458 161//461 
f 505//462 504//460 180//463 
f 506//464 505//462 201//465 
f 507//466 506//464 181//467 
f 508//468 507//466 164//469 
f 509//470 508//468 163//471 
f 510//472 509//470 134//473 
f 511//474 510//472 133//475 
f 512//476 511//474 126//477 
f 513//478 512//476 125//479 
f 514//480 513//478 140//481 
f 458//369 514//480 139//480 
f 139//480 166//369 458//369 
f 140//481 139//480 514//480 
f 125//479 140//481 513//478 
f 126//477 125//479 512//476 
f 133//475 126//477 511//474 
f 134//473 133//475 510//472 
f 163//471 134//473 509//470 
f 164//469 163//471 508//468 
f 181//467 164//469 507//466 
f 201//465 181//467 506//464 
f 180//463 201//465 505//462 
f 161//461 180//463 504//460 
f 162//459 161//461 503//458 
f 238//457 162//459 502//456 
f 178//455 238//457 501//454 
f 158//453 178//455 500//452 
f 159//451 158//453 499//450 
f 197//449 159//451 498//448 
f 196//447 197//449 497//446 
f 176//445 196//447 496//444 
f 177//443 176//445 495//442 
f 195//441 177//443 494//440 
f 156//439 195//441 493//438 
f 157//437 156//439 492//436 
f 175//435 157//437 491//434 
f 173//433 175//435 490//432 
f 174//431 173//433 489//430 
f 194//429 174//431 488//428 
f 214//427 194//429 487//426 
f 207//425 214//427 486//424 
f 187//423 207//425 485//422 
f 206//421 187//423 484//420 
f 185//419 206//421 483//418 
f 186//417 185//419 482//416 
f 213//415 186//417 481//414 
f 204//413 213//415 480//412 
f 205//411 204//413 479//410 
f 212//409 205//411 478//408 
f 211//407 212//409 477//406 
f 183//405 211//407 476//404 
f 184//403 183//405 475//402 
f 203//401 184//403 474//400 
f 239//399 203//401 473//398 
f 150//397 239//399 472//396 
f 137//395 150//397 471//394 
f 138//393 137//395 470//392 
f 148//391 138//393 469//390 
f 149//389 148//391 468//388 
f 144//387 149//389 467//386 
f 145//385 144//387 466//384 
f 167//383 145//385 465//382 
f 154//381 167//383 464//380 
f 142//379 154//381 463//378 
f 143//377 142//379 462//376 
f 152//375 143//377 461//374 
f 153//373 152//375 460//372 
f 165//371 153//373 459//370 
f 166//369 165//371 457//368 
o mesh8
f 8//482 373//482 374//482 
f 74//482 481//482 482//482 
f 8//482 372//482 373//482 
f 10//482 369//482 370//482 
f 74//482 480//482 481//482 
f 74//482 477//482 478//482 
f 74//482 473//482 474//482 
f 88//482 468//482 469//482 
f 374//482 6//482 8//482 
f 370//482 371//482 10//482 
f 319//482 498//482 427//482 
f 74//482 479//482 480//482 
f 74//482 476//482 477//482 
f 74//482 472//482 473//482 
f 469//482 470//482 88//482 
f 88//482 406//482 407//482 
f 8//482 10//482 372//482 
f 10//482 368//482 369//482 
f 10//482 366//482 367//482 
f 319//482 430//482 431//482 
f 319//482 497//482 498//482 
f 478//482 479//482 74//482 
f 474//482 475//482 74//482 
f 88//482 467//482 468//482 
f 88//482 409//482 410//482 
f 407//482 408//482 88//482 
f 6//482 375//482 376//482 
f 371//482 372//482 10//482 
f 10//482 365//482 366//482 
f 319//482 433//482 434//482 
f 431//482 432//482 319//482 
f 319//482 428//482 429//482 
f 498//482 426//482 427//482 
f 498//482 421//482 422//482 
f 324//482 490//482 491//482 
f 324//482 487//482 488//482 
f 324//482 485//482 486//482 
f 475//482 476//482 74//482 
f 88//482 466//482 467//482 
f 408//482 409//482 88//482 
f 376//482 377//482 6//482 
f 367//482 368//482 10//482 
f 10//482 362//482 363//482 
f 432//482 433//482 319//482 
f 427//482 428//482 319//482 
f 498//482 424//482 425//482 
f 422//482 423//482 498//482 
f 421//482 498//482 499//482 
f 496//482 320//482 321//482 
f 324//482 489//482 490//482 
f 486//482 487//482 324//482 
f 324//482 483//482 484//482 
f 482//482 318//482 74//482 
f 410//482 464//482 465//482 
f 410//482 466//482 88//482 
f 40//482 42//482 317//482 
f 38//482 336//482 337//482 
f 374//482 375//482 6//482 
f 363//482 364//482 10//482 
f 429//482 430//482 319//482 
f 423//482 424//482 498//482 
f 499//482 419//482 420//482 
f 499//482 415//482 416//482 
f 496//482 323//482 324//482 
f 321//482 322//482 496//482 
f 488//482 489//482 324//482 
f 324//482 482//482 483//482 
f 482//482 329//482 318//482 
f 470//482 471//482 88//482 
f 317//482 330//482 40//482 
f 337//482 338//482 38//482 
f 362//482 10//482 12//482 
f 364//482 365//482 10//482 
f 378//482 1//482 4//482 
f 515//482 92//482 94//482 
f 425//482 426//482 498//482 
f 319//482 320//482 496//482 
f 499//482 418//482 419//482 
f 416//482 417//482 499//482 
f 322//482 323//482 496//482 
f 324//482 493//482 494//482 
f 484//482 485//482 324//482 
f 482//482 328//482 329//482 
f 465//482 466//482 410//482 
f 40//482 332//482 333//482 
f 330//482 331//482 40//482 
f 38//482 335//482 336//482 
f 38//482 40//482 334//482 
f 12//482 14//482 362//482 
f 4//482 6//482 378//482 
f 16//482 360//482 361//482 
f 516//482 359//482 360//482 
f 516//482 357//482 358//482 
f 515//482 393//482 394//482 
f 515//482 90//482 92//482 
f 319//482 435//482 436//482 
f 496//482 497//482 319//482 
f 417//482 418//482 499//482 
f 494//482 495//482 324//482 
f 491//482 492//482 324//482 
f 482//482 327//482 328//482 
f 410//482 463//482 464//482 
f 331//482 332//482 40//482 
f 334//482 335//482 38//482 
f 340//482 22//482 24//482 
f 2//482 381//482 382//482 
f 2//482 378//482 379//482 
f 377//482 378//482 6//482 
f 360//482 16//482 516//482 
f 516//482 356//482 357//482 
f 516//482 395//482 396//482 
f 515//482 392//482 393//482 
f 515//482 88//482 90//482 
f 319//482 438//482 439//482 
f 436//482 437//482 319//482 
f 499//482 420//482 421//482 
f 492//482 493//482 324//482 
f 482//482 326//482 327//482 
f 472//482 74//482 76//482 
f 410//482 462//482 463//482 
f 318//482 317//482 62//482 
f 338//482 339//482 38//482 
f 340//482 36//482 38//482 
f 340//482 32//482 34//482 
f 24//482 26//482 340//482 
f 516//482 20//482 22//482 
f 382//482 383//482 2//482 
f 379//482 380//482 2//482 
f 378//482 2//482 1//482 
f 358//482 359//482 516//482 
f 516//482 346//482 347//482 
f 516//482 343//482 344//482 
f 396//482 397//482 516//482 
f 515//482 391//482 392//482 
f 94//482 388//482 515//482 
f 515//482 439//482 440//482 
f 437//482 438//482 319//482 
f 324//482 495//482 496//482 
f 482//482 325//482 326//482 
f 471//482 80//482 82//482 
f 76//482 471//482 472//482 
f 410//482 461//482 462//482 
f 318//482 64//482 66//482 
f 317//482 60//482 62//482 
f 38//482 339//482 340//482 
f 340//482 30//482 32//482 
f 22//482 340//482 516//482 
f 516//482 16//482 18//482 
f 380//482 381//482 2//482 
f 361//482 362//482 16//482 
f 516//482 352//482 353//482 
f 516//482 349//482 350//482 
f 347//482 348//482 516//482 
f 516//482 341//482 343//482 
f 388//482 110//482 112//482 
f 388//482 106//482 108//482 
f 388//482 100//482 102//482 
f 397//482 398//482 516//482 
f 394//482 516//482 515//482 
f 515//482 389//482 390//482 
f 388//482 389//482 515//482 
f 439//482 515//482 319//482 
f 482//482 324//482 325//482 
f 82//482 84//482 471//482 
f 76//482 78//482 471//482 
f 410//482 460//482 461//482 
f 88//482 404//482 405//482 
f 88//482 402//482 403//482 
f 88//482 399//482 401//482 
f 515//482 400//482 399//482 
f 62//482 64//482 318//482 
f 317//482 56//482 58//482 
f 317//482 52//482 54//482 
f 317//482 48//482 50//482 
f 34//482 36//482 340//482 
f 18//482 20//482 516//482 
f 14//482 16//482 362//482 
f 353//482 354//482 516//482 
f 350//482 351//482 516//482 
f 516//482 345//482 346//482 
f 516//482 342//482 341//482 
f 108//482 110//482 388//482 
f 102//482 104//482 388//482 
f 394//482 395//482 516//482 
f 94//482 96//482 388//482 
f 434//482 435//482 319//482 
f 78//482 80//482 471//482 
f 410//482 459//482 460//482 
f 403//482 404//482 88//482 
f 399//482 88//482 515//482 
f 318//482 70//482 72//482 
f 58//482 60//482 317//482 
f 50//482 52//482 317//482 
f 2//482 386//482 387//482 
f 2//482 384//482 385//482 
f 340//482 28//482 30//482 
f 383//482 384//482 2//482 
f 351//482 352//482 516//482 
f 344//482 345//482 516//482 
f 411//482 512//482 513//482 
f 104//482 106//482 388//482 
f 388//482 96//482 98//482 
f 390//482 391//482 515//482 
f 84//482 86//482 471//482 
f 410//482 457//482 459//482 
f 401//482 402//482 88//482 
f 318//482 68//482 70//482 
f 54//482 56//482 317//482 
f 317//482 42//482 44//482 
f 385//482 386//482 2//482 
f 26//482 28//482 340//482 
f 348//482 349//482 516//482 
f 411//482 511//482 512//482 
f 411//482 509//482 510//482 
f 508//482 411//482 412//482 
f 515//482 454//482 455//482 
f 515//482 452//482 453//482 
f 515//482 450//482 451//482 
f 112//482 114//482 388//482 
f 398//482 342//482 516//482 
f 440//482 441//482 515//482 
f 405//482 406//482 88//482 
f 66//482 68//482 318//482 
f 44//482 46//482 317//482 
f 333//482 334//482 40//482 
f 354//482 355//482 516//482 
f 510//482 511//482 411//482 
f 412//482 506//482 507//482 
f 412//482 502//482 503//482 
f 455//482 456//482 515//482 
f 451//482 452//482 515//482 
f 515//482 448//482 449//482 
f 98//482 100//482 388//482 
f 410//482 458//482 457//482 
f 46//482 48//482 317//482 
f 355//482 356//482 516//482 
f 458//482 410//482 411//482 
f 411//482 508//482 509//482 
f 412//482 505//482 506//482 
f 503//482 504//482 412//482 
f 453//482 454//482 515//482 
f 515//482 447//482 448//482 
f 515//482 444//482 445//482 
f 515//482 442//482 443//482 
f 86//482 88//482 471//482 
f 387//482 388//482 2//482 
f 513//482 514//482 411//482 
f 504//482 505//482 412//482 
f 412//482 499//482 500//482 
f 449//482 450//482 515//482 
f 445//482 446//482 515//482 
f 515//482 441//482 442//482 
f 72//482 74//482 318//482 
f 499//482 413//482 414//482 
f 412//482 507//482 508//482 
f 500//482 501//482 412//482 
f 446//482 447//482 515//482 
f 114//482 2//482 388//482 
f 499//482 412//482 413//482 
f 501//482 502//482 412//482 
f 443//482 444//482 515//482 
f 411//482 514//482 458//482 
f 414//482 415//482 499//482 
f 456//482 400//482 515//482 
o mesh9
f 340//483 190//483 517//483 
f 190//483 228//483 517//483 
f 517//483 518//483 340//483 
f 518//483 516//483 340//483 
o mesh10
f 632//484 633//485 518//486 
f 634//487 635//488 633//485 
f 636//489 637//490 635//488 
f 636//489 638//491 639//492 
f 638//491 640//493 641//494 
f 640//493 642//495 643//496 
f 644//497 645//498 643//496 
f 646//499 647//500 645//498 
f 648//501 649//502 647//500 
f 648//501 650//503 651//504 
f 650//503 652//505 653//506 
f 652//505 654//507 655//508 
f 656//509 657//510 655//508 
f 658//511 659//512 657//510 
f 660//513 661//514 659//512 
f 660//513 662//515 663//516 
f 662//515 664//517 665//518 
f 664//517 666//519 667//520 
f 668//521 669//522 667//520 
f 670//523 671//524 669//522 
f 672//525 673//526 671//524 
f 672//525 674//527 675//528 
f 674//527 676//529 677//530 
f 676//529 519//531 520//532 
f 677//530 520//532 521//533 
f 675//528 677//530 522//534 
f 522//534 523//535 675//528 
f 677//530 524//536 522//534 
f 673//526 675//528 525//537 
f 671//524 673//526 526//538 
f 673//526 527//539 528//540 
f 528//540 526//538 673//526 
f 671//524 529//541 530//542 
f 671//524 531//543 529//541 
f 530//542 669//522 671//524 
f 669//522 532//544 533//545 
f 533//545 667//520 669//522 
f 665//518 534//546 535//547 
f 667//520 536//548 534//546 
f 534//546 665//518 667//520 
f 665//518 537//549 538//550 
f 538//550 663//516 665//518 
f 661//514 663//516 539//551 
f 663//516 540//552 539//551 
f 659//512 661//514 541//553 
f 541//553 542//554 659//512 
f 657//510 659//512 543//555 
f 543//555 544//556 657//510 
f 659//512 545//557 543//555 
f 655//508 657//510 546//558 
f 653//506 655//508 547//559 
f 655//508 548//560 549//561 
f 549//561 547//559 655//508 
f 653//506 550//562 551//563 
f 653//506 552//564 550//562 
f 551//563 651//504 653//506 
f 651//504 553//565 554//566 
f 554//566 649//502 651//504 
f 649//502 555//567 556//568 
f 556//568 647//500 649//502 
f 647//500 557//569 558//570 
f 647//500 559//571 557//569 
f 558//570 645//498 647//500 
f 643//496 645//498 560//572 
f 645//498 561//573 560//572 
f 641//494 643//496 562//574 
f 562//574 563//575 641//494 
f 639//492 641//494 564//576 
f 641//494 565//577 564//576 
f 639//492 566//578 567//579 
f 567//579 637//490 639//492 
f 639//492 568//580 566//578 
f 635//488 637//490 569//581 
f 569//581 570//582 635//488 
f 633//485 571//583 572//584 
f 635//488 573//585 571//583 
f 571//583 633//485 635//488 
f 633//485 574//586 516//587 
f 575//588 632//484 517//589 
f 576//590 577//591 634//487 
f 632//484 575//588 578//592 
f 578//592 576//590 632//484 
f 636//489 634//487 579//593 
f 634//487 577//591 580//594 
f 580//594 579//593 634//487 
f 581//595 638//491 636//489 
f 636//489 582//596 581//595 
f 581//595 583//597 638//491 
f 584//598 585//599 640//493 
f 642//495 640//493 586//600 
f 586//600 587//601 642//495 
f 640//493 585//599 586//600 
f 642//495 588//602 589//603 
f 589//603 644//497 642//495 
f 590//604 646//499 644//497 
f 644//497 591//605 590//604 
f 648//501 646//499 592//606 
f 646//499 593//607 592//606 
f 646//499 594//608 593//607 
f 650//503 648//501 595//609 
f 648//501 596//610 595//609 
f 652//505 650//503 597//611 
f 650//503 598//612 597//611 
f 652//505 599//613 600//614 
f 652//505 601//615 599//613 
f 600//614 654//507 652//505 
f 656//509 654//507 602//616 
f 654//507 603//617 602//616 
f 604//618 605//619 658//511 
f 656//509 606//620 604//618 
f 607//621 608//622 660//513 
f 658//511 605//619 609//623 
f 609//623 607//621 658//511 
f 660//513 610//624 611//625 
f 660//513 608//622 610//624 
f 611//625 662//515 660//513 
f 612//626 664//517 662//515 
f 662//515 613//627 612//626 
f 666//519 614//628 615//629 
f 664//517 616//630 614//628 
f 614//628 666//519 664//517 
f 668//521 617//631 618//632 
f 666//519 619//633 617//631 
f 617//631 668//521 666//519 
f 670//523 620//634 621//635 
f 620//634 670//523 668//521 
f 668//521 622//636 620//634 
f 623//637 672//525 670//523 
f 670//523 624//638 623//637 
f 625//639 626//640 674//527 
f 672//525 627//641 625//639 
f 676//529 674//527 628//642 
f 628//642 629//643 676//529 
f 674//527 626//640 628//642 
f 630//644 631//645 519//531 
f 519//531 676//529 630//644 
f 629//643 630//644 676//529 
f 674//527 672//525 625//639 
f 623//637 627//641 672//525 
f 621//635 624//638 670//523 
f 618//632 622//636 668//521 
f 615//629 619//633 666//519 
f 612//626 616//630 664//517 
f 611//625 613//627 662//515 
f 660//513 658//511 607//621 
f 658//511 656//509 604//618 
f 602//616 606//620 656//509 
f 600//614 603//617 654//507 
f 597//611 601//615 652//505 
f 595//609 598//612 650//503 
f 592//606 596//610 648//501 
f 590//604 594//608 646//499 
f 589//603 591//605 644//497 
f 587//601 588//602 642//495 
f 640//493 638//491 584//598 
f 583//597 584//598 638//491 
f 579//593 582//596 636//489 
f 634//487 632//484 576//590 
f 517//589 228//646 575//588 
f 516//587 518//486 633//485 
f 572//584 574//586 633//485 
f 570//582 573//585 635//488 
f 567//579 569//581 637//490 
f 564//576 568//580 639//492 
f 563//575 565//577 641//494 
f 560//572 562//574 643//496 
f 558//570 561//573 645//498 
f 556//568 559//571 647//500 
f 554//566 555//567 649//502 
f 551//563 553//565 651//504 
f 547//559 552//564 653//506 
f 546//558 548//560 655//508 
f 544//556 546//558 657//510 
f 542//554 545//557 659//512 
f 539//551 541//553 661//514 
f 538//550 540//552 663//516 
f 535//547 537//549 665//518 
f 533//545 536//548 667//520 
f 530//542 532//544 669//522 
f 526//538 531//543 671//524 
f 525//537 527//539 673//526 
f 523//535 525//537 675//528 
f 521//533 524//536 677//530 
f 520//532 677//530 676//529 
f 677//530 675//528 674//527 
f 675//528 673//526 672//525 
f 671//524 670//523 672//525 
f 669//522 668//521 670//523 
f 667//520 666//519 668//521 
f 667//520 665//518 664//517 
f 665//518 663//516 662//515 
f 663//516 661//514 660//513 
f 659//512 658//511 660//513 
f 657//510 656//509 658//511 
f 655//508 654//507 656//509 
f 655//508 653//506 652//505 
f 653//506 651//504 650//503 
f 651//504 649//502 648//501 
f 647//500 646//499 648//501 
f 645//498 644//497 646//499 
f 643//496 642//495 644//497 
f 643//496 641//494 640//493 
f 641//494 639//492 638//491 
f 639//492 637//490 636//489 
f 635//488 634//487 636//489 
f 633//485 632//484 634//487 
f 518//486 517//589 632//484 
o mesh11
f 319//647 678//647 679//647 
f 679//647 264//647 319//647 
f 319//647 515//647 678//647 
f 679//647 245//647 264//647 
o mesh12
f 793//648 794//649 680//650 
f 795//651 796//652 794//649 
f 797//653 798//654 796//652 
f 797//653 799//655 800//656 
f 799//655 801//657 802//658 
f 801//657 803//659 804//660 
f 805//661 806//662 804//660 
f 807//663 808//664 806//662 
f 809//665 810//666 808//664 
f 809//665 811//667 812//668 
f 811//667 813//669 814//670 
f 813//669 815//671 816//672 
f 817//673 818//674 816//672 
f 819//675 820//676 818//674 
f 821//677 822//678 820//676 
f 821//677 823//679 824//680 
f 823//679 825//681 826//682 
f 825//681 827//683 828//684 
f 829//685 830//686 828//684 
f 831//687 832//688 830//686 
f 833//689 834//690 832//688 
f 833//689 835//691 836//692 
f 835//691 837//693 838//694 
f 837//693 679//695 678//696 
f 838//694 678//696 515//697 
f 836//692 838//694 681//698 
f 681//698 682//699 836//692 
f 838//694 683//700 681//698 
f 834//690 836//692 684//701 
f 832//688 834//690 685//702 
f 834//690 686//703 687//704 
f 687//704 685//702 834//690 
f 832//688 688//705 689//706 
f 832//688 690//707 688//705 
f 689//706 830//686 832//688 
f 830//686 691//708 692//709 
f 692//709 828//684 830//686 
f 826//682 693//710 694//711 
f 828//684 695//712 693//710 
f 693//710 826//682 828//684 
f 826//682 696//713 697//714 
f 697//714 824//680 826//682 
f 822//678 824//680 698//715 
f 824//680 699//716 698//715 
f 820//676 822//678 700//717 
f 700//717 701//718 820//676 
f 818//674 820//676 702//719 
f 702//719 703//720 818//674 
f 820//676 704//721 702//719 
f 816//672 818//674 705//722 
f 814//670 816//672 706//723 
f 816//672 707//724 708//725 
f 708//725 706//723 816//672 
f 814//670 709//726 710//727 
f 814//670 711//728 709//726 
f 710//727 812//668 814//670 
f 812//668 712//729 713//730 
f 713//730 810//666 812//668 
f 810//666 714//731 715//732 
f 715//732 808//664 810//666 
f 808//664 716//733 717//734 
f 808//664 718//735 716//733 
f 717//734 806//662 808//664 
f 804//660 806//662 719//736 
f 806//662 720//737 719//736 
f 802//658 804//660 721//738 
f 721//738 722//739 802//658 
f 800//656 802//658 723//740 
f 802//658 724//741 723//740 
f 800//656 725//742 726//743 
f 726//743 798//654 800//656 
f 800//656 727//744 725//742 
f 796//652 798//654 728//745 
f 728//745 729//746 796//652 
f 794//649 730//747 731//748 
f 796//652 732//749 730//747 
f 730//747 794//649 796//652 
f 794//649 733//750 734//751 
f 735//752 793//648 736//753 
f 737//754 738//755 795//651 
f 793//648 735//752 739//756 
f 739//756 737//754 793//648 
f 797//653 795//651 740//757 
f 795//651 738//755 741//758 
f 741//758 740//757 795//651 
f 742//759 799//655 797//653 
f 797//653 743//760 742//759 
f 742//759 744//761 799//655 
f 745//762 746//763 801//657 
f 803//659 801//657 747//764 
f 747//764 748//765 803//659 
f 801//657 746//763 747//764 
f 803//659 749//766 750//767 
f 750//767 805//661 803//659 
f 751//768 807//663 805//661 
f 805//661 752//769 751//768 
f 809//665 807//663 753//770 
f 807//663 754//771 753//770 
f 807//663 755//772 754//771 
f 811//667 809//665 756//773 
f 809//665 757//774 756//773 
f 813//669 811//667 758//775 
f 811//667 759//776 758//775 
f 813//669 760//777 761//778 
f 813//669 762//779 760//777 
f 761//778 815//671 813//669 
f 817//673 815//671 763//780 
f 815//671 764//781 763//780 
f 765//782 766//783 819//675 
f 817//673 767//784 765//782 
f 768//785 769//786 821//677 
f 819//675 766//783 770//787 
f 770//787 768//785 819//675 
f 821//677 771//788 772//789 
f 821//677 769//786 771//788 
f 772//789 823//679 821//677 
f 773//790 825//681 823//679 
f 823//679 774//791 773//790 
f 827//683 775//792 776//793 
f 825//681 777//794 775//792 
f 775//792 827//683 825//681 
f 829//685 778//795 779//796 
f 827//683 780//797 778//795 
f 778//795 829//685 827//683 
f 831//687 781//798 782//799 
f 781//798 831//687 829//685 
f 829//685 783//800 781//798 
f 784//801 833//689 831//687 
f 831//687 785//802 784//801 
f 786//803 787//804 835//691 
f 833//689 788//805 786//803 
f 837//693 835//691 789//806 
f 789//806 790//807 837//693 
f 835//691 787//804 789//806 
f 791//808 245//809 679//695 
f 679//695 837//693 791//808 
f 790//807 791//808 837//693 
f 835//691 833//689 786//803 
f 784//801 788//805 833//689 
f 782//799 785//802 831//687 
f 779//796 783//800 829//685 
f 776//793 780//797 827//683 
f 773//790 777//794 825//681 
f 772//789 774//791 823//679 
f 821//677 819//675 768//785 
f 819//675 817//673 765//782 
f 763//780 767//784 817//673 
f 761//778 764//781 815//671 
f 758//775 762//779 813//669 
f 756//773 759//776 811//667 
f 753//770 757//774 809//665 
f 751//768 755//772 807//663 
f 750//767 752//769 805//661 
f 748//765 749//766 803//659 
f 801//657 799//655 745//762 
f 744//761 745//762 799//655 
f 740//757 743//760 797//653 
f 795//651 793//648 737//754 
f 736//753 792//810 735//752 
f 734//751 680//650 794//649 
f 731//748 733//750 794//649 
f 729//746 732//749 796//652 
f 726//743 728//745 798//654 
f 723//740 727//744 800//656 
f 722//739 724//741 802//658 
f 719//736 721//738 804//660 
f 717//734 720//737 806//662 
f 715//732 718//735 808//664 
f 713//730 714//731 810//666 
f 710//727 712//729 812//668 
f 706//723 711//728 814//670 
f 705//722 707//724 816//672 
f 703//720 705//722 818//674 
f 701//718 704//721 820//676 
f 698//715 700//717 822//678 
f 697//714 699//716 824//680 
f 694//711 696//713 826//682 
f 692//709 695//712 828//684 
f 689//706 691//708 830//686 
f 685//702 690//707 832//688 
f 684//701 686//703 834//690 
f 682//699 684//701 836//692 
f 515//697 683//700 838//694 
f 678//696 838//694 837//693 
f 838//694 836//692 835//691 
f 836//692 834//690 833//689 
f 832//688 831//687 833//689 
f 830//686 829//685 831//687 
f 828//684 827//683 829//685 
f 828//684 826//682 825//681 
f 826//682 824//680 823//679 
f 824//680 822//678 821//677 
f 820//676 819//675 821//677 
f 818//674 817//673 819//675 
f 816//672 815//671 817//673 
f 816//672 814//670 813//669 
f 814//670 812//668 811//667 
f 812//668 810//666 809//665 
f 808//664 807//663 809//665 
f 806//662 805//661 807//663 
f 804//660 803//659 805//661 
f 804//660 802//658 801//657 
f 802//658 800//656 799//655 
f 800//656 798//654 797//653 
f 796//652 795//651 797//653 
f 794//649 793//648 795//651 
f 680//650 736//753 793//648 
o mesh13
f 245//811 578//812 575//813 
f 791//814 576//815 578//812 
f 578//812 245//811 791//814 
f 791//814 790//816 576//815 
f 790//816 789//817 576//815 
f 789//817 580//818 577//819 
f 579//820 787//821 786//822 
f 787//821 579//820 580//818 
f 580//818 789//817 787//821 
f 786//822 788//823 579//820 
f 577//819 576//815 789//817 
f 784//824 581//825 582//826 
f 785//827 583//828 581//825 
f 581//825 784//824 785//827 
f 785//827 782//829 583//828 
f 582//826 579//820 784//824 
f 783//830 586//831 585//832 
f 585//832 781//833 783//830 
f 585//832 584//834 781//833 
f 584//834 583//828 781//833 
f 783//830 779//835 586//831 
f 778//836 588//837 587//838 
f 780//839 589//840 588//837 
f 588//837 778//836 780//839 
f 780//839 776//841 589//840 
f 587//838 586//831 778//836 
f 590//842 773//843 774//844 
f 777//845 591//846 589//840 
f 777//845 590//842 591//846 
f 589//840 775//847 777//845 
f 777//845 773//843 590//842 
f 772//848 592//849 593//850 
f 593//850 594//851 772//848 
f 771//852 595//853 596//854 
f 596//854 772//848 771//852 
f 771//852 769//855 595//853 
f 769//855 768//856 595//853 
f 596//854 592//849 772//848 
f 770//857 597//858 598//859 
f 598//859 768//856 770//857 
f 770//857 766//860 597//858 
f 766//860 765//861 597//858 
f 600//862 763//863 764//864 
f 765//861 599//865 601//866 
f 767//867 600//862 599//865 
f 599//865 765//861 767//867 
f 767//867 763//863 600//862 
f 601//866 597//858 765//861 
f 761//868 606//869 602//870 
f 602//870 603//871 761//868 
f 760//872 604//873 606//869 
f 606//869 761//868 760//872 
f 760//872 762//874 604//873 
f 762//874 758//875 604//873 
f 758//875 609//876 605//877 
f 759//878 607//879 609//876 
f 609//876 758//875 759//878 
f 759//878 756//880 607//879 
f 611//881 754//882 755//883 
f 756//880 610//884 608//885 
f 611//881 757//886 753//887 
f 757//886 611//881 610//884 
f 610//884 756//880 757//886 
f 753//887 754//882 611//881 
f 608//885 607//879 756//880 
f 751//888 612//889 613//890 
f 752//891 614//892 616//893 
f 616//893 751//888 752//891 
f 616//893 612//889 751//888 
f 613//890 611//881 751//888 
f 750//894 619//895 615//896 
f 749//897 617//898 619//895 
f 619//895 750//894 749//897 
f 615//896 614//892 750//894 
f 749//897 748//899 617//898 
f 747//900 622//901 618//902 
f 746//903 620//904 622//901 
f 622//901 747//900 746//903 
f 618//902 617//898 747//900 
f 746//903 745//905 620//904 
f 744//906 624//907 621//908 
f 742//909 623//910 624//907 
f 624//907 744//906 742//909 
f 742//909 743//911 623//910 
f 743//911 740//912 623//910 
f 740//912 625//913 627//914 
f 741//915 628//916 626//917 
f 626//917 740//912 741//915 
f 741//915 738//918 628//916 
f 626//917 625//913 740//912 
f 738//918 737//919 628//916 
f 737//919 630//920 629//921 
f 631//922 630//920 737//919 
f 737//919 739//923 631//922 
f 739//923 735//924 631//922 
f 629//921 628//916 737//919 
f 735//924 792//925 631//922 
f 627//914 623//910 740//912 
f 621//908 620//904 744//906 
f 745//905 744//906 620//904 
f 748//899 747//900 617//898 
f 752//891 750//894 614//892 
f 755//883 751//888 611//881 
f 605//877 604//873 758//875 
f 603//871 600//862 761//868 
f 764//864 761//868 600//862 
f 598//859 595//853 768//856 
f 594//851 590//842 772//848 
f 774//844 772//848 590//842 
f 776//841 775//847 589//840 
f 779//835 778//836 586//831 
f 782//829 781//833 583//828 
f 788//823 784//824 579//820 
f 575//813 228//926 245//811 
o mesh14
f 516//927 681//928 683//929 
f 574//930 682//931 681//928 
f 681//928 516//927 574//930 
f 574//930 572//932 682//931 
f 686//933 684//934 572//932 
f 572//932 571//935 686//933 
f 573//936 687//937 686//933 
f 571//935 573//936 686//933 
f 684//934 682//931 572//932 
f 570//938 690//939 685//940 
f 688//941 690//939 570//938 
f 570//938 569//942 688//941 
f 569//942 567//943 688//941 
f 692//944 564//945 565//946 
f 692//944 691//947 567//943 
f 567//943 566//948 692//944 
f 566//948 568//949 692//944 
f 691//947 689//950 567//943 
f 689//950 688//941 567//943 
f 568//949 564//945 692//944 
f 563//951 693//952 695//953 
f 562//954 694//955 693//952 
f 693//952 563//951 562//954 
f 562//954 560//956 694//955 
f 560//956 697//957 696//958 
f 698//959 561//960 558//961 
f 561//960 698//959 699//962 
f 699//962 560//956 561//960 
f 699//962 697//957 560//956 
f 558//961 557//963 698//959 
f 701//964 559//965 556//966 
f 559//965 701//964 700//967 
f 700//967 557//963 559//965 
f 556//966 555//968 701//964 
f 700//967 698//959 557//963 
f 554//969 702//970 704//971 
f 553//972 703//973 702//970 
f 702//970 554//969 553//972 
f 553//972 551//974 703//973 
f 704//971 701//964 554//969 
f 550//975 707//976 705//977 
f 552//978 708//979 707//976 
f 707//976 550//975 552//978 
f 705//977 703//973 550//975 
f 552//978 547//980 708//979 
f 549//981 711//982 706//983 
f 548//984 709//985 711//982 
f 711//982 549//981 548//984 
f 706//983 708//979 549//981 
f 548//984 546//986 709//985 
f 713//987 543//988 545//989 
f 544//990 712//991 710//992 
f 543//988 713//987 712//991 
f 712//991 544//990 543//988 
f 710//992 709//985 544//990 
f 542//993 715//994 714//995 
f 716//996 718//997 542//993 
f 542//993 541//998 716//996 
f 541//998 539//999 716//996 
f 718//997 715//994 542//993 
f 719//1000 540//1001 538//1002 
f 538//1002 537//1003 719//1000 
f 540//1001 719//1000 720//1004 
f 720//1004 539//999 540//1001 
f 720//1004 717//1005 539//999 
f 537//1003 535//1006 719//1000 
f 534//1007 722//1008 721//1009 
f 721//1009 535//1006 534//1007 
f 534//1007 536//1010 722//1008 
f 721//1009 719//1000 535//1006 
f 533//1011 727//1012 723//1013 
f 533//1011 725//1014 727//1012 
f 723//1013 724//1015 533//1011 
f 532//1016 726//1017 725//1014 
f 725//1014 533//1011 532//1016 
f 532//1016 530//1018 726//1017 
f 530//1018 529//1019 726//1017 
f 531//1020 729//1021 728//1022 
f 728//1022 529//1019 531//1020 
f 531//1020 526//1023 729//1021 
f 526//1023 528//1024 729//1021 
f 528//1024 730//1025 732//1026 
f 731//1027 527//1028 525//1029 
f 527//1028 731//1027 730//1025 
f 730//1025 528//1024 527//1028 
f 525//1029 523//1030 731//1027 
f 734//1031 733//1032 523//1030 
f 523//1030 522//1033 734//1031 
f 522//1033 524//1034 734//1031 
f 733//1032 731//1027 523//1030 
f 524//1034 521//1035 734//1031 
f 732//1026 729//1021 528//1024 
f 728//1022 726//1017 529//1019 
f 724//1015 722//1008 533//1011 
f 536//1010 533//1011 722//1008 
f 717//1005 716//996 539//999 
f 714//995 713//987 542//993 
f 545//989 542//993 713//987 
f 546//986 544//990 709//985 
f 547//980 549//981 708//979 
f 551//974 550//975 703//973 
f 555//968 554//969 701//964 
f 696//958 694//955 560//956 
f 695//953 692//944 563//951 
f 565//946 563//951 692//944 
f 685//940 687//937 570//938 
f 573//936 570//938 687//937 
f 683//929 515//1036 516//927 
o mesh15
f 839//1037 520//1037 519//1037 
f 839//1037 521//1037 520//1037 
f 519//1037 840//1037 839//1037 
f 519//1037 631//1037 840//1037 
o mesh16
f 841//1038 842//1038 736//1038 
f 842//1038 792//1038 736//1038 
f 736//1038 680//1038 841//1038 
f 680//1038 734//1038 841//1038 
o mesh17
f 843//1039 844//1039 845//1040 
f 846//1040 845//1040 847//1041 
f 848//1041 847//1041 849//1042 
f 850//1042 849//1042 851//1043 
f 852//1043 851//1043 853//1044 
f 854//1044 853//1044 855//1045 
f 856//1045 855//1045 857//1046 
f 858//1046 857//1046 859//1047 
f 860//1047 859//1047 861//1048 
f 862//1048 861//1048 863//1049 
f 864//1049 863//1049 865//1050 
f 866//1050 865//1050 867//1051 
f 868//1051 867//1051 869//1052 
f 870//1052 869//1052 871//1053 
f 872//1053 871//1053 842//1054 
f 842//1054 841//1054 872//1053 
f 871//1053 872//1053 870//1052 
f 869//1052 870//1052 868//1051 
f 867//1051 868//1051 866//1050 
f 865//1050 866//1050 864//1049 
f 863//1049 864//1049 862//1048 
f 861//1048 862//1048 860//1047 
f 859//1047 860//1047 858//1046 
f 857//1046 858//1046 856//1045 
f 855//1045 856//1045 854//1044 
f 853//1044 854//1044 852//1043 
f 851//1043 852//1043 850//1042 
f 849//1042 850//1042 848//1041 
f 847//1041 848//1041 846//1040 
f 845//1040 846//1040 843//1039 
o mesh18
f 873//1055 874//1055 844//1055 
f 844//1055 843//1055 873//1055 
o mesh19
f 839//1056 840//1056 875//1057 
f 876//1057 875//1057 877//1058 
f 878//1058 877//1058 879//1059 
f 880//1059 879//1059 881//1060 
f 882//1060 881//1060 883//1061 
f 884//1061 883//1061 885//1062 
f 886//1062 885//1062 887//1063 
f 888//1063 887//1063 889//1064 
f 890//1064 889//1064 891//1065 
f 892//1065 891//1065 893//1066 
f 894//1066 893//1066 895//1067 
f 896//1067 895//1067 897//1068 
f 898//1068 897//1068 899//1069 
f 900//1069 899//1069 901//1070 
f 902//1070 901//1070 874//1071 
f 874//1071 873//1071 902//1070 
f 901//1070 902//1070 900//1069 
f 899//1069 900//1069 898//1068 
f 897//1068 898//1068 896//1067 
f 895//1067 896//1067 894//1066 
f 893//1066 894//1066 892//1065 
f 891//1065 892//1065 890//1064 
f 889//1064 890//1064 888//1063 
f 887//1063 888//1063 886//1062 
f 885//1062 886//1062 884//1061 
f 883//1061 884//1061 882//1060 
f 881//1060 882//1060 880//1059 
f 879//1059 880//1059 878//1058 
f 877//1058 878//1058 876//1057 
f 875//1057 876//1057 839//1056 
o mesh20
f 792//1072 903//1072 904//1072 
f 631//1072 905//1072 906//1072 
f 631//1072 904//1072 907//1072 
f 792//1072 908//1072 903//1072 
f 857//1072 909//1072 910//1072 
f 874//1072 911//1072 912//1072 
f 631//1072 913//1072 905//1072 
f 904//1072 631//1072 792//1072 
f 910//1072 914//1072 857//1072 
f 874//1072 915//1072 911//1072 
f 874//1072 916//1072 917//1072 
f 918//1072 919//1072 874//1072 
f 907//1072 913//1072 631//1072 
f 792//1072 920//1072 921//1072 
f 922//1072 859//1072 857//1072 
f 922//1072 842//1072 871//1072 
f 857//1072 923//1072 924//1072 
f 857//1072 925//1072 909//1072 
f 917//1072 915//1072 874//1072 
f 874//1072 926//1072 927//1072 
f 874//1072 928//1072 929//1072 
f 918//1072 893//1072 891//1072 
f 918//1072 899//1072 897//1072 
f 874//1072 901//1072 918//1072 
f 631//1072 930//1072 931//1072 
f 631//1072 932//1072 933//1072 
f 921//1072 908//1072 792//1072 
f 922//1072 861//1072 859//1072 
f 922//1072 865//1072 863//1072 
f 871//1072 869//1072 922//1072 
f 924//1072 934//1072 857//1072 
f 857//1072 912//1072 925//1072 
f 912//1072 847//1072 845//1072 
f 927//1072 916//1072 874//1072 
f 929//1072 935//1072 874//1072 
f 874//1072 936//1072 937//1072 
f 918//1072 895//1072 893//1072 
f 901//1072 899//1072 918//1072 
f 931//1072 938//1072 631//1072 
f 939//1072 940//1072 941//1072 
f 942//1072 937//1072 943//1072 
f 906//1072 932//1072 631//1072 
f 792//1072 944//1072 945//1072 
f 863//1072 861//1072 922//1072 
f 869//1072 867//1072 922//1072 
f 857//1072 946//1072 947//1072 
f 914//1072 923//1072 857//1072 
f 912//1072 849//1072 847//1072 
f 935//1072 926//1072 874//1072 
f 874//1072 948//1072 949//1072 
f 874//1072 950//1072 936//1072 
f 874//1072 951//1072 952//1072 
f 918//1072 877//1072 875//1072 
f 918//1072 889//1072 887//1072 
f 897//1072 895//1072 918//1072 
f 631//1072 953//1072 930//1072 
f 939//1072 954//1072 953//1072 
f 939//1072 955//1072 956//1072 
f 939//1072 957//1072 940//1072 
f 943//1072 939//1072 942//1072 
f 945//1072 920//1072 792//1072 
f 792//1072 958//1072 959//1072 
f 792//1072 960//1072 961//1072 
f 842//1072 922//1072 962//1072 
f 867//1072 865//1072 922//1072 
f 857//1072 963//1072 964//1072 
f 934//1072 946//1072 857//1072 
f 912//1072 853//1072 851//1072 
f 912//1072 844//1072 874//1072 
f 937//1072 948//1072 874//1072 
f 952//1072 965//1072 874//1072 
f 918//1072 879//1072 877//1072 
f 918//1072 885//1072 883//1072 
f 891//1072 889//1072 918//1072 
f 631//1072 966//1072 967//1072 
f 938//1072 968//1072 631//1072 
f 956//1072 954//1072 939//1072 
f 939//1072 969//1072 970//1072 
f 939//1072 971//1072 972//1072 
f 943//1072 957//1072 939//1072 
f 631//1072 973//1072 974//1072 
f 959//1072 944//1072 792//1072 
f 792//1072 975//1072 976//1072 
f 792//1072 977//1072 978//1072 
f 961//1072 979//1072 792//1072 
f 857//1072 980//1072 922//1072 
f 947//1072 963//1072 857//1072 
f 912//1072 857//1072 855//1072 
f 845//1072 844//1072 912//1072 
f 965//1072 950//1072 874//1072 
f 874//1072 981//1072 982//1072 
f 918//1072 881//1072 879//1072 
f 887//1072 885//1072 918//1072 
f 631//1072 983//1072 984//1072 
f 968//1072 966//1072 631//1072 
f 970//1072 955//1072 939//1072 
f 939//1072 985//1072 986//1072 
f 939//1072 987//1072 988//1072 
f 939//1072 989//1072 990//1072 
f 941//1072 971//1072 939//1072 
f 631//1072 991//1072 992//1072 
f 933//1072 973//1072 631//1072 
f 978//1072 975//1072 792//1072 
f 979//1072 993//1072 792//1072 
f 842//1072 994//1072 960//1072 
f 964//1072 980//1072 857//1072 
f 851//1072 849//1072 912//1072 
f 982//1072 951//1072 874//1072 
f 883//1072 881//1072 918//1072 
f 631//1072 995//1072 996//1072 
f 967//1072 983//1072 631//1072 
f 939//1072 997//1072 969//1072 
f 988//1072 985//1072 939//1072 
f 990//1072 998//1072 939//1072 
f 939//1072 999//1072 1000//1072 
f 939//1072 1001//1072 1002//1072 
f 972//1072 1001//1072 939//1072 
f 631//1072 1003//1072 991//1072 
f 976//1072 958//1072 792//1072 
f 960//1072 792//1072 842//1072 
f 855//1072 853//1072 912//1072 
f 949//1072 1004//1072 874//1072 
f 874//1072 1005//1072 1006//1072 
f 875//1072 840//1072 918//1072 
f 631//1072 1007//1072 1008//1072 
f 984//1072 995//1072 631//1072 
f 986//1072 997//1072 939//1072 
f 998//1072 1009//1072 939//1072 
f 939//1072 1010//1072 999//1072 
f 942//1072 948//1072 937//1072 
f 974//1072 1003//1072 631//1072 
f 962//1072 994//1072 842//1072 
f 1006//1072 981//1072 874//1072 
f 919//1072 1011//1072 874//1072 
f 631//1072 1012//1072 1013//1072 
f 1008//1072 1014//1072 631//1072 
f 953//1072 631//1072 939//1072 
f 939//1072 1015//1072 989//1072 
f 1002//1072 1010//1072 939//1072 
f 993//1072 977//1072 792//1072 
f 1011//1072 1005//1072 874//1072 
f 1013//1072 840//1072 631//1072 
f 996//1072 1007//1072 631//1072 
f 1000//1072 1015//1072 939//1072 
f 1004//1072 928//1072 874//1072 
f 1013//1072 1016//1072 840//1072 
f 1009//1072 987//1072 939//1072 
f 1016//1072 918//1072 840//1072 
f 631//1072 1017//1072 1018//1072 
f 992//1072 939//1072 631//1072 
f 1014//1072 1017//1072 631//1072 
f 1018//1072 1012//1072 631//1072 
o mesh21
f 1019//1073 1020//1074 910//1074 
f 1021//1075 1019//1073 909//1076 
f 1022//1077 1021//1075 925//1078 
f 1023//1079 1022//1077 912//1080 
f 1024//1081 1023//1079 911//1082 
f 1025//1083 1024//1081 915//1084 
f 1026//1085 1025//1083 917//1086 
f 1027//1087 1026//1085 916//1088 
f 1028//1089 1027//1087 927//1090 
f 1029//1091 1028//1089 926//1092 
f 1030//1093 1029//1091 935//1094 
f 1031//1095 1030//1093 929//1096 
f 1032//1097 1031//1095 928//1098 
f 1033//1099 1032//1097 1004//1100 
f 1034//1101 1033//1099 949//1102 
f 1035//1103 1034//1101 948//1104 
f 1036//1105 1035//1103 942//1106 
f 1037//1107 1036//1105 939//1108 
f 1038//1109 1037//1107 992//1110 
f 1039//1111 1038//1109 991//1112 
f 1040//1113 1039//1111 1003//1114 
f 1041//1115 1040//1113 974//1116 
f 1042//1117 1041//1115 973//1118 
f 1043//1119 1042//1117 933//1120 
f 1044//1121 1043//1119 932//1122 
f 1045//1123 1044//1121 906//1124 
f 1046//1125 1045//1123 905//1126 
f 1047//1127 1046//1125 913//1128 
f 1048//1129 1047//1127 907//1130 
f 1049//1131 1048//1129 904//1132 
f 1050//1133 1049//1131 903//1134 
f 1051//1135 1050//1133 908//1136 
f 1052//1137 1051//1135 921//1138 
f 1053//1139 1052//1137 920//1140 
f 1054//1141 1053//1139 945//1142 
f 1055//1143 1054//1141 944//1144 
f 1056//1145 1055//1143 959//1146 
f 1057//1147 1056//1145 958//1148 
f 1058//1149 1057//1147 976//1150 
f 1059//1151 1058//1149 975//1152 
f 1060//1153 1059//1151 978//1154 
f 1061//1155 1060//1153 977//1156 
f 1062//1157 1061//1155 993//1158 
f 1063//1159 1062//1157 979//1160 
f 1064//1161 1063//1159 961//1162 
f 1065//1163 1064//1161 960//1164 
f 1066//1165 1065//1163 994//1166 
f 1067//1167 1066//1165 962//1168 
f 1068//1169 1067//1167 922//1170 
f 1069//1171 1068//1169 980//1172 
f 1070//1173 1069//1171 964//1174 
f 1071//1175 1070//1173 963//1176 
f 1072//1177 1071//1175 947//1178 
f 1073//1179 1072//1177 946//1180 
f 1074//1181 1073//1179 934//1182 
f 1075//1183 1074//1181 924//1184 
f 1076//1185 1075//1183 923//1186 
f 1020//1074 1076//1185 914//1185 
f 914//1185 910//1074 1020//1074 
f 923//1186 914//1185 1076//1185 
f 924//1184 923//1186 1075//1183 
f 934//1182 924//1184 1074//1181 
f 946//1180 934//1182 1073//1179 
f 947//1178 946//1180 1072//1177 
f 963//1176 947//1178 1071//1175 
f 964//1174 963//1176 1070//1173 
f 980//1172 964//1174 1069//1171 
f 922//1170 980//1172 1068//1169 
f 962//1168 922//1170 1067//1167 
f 994//1166 962//1168 1066//1165 
f 960//1164 994//1166 1065//1163 
f 961//1162 960//1164 1064//1161 
f 979//1160 961//1162 1063//1159 
f 993//1158 979//1160 1062//1157 
f 977//1156 993//1158 1061//1155 
f 978//1154 977//1156 1060//1153 
f 975//1152 978//1154 1059//1151 
f 976//1150 975//1152 1058//1149 
f 958//1148 976//1150 1057//1147 
f 959//1146 958//1148 1056//1145 
f 944//1144 959//1146 1055//1143 
f 945//1142 944//1144 1054//1141 
f 920//1140 945//1142 1053//1139 
f 921//1138 920//1140 1052//1137 
f 908//1136 921//1138 1051//1135 
f 903//1134 908//1136 1050//1133 
f 904//1132 903//1134 1049//1131 
f 907//1130 904//1132 1048//1129 
f 913//1128 907//1130 1047//1127 
f 905//1126 913//1128 1046//1125 
f 906//1124 905//1126 1045//1123 
f 932//1122 906//1124 1044//1121 
f 933//1120 932//1122 1043//1119 
f 973//1118 933//1120 1042//1117 
f 974//1116 973//1118 1041//1115 
f 1003//1114 974//1116 1040//1113 
f 991//1112 1003//1114 1039//1111 
f 992//1110 991//1112 1038//1109 
f 939//1108 992//1110 1037//1107 
f 942//1106 939//1108 1036//1105 
f 948//1104 942//1106 1035//1103 
f 949//1102 948//1104 1034//1101 
f 1004//1100 949//1102 1033//1099 
f 928//1098 1004//1100 1032//1097 
f 929//1096 928//1098 1031//1095 
f 935//1094 929//1096 1030//1093 
f 926//1092 935//1094 1029//1091 
f 927//1090 926//1092 1028//1089 
f 916//1088 927//1090 1027//1087 
f 917//1086 916//1088 1026//1085 
f 915//1084 917//1086 1025//1083 
f 911//1082 915//1084 1024//1081 
f 912//1080 911//1082 1023//1079 
f 925//1078 912//1080 1022//1077 
f 909//1076 925//1078 1021//1075 
f 910//1074 909//1076 1019//1073 
o mesh22
f 1077//1187 1078//1188 937//1188 
f 1079//1189 1077//1187 936//1190 
f 1080//1191 1079//1189 950//1192 
f 1081//1193 1080//1191 965//1194 
f 1082//1195 1081//1193 952//1196 
f 1083//1197 1082//1195 951//1198 
f 1084//1199 1083//1197 982//1200 
f 1085//1201 1084//1199 981//1202 
f 1086//1203 1085//1201 1006//1204 
f 1087//1205 1086//1203 1005//1206 
f 1088//1207 1087//1205 1011//1208 
f 1089//1209 1088//1207 919//1210 
f 1090//1211 1089//1209 918//1212 
f 1091//1213 1090//1211 1016//1214 
f 1092//1215 1091//1213 1013//1216 
f 1093//1217 1092//1215 1012//1218 
f 1094//1219 1093//1217 1018//1220 
f 1095//1221 1094//1219 1017//1222 
f 1096//1223 1095//1221 1014//1224 
f 1097//1225 1096//1223 1008//1226 
f 1098//1227 1097//1225 1007//1228 
f 1099//1229 1098//1227 996//1230 
f 1100//1231 1099//1229 995//1232 
f 1101//1233 1100//1231 984//1234 
f 1102//1235 1101//1233 983//1236 
f 1103//1237 1102//1235 967//1238 
f 1104//1239 1103//1237 966//1240 
f 1105//1241 1104//1239 968//1242 
f 1106//1243 1105//1241 938//1244 
f 1107//1245 1106//1243 931//1246 
f 1108//1247 1107//1245 930//1248 
f 1109//1249 1108//1247 953//1250 
f 1110//1251 1109//1249 954//1252 
f 1111//1253 1110//1251 956//1254 
f 1112//1255 1111//1253 955//1256 
f 1113//1257 1112//1255 970//1258 
f 1114//1259 1113//1257 969//1260 
f 1115//1261 1114//1259 997//1262 
f 1116//1263 1115//1261 986//1264 
f 1117//1265 1116//1263 985//1266 
f 1118//1267 1117//1265 988//1268 
f 1119//1269 1118//1267 987//1270 
f 1120//1271 1119//1269 1009//1272 
f 1121//1273 1120//1271 998//1274 
f 1122//1275 1121//1273 990//1276 
f 1123//1277 1122//1275 989//1278 
f 1124//1279 1123//1277 1015//1280 
f 1125//1281 1124//1279 1000//1282 
f 1126//1283 1125//1281 999//1284 
f 1127//1285 1126//1283 1010//1286 
f 1128//1287 1127//1285 1002//1288 
f 1129//1289 1128//1287 1001//1290 
f 1130//1291 1129//1289 972//1292 
f 1131//1293 1130//1291 971//1294 
f 1132//1295 1131//1293 941//1296 
f 1133//1297 1132//1295 940//1298 
f 1134//1299 1133//1297 957//1300 
f 1078//1188 1134//1299 943//1299 
f 943//1299 937//1188 1078//1188 
f 957//1300 943//1299 1134//1299 
f 940//1298 957//1300 1133//1297 
f 941//1296 940//1298 1132//1295 
f 971//1294 941//1296 1131//1293 
f 972//1292 971//1294 1130//1291 
f 1001//1290 972//1292 1129//1289 
f 1002//1288 1001//1290 1128//1287 
f 1010//1286 1002//1288 1127//1285 
f 999//1284 1010//1286 1126//1283 
f 1000//1282 999//1284 1125//1281 
f 1015//1280 1000//1282 1124//1279 
f 989//1278 1015//1280 1123//1277 
f 990//1276 989//1278 1122//1275 
f 998//1274 990//1276 1121//1273 
f 1009//1272 998//1274 1120//1271 
f 987//1270 1009//1272 1119//1269 
f 988//1268 987//1270 1118//1267 
f 985//1266 988//1268 1117//1265 
f 986//1264 985//1266 1116//1263 
f 997//1262 986//1264 1115//1261 
f 969//1260 997//1262 1114//1259 
f 970//1258 969//1260 1113//1257 
f 955//1256 970//1258 1112//1255 
f 956//1254 955//1256 1111//1253 
f 954//1252 956//1254 1110//1251 
f 953//1250 954//1252 1109//1249 
f 930//1248 953//1250 1108//1247 
f 931//1246 930//1248 1107//1245 
f 938//1244 931//1246 1106//1243 
f 968//1242 938//1244 1105//1241 
f 966//1240 968//1242 1104//1239 
f 967//1238 966//1240 1103//1237 
f 983//1236 967//1238 1102//1235 
f 984//1234 983//1236 1101//1233 
f 995//1232 984//1234 1100//1231 
f 996//1230 995//1232 1099//1229 
f 1007//1228 996//1230 1098//1227 
f 1008//1226 1007//1228 1097//1225 
f 1014//1224 1008//1226 1096//1223 
f 1017//1222 1014//1224 1095//1221 
f 1018//1220 1017//1222 1094//1219 
f 1012//1218 1018//1220 1093//1217 
f 1013//1216 1012//1218 1092//1215 
f 1016//1214 1013//1216 1091//1213 
f 918//1212 1016//1214 1090//1211 
f 919//1210 918//1212 1089//1209 
f 1011//1208 919//1210 1088//1207 
f 1005//1206 1011//1208 1087//1205 
f 1006//1204 1005//1206 1086//1203 
f 981//1202 1006//1204 1085//1201 
f 982//1200 981//1202 1084//1199 
f 951//1198 982//1200 1083//1197 
f 952//1196 951//1198 1082//1195 
f 965//1194 952//1196 1081//1193 
f 950//1192 965//1194 1080//1191 
f 936//1190 950//1192 1079//1189 
f 937//1188 936//1190 1077//1187 
o mesh23
f 1135//1301 1105//1301 1106//1301 
f 1136//1301 854//1301 856//1301 
f 1020//1301 1109//1301 1110//1301 
f 1020//1301 1106//1301 1107//1301 
f 1135//1301 1104//1301 1105//1301 
f 1136//1301 852//1301 854//1301 
f 1136//1301 848//1301 850//1301 
f 1137//1301 1076//1301 1020//1301 
f 1020//1301 1108//1301 1109//1301 
f 1106//1301 1020//1301 1135//1301 
f 1135//1301 1101//1301 1102//1301 
f 1138//1301 1047//1301 1048//1301 
f 1136//1301 858//1301 860//1301 
f 850//1301 852//1301 1136//1301 
f 1137//1301 1075//1301 1076//1301 
f 1137//1301 1072//1301 1073//1301 
f 1107//1301 1108//1301 1020//1301 
f 1102//1301 1103//1301 1135//1301 
f 1138//1301 1051//1301 1052//1301 
f 1138//1301 1049//1301 1050//1301 
f 1138//1301 1046//1301 1047//1301 
f 1136//1301 868//1301 870//1301 
f 1136//1301 862//1301 864//1301 
f 856//1301 858//1301 1136//1301 
f 1020//1301 1118//1301 1137//1301 
f 1073//1301 1074//1301 1137//1301 
f 1020//1301 1111//1301 1112//1301 
f 1103//1301 1104//1301 1135//1301 
f 1139//1301 1022//1301 1023//1301 
f 1050//1301 1051//1301 1138//1301 
f 1138//1301 1045//1301 1046//1301 
f 521//1301 1044//1301 1045//1301 
f 1121//1301 843//1301 1137//1301 
f 1136//1301 866//1301 868//1301 
f 860//1301 862//1301 1136//1301 
f 1140//1301 872//1301 841//1301 
f 1074//1301 1075//1301 1137//1301 
f 1137//1301 1070//1301 1071//1301 
f 1110//1301 1111//1301 1020//1301 
f 1135//1301 1099//1301 1100//1301 
f 1139//1301 1021//1301 1022//1301 
f 1139//1301 1020//1301 1019//1301 
f 1138//1301 1053//1301 1054//1301 
f 1048//1301 1049//1301 1138//1301 
f 521//1301 1043//1301 1044//1301 
f 521//1301 1041//1301 1042//1301 
f 843//1301 1141//1301 1137//1301 
f 843//1301 1142//1301 1143//1301 
f 1136//1301 1144//1301 843//1301 
f 864//1301 866//1301 1136//1301 
f 1140//1301 870//1301 872//1301 
f 1071//1301 1072//1301 1137//1301 
f 1100//1301 1101//1301 1135//1301 
f 1145//1301 1082//1301 1083//1301 
f 1139//1301 1032//1301 1033//1301 
f 1139//1301 1024//1301 1025//1301 
f 1019//1301 1021//1301 1139//1301 
f 1138//1301 1058//1301 1059//1301 
f 1138//1301 1056//1301 1057//1301 
f 1052//1301 1053//1301 1138//1301 
f 1042//1301 1043//1301 521//1301 
f 521//1301 1039//1301 1040//1301 
f 843//1301 1146//1301 1141//1301 
f 843//1301 1144//1301 1142//1301 
f 843//1301 846//1301 1136//1301 
f 841//1301 1147//1301 1140//1301 
f 1118//1301 1119//1301 1137//1301 
f 1137//1301 1068//1301 1069//1301 
f 1137//1301 1065//1301 1066//1301 
f 1137//1301 1138//1301 1062//1301 
f 1020//1301 1116//1301 1117//1301 
f 1020//1301 1114//1301 1115//1301 
f 1112//1301 1113//1301 1020//1301 
f 1135//1301 1097//1301 1098//1301 
f 1095//1301 1135//1301 1145//1301 
f 1145//1301 1090//1301 1091//1301 
f 1145//1301 1081//1301 1082//1301 
f 1033//1301 1034//1301 1139//1301 
f 1139//1301 1029//1301 1030//1301 
f 1139//1301 1026//1301 1027//1301 
f 1023//1301 1024//1301 1139//1301 
f 1057//1301 1058//1301 1138//1301 
f 1054//1301 1055//1301 1138//1301 
f 1040//1301 1041//1301 521//1301 
f 521//1301 1037//1301 1038//1301 
f 1143//1301 1146//1301 843//1301 
f 870//1301 1140//1301 1136//1301 
f 1069//1301 1070//1301 1137//1301 
f 1066//1301 1067//1301 1137//1301 
f 1062//1301 1063//1301 1137//1301 
f 1115//1301 1116//1301 1020//1301 
f 1098//1301 1099//1301 1135//1301 
f 1145//1301 1094//1301 1095//1301 
f 1091//1301 1092//1301 1145//1301 
f 1145//1301 1086//1301 1087//1301 
f 1083//1301 1084//1301 1145//1301 
f 1034//1301 1035//1301 1139//1301 
f 1139//1301 1028//1301 1029//1301 
f 1025//1301 1026//1301 1139//1301 
f 1055//1301 1056//1301 1138//1301 
f 1038//1301 1039//1301 521//1301 
f 521//1301 1148//1301 1139//1301 
f 1149//1301 1150//1301 1151//1301 
f 734//1301 521//1301 1138//1301 
f 843//1301 1130//1301 1131//1301 
f 846//1301 848//1301 1136//1301 
f 841//1301 1152//1301 1153//1301 
f 1067//1301 1068//1301 1137//1301 
f 1063//1301 1064//1301 1137//1301 
f 1113//1301 1114//1301 1020//1301 
f 1095//1301 1096//1301 1135//1301 
f 1092//1301 1093//1301 1145//1301 
f 1087//1301 1088//1301 1145//1301 
f 1084//1301 1085//1301 1145//1301 
f 1020//1301 1154//1301 1155//1301 
f 1020//1301 1156//1301 1157//1301 
f 1139//1301 1031//1301 1032//1301 
f 1027//1301 1028//1301 1139//1301 
f 1138//1301 1060//1301 1061//1301 
f 1045//1301 1138//1301 521//1301 
f 521//1301 1158//1301 1148//1301 
f 521//1301 1159//1301 1160//1301 
f 1150//1301 1161//1301 1162//1301 
f 1149//1301 1163//1301 1164//1301 
f 1151//1301 1165//1301 1149//1301 
f 1166//1301 1167//1301 1168//1301 
f 734//1301 1169//1301 1170//1301 
f 734//1301 1171//1301 1172//1301 
f 1138//1301 1173//1301 734//1301 
f 843//1301 1133//1301 1134//1301 
f 1131//1301 1132//1301 843//1301 
f 1153//1301 1147//1301 841//1301 
f 841//1301 1174//1301 1175//1301 
f 841//1301 1176//1301 1177//1301 
f 1064//1301 1065//1301 1137//1301 
f 1096//1301 1097//1301 1135//1301 
f 1145//1301 1089//1301 1090//1301 
f 1085//1301 1086//1301 1145//1301 
f 1020//1301 1178//1301 1154//1301 
f 1020//1301 1179//1301 1156//1301 
f 1030//1301 1031//1301 1139//1301 
f 1059//1301 1060//1301 1138//1301 
f 1160//1301 1158//1301 521//1301 
f 1162//1301 1180//1301 1150//1301 
f 1165//1301 1163//1301 1149//1301 
f 1167//1301 1149//1301 1181//1301 
f 1182//1301 1183//1301 1166//1301 
f 1170//1301 1184//1301 734//1301 
f 734//1301 1185//1301 1186//1301 
f 734//1301 1187//1301 1188//1301 
f 1173//1301 1171//1301 734//1301 
f 1189//1301 1134//1301 1078//1301 
f 1132//1301 1133//1301 843//1301 
f 843//1301 1128//1301 1129//1301 
f 1175//1301 1152//1301 841//1301 
f 1177//1301 1190//1301 841//1301 
f 1117//1301 1118//1301 1020//1301 
f 1088//1301 1089//1301 1145//1301 
f 1157//1301 1178//1301 1020//1301 
f 1035//1301 1036//1301 1139//1301 
f 1139//1301 1037//1301 521//1301 
f 521//1301 1191//1301 1192//1301 
f 1164//1301 1181//1301 1149//1301 
f 1168//1301 1182//1301 1166//1301 
f 1193//1301 1183//1301 1182//1301 
f 1184//1301 1194//1301 734//1301 
f 1186//1301 1195//1301 734//1301 
f 734//1301 1196//1301 1197//1301 
f 734//1301 1198//1301 1187//1301 
f 1172//1301 1199//1301 734//1301 
f 1189//1301 1080//1301 1081//1301 
f 1078//1301 1077//1301 1189//1301 
f 1129//1301 1130//1301 843//1301 
f 843//1301 1126//1301 1127//1301 
f 843//1301 1123//1301 1124//1301 
f 1190//1301 1174//1301 841//1301 
f 734//1301 1200//1301 1176//1301 
f 1093//1301 1094//1301 1145//1301 
f 1020//1301 1139//1301 1179//1301 
f 1061//1301 1062//1301 1138//1301 
f 521//1301 1201//1301 1191//1301 
f 1202//1301 900//1301 902//1301 
f 1202//1301 896//1301 898//1301 
f 1202//1301 890//1301 892//1301 
f 1181//1301 1168//1301 1167//1301 
f 1184//1301 1170//1301 1193//1301 
f 734//1301 1203//1301 1169//1301 
f 1195//1301 1204//1301 734//1301 
f 734//1301 1205//1301 1196//1301 
f 1199//1301 1198//1301 734//1301 
f 1081//1301 1206//1301 1207//1301 
f 1077//1301 1079//1301 1189//1301 
f 1127//1301 1128//1301 843//1301 
f 1124//1301 1125//1301 843//1301 
f 1176//1301 841//1301 734//1301 
f 1119//1301 1120//1301 1137//1301 
f 1036//1301 1037//1301 1139//1301 
f 1192//1301 1208//1301 521//1301 
f 521//1301 1209//1301 1210//1301 
f 898//1301 900//1301 1202//1301 
f 892//1301 894//1301 1202//1301 
f 1202//1301 1211//1301 839//1301 
f 1182//1301 1184//1301 1193//1301 
f 1204//1301 1203//1301 734//1301 
f 734//1301 1212//1301 1213//1301 
f 1188//1301 1205//1301 734//1301 
f 1079//1301 1080//1301 1189//1301 
f 1125//1301 1126//1301 843//1301 
f 1137//1301 1120//1301 1121//1301 
f 1155//1301 1135//1301 1020//1301 
f 1210//1301 1201//1301 521//1301 
f 521//1301 839//1301 1211//1301 
f 894//1301 896//1301 1202//1301 
f 1202//1301 886//1301 888//1301 
f 839//1301 876//1301 1202//1301 
f 1194//1301 1200//1301 734//1301 
f 1197//1301 1212//1301 734//1301 
f 1134//1301 1189//1301 843//1301 
f 1121//1301 1122//1301 843//1301 
f 1208//1301 1159//1301 521//1301 
f 1211//1301 1214//1301 521//1301 
f 888//1301 890//1301 1202//1301 
f 1202//1301 882//1301 884//1301 
f 876//1301 878//1301 1202//1301 
f 1213//1301 1185//1301 734//1301 
f 1122//1301 1123//1301 843//1301 
f 1214//1301 1209//1301 521//1301 
f 884//1301 886//1301 1202//1301 
f 878//1301 880//1301 1202//1301 
f 1202//1301 1215//1301 1216//1301 
f 1180//1301 1151//1301 1150//1301 
f 1145//1301 1206//1301 1081//1301 
f 880//1301 882//1301 1202//1301 
f 1216//1301 1217//1301 1202//1301 
f 1081//1301 1207//1301 1189//1301 
f 1202//1301 873//1301 1215//1301 
f 902//1301 873//1301 1202//1301 
f 843//1301 1189//1301 1215//1301 
f 1215//1301 873//1301 843//1301 
f 1161//1301 1218//1301 1162//1301 
o mesh24
f 1216//1302 1219//1302 1220//1302 
f 1220//1302 1217//1302 1216//1302 
o mesh25
f 1214//1303 1211//1303 1221//1303 
f 1221//1303 1222//1303 1214//1303 
o mesh26
f 1209//1304 1214//1303 1222//1303 
f 1210//1305 1209//1304 1223//1304 
f 1201//1306 1210//1305 1224//1305 
f 1191//1307 1201//1306 1225//1306 
f 1192//1308 1191//1307 1226//1307 
f 1208//1309 1192//1308 1227//1308 
f 1159//1310 1208//1309 1228//1309 
f 1160//1311 1159//1310 1229//1310 
f 1158//1312 1160//1311 1230//1311 
f 1148//1313 1158//1312 1231//1312 
f 1139//1314 1148//1313 1232//1313 
f 1179//1315 1139//1314 1233//1314 
f 1156//1316 1179//1315 1234//1315 
f 1157//1317 1156//1316 1235//1316 
f 1178//1318 1157//1317 1236//1317 
f 1154//1319 1178//1318 1237//1318 
f 1155//1320 1154//1319 1238//1319 
f 1135//1321 1155//1320 1239//1320 
f 1145//1322 1135//1321 1240//1321 
f 1206//1323 1145//1322 1241//1322 
f 1207//1324 1206//1323 1242//1323 
f 1242//1323 1243//1324 1207//1324 
f 1241//1322 1242//1323 1206//1323 
f 1240//1321 1241//1322 1145//1322 
f 1239//1320 1240//1321 1135//1321 
f 1238//1319 1239//1320 1155//1320 
f 1237//1318 1238//1319 1154//1319 
f 1236//1317 1237//1318 1178//1318 
f 1235//1316 1236//1317 1157//1317 
f 1234//1315 1235//1316 1156//1316 
f 1233//1314 1234//1315 1179//1315 
f 1232//1313 1233//1314 1139//1314 
f 1231//1312 1232//1313 1148//1313 
f 1230//1311 1231//1312 1158//1312 
f 1229//1310 1230//1311 1160//1311 
f 1228//1309 1229//1310 1159//1310 
f 1227//1308 1228//1309 1208//1309 
f 1226//1307 1227//1308 1192//1308 
f 1225//1306 1226//1307 1191//1307 
f 1224//1305 1225//1306 1201//1306 
f 1223//1304 1224//1305 1210//1305 
f 1222//1303 1223//1304 1209//1304 
o mesh27
f 1244//1324 1189//1324 1207//1324 
f 1207//1324 1243//1324 1244//1324 
o mesh28
f 1245//1325 1215//1325 1189//1325 
f 1189//1325 1244//1325 1245//1325 
o mesh29
f 1245//1326 1219//1326 1216//1326 
f 1216//1326 1215//1326 1245//1326 
o mesh30
f 1202//1327 1217//1327 1220//1327 
f 1220//1327 1246//1327 1202//1327 
o mesh31
f 1246//1328 1221//1328 1211//1328 
f 1211//1328 1202//1328 1246//1328 
o mesh32
f 1247//1329 1173//1329 1138//1329 
f 1138//1329 1248//1329 1247//1329 
o mesh33
f 1249//1330 1248//1330 1138//1330 
f 1138//1330 1137//1330 1249//1330 
o mesh34
f 1171//1331 1173//1332 1247//1332 
f 1172//1333 1171//1331 1250//1334 
f 1199//1335 1172//1333 1251//1336 
f 1198//1337 1199//1335 1252//1338 
f 1187//1339 1198//1337 1253//1340 
f 1188//1341 1187//1339 1254//1342 
f 1205//1343 1188//1341 1255//1344 
f 1196//1345 1205//1343 1256//1346 
f 1197//1347 1196//1345 1257//1348 
f 1212//1349 1197//1347 1258//1350 
f 1213//1351 1212//1349 1259//1352 
f 1185//1353 1213//1351 1260//1354 
f 1186//1355 1185//1353 1261//1356 
f 1195//1357 1186//1355 1262//1358 
f 1204//1359 1195//1357 1263//1360 
f 1203//1361 1204//1359 1264//1362 
f 1169//1363 1203//1361 1265//1364 
f 1170//1365 1169//1363 1266//1366 
f 1193//1367 1170//1365 1267//1368 
f 1183//1369 1193//1367 1268//1370 
f 1166//1371 1183//1369 1269//1372 
f 1167//1373 1166//1371 1270//1374 
f 1149//1375 1167//1373 1271//1376 
f 1150//1377 1149//1375 1272//1378 
f 1161//1379 1150//1377 1273//1380 
f 1218//1381 1161//1379 1274//1382 
f 1274//1382 1275//1381 1218//1381 
f 1273//1380 1274//1382 1161//1379 
f 1272//1378 1273//1380 1150//1377 
f 1271//1376 1272//1378 1149//1375 
f 1270//1374 1271//1376 1167//1373 
f 1269//1372 1270//1374 1166//1371 
f 1268//1370 1269//1372 1183//1369 
f 1267//1368 1268//1370 1193//1367 
f 1266//1366 1267//1368 1170//1365 
f 1265//1364 1266//1366 1169//1363 
f 1264//1362 1265//1364 1203//1361 
f 1263//1360 1264//1362 1204//1359 
f 1262//1358 1263//1360 1195//1357 
f 1261//1356 1262//1358 1186//1355 
f 1260//1354 1261//1356 1185//1353 
f 1259//1352 1260//1354 1213//1351 
f 1258//1350 1259//1352 1212//1349 
f 1257//1348 1258//1350 1197//1347 
f 1256//1346 1257//1348 1196//1345 
f 1255//1344 1256//1346 1205//1343 
f 1254//1342 1255//1344 1188//1341 
f 1253//1340 1254//1342 1187//1339 
f 1252//1338 1253//1340 1198//1337 
f 1251//1336 1252//1338 1199//1335 
f 1250//1334 1251//1336 1172//1333 
f 1247//1332 1250//1334 1171//1331 
o mesh35
f 1162//1383 1218//1384 1275//1384 
f 1180//1385 1162//1383 1276//1386 
f 1151//1387 1180//1385 1277//1388 
f 1165//1389 1151//1387 1278//1390 
f 1163//1391 1165//1389 1279//1392 
f 1164//1393 1163//1391 1280//1394 
f 1181//1395 1164//1393 1281//1396 
f 1168//1397 1181//1395 1282//1398 
f 1182//1399 1168//1397 1283//1400 
f 1184//1401 1182//1399 1284//1402 
f 1194//1403 1184//1401 1285//1404 
f 1200//1405 1194//1403 1286//1406 
f 1176//1407 1200//1405 1287//1408 
f 1177//1409 1176//1407 1288//1410 
f 1190//1411 1177//1409 1289//1412 
f 1174//1413 1190//1411 1290//1414 
f 1175//1415 1174//1413 1291//1416 
f 1152//1417 1175//1415 1292//1418 
f 1153//1419 1152//1417 1293//1420 
f 1147//1421 1153//1419 1294//1422 
f 1140//1423 1147//1421 1295//1424 
f 1136//1425 1140//1423 1296//1426 
f 1144//1427 1136//1425 1297//1428 
f 1142//1429 1144//1427 1298//1430 
f 1143//1431 1142//1429 1299//1432 
f 1146//1433 1143//1431 1300//1434 
f 1141//1435 1146//1433 1301//1436 
f 1301//1436 1302//1435 1141//1435 
f 1300//1434 1301//1436 1146//1433 
f 1299//1432 1300//1434 1143//1431 
f 1298//1430 1299//1432 1142//1429 
f 1297//1428 1298//1430 1144//1427 
f 1296//1426 1297//1428 1136//1425 
f 1295//1424 1296//1426 1140//1423 
f 1294//1422 1295//1424 1147//1421 
f 1293//1420 1294//1422 1153//1419 
f 1292//1418 1293//1420 1152//1417 
f 1291//1416 1292//1418 1175//1415 
f 1290//1414 1291//1416 1174//1413 
f 1289//1412 1290//1414 1190//1411 
f 1288//1410 1289//1412 1177//1409 
f 1287//1408 1288//1410 1176//1407 
f 1286//1406 1287//1408 1200//1405 
f 1285//1404 1286//1406 1194//1403 
f 1284//1402 1285//1404 1184//1401 
f 1283//1400 1284//1402 1182//1399 
f 1282//1398 1283//1400 1168//1397 
f 1281//1396 1282//1398 1181//1395 
f 1280//1394 1281//1396 1164//1393 
f 1279//1392 1280//1394 1163//1391 
f 1278//1390 1279//1392 1165//1389 
f 1277//1388 1278//1390 1151//1387 
f 1276//1386 1277//1388 1180//1385 
f 1275//1384 1276//1386 1162//1383 
o mesh36
f 1249//1435 1137//1435 1141//1435 
f 1141//1435 1302//1435 1249//1435 
o mesh37
f 1303//1437 1226//1437 1225//1437 
f 1303//1437 1235//1437 1234//1437 
f 1303//1437 1238//1437 1237//1437 
f 1303//1437 1241//1437 1240//1437 
f 1303//1437 1224//1437 1223//1437 
f 1303//1437 1227//1437 1226//1437 
f 1303//1437 1230//1437 1229//1437 
f 1234//1437 1233//1437 1303//1437 
f 1303//1437 1239//1437 1238//1437 
f 1303//1437 1242//1437 1241//1437 
f 1225//1437 1224//1437 1303//1437 
f 1229//1437 1228//1437 1303//1437 
f 1303//1437 1236//1437 1235//1437 
f 1240//1437 1239//1437 1303//1437 
f 1228//1437 1227//1437 1303//1437 
f 1303//1437 1232//1437 1231//1437 
f 1237//1437 1236//1437 1303//1437 
f 1231//1437 1230//1437 1303//1437 
f 1244//1437 1304//1437 1219//1437 
f 1220//1437 1219//1437 1304//1437 
f 1303//1437 1243//1437 1242//1437 
f 1223//1437 1222//1437 1303//1437 
f 1304//1437 1305//1437 1220//1437 
f 1221//1437 1246//1437 1220//1437 
f 1303//1437 1304//1437 1243//1437 
f 1222//1437 1221//1437 1305//1437 
f 1220//1437 1305//1437 1221//1437 
f 1233//1437 1232//1437 1303//1437 
f 1219//1437 1245//1437 1244//1437 
f 1222//1437 1305//1437 1303//1437 
f 1304//1437 1244//1437 1243//1437 
o mesh38
f 1305//1438 1304//1438 1306//1438 
f 1306//1438 1307//1438 1305//1438 
o mesh39
f 1303//1439 1308//1439 1306//1439 
f 1306//1439 1304//1439 1303//1439 
o mesh40
f 1305//1440 1307//1440 1308//1440 
f 1308//1440 1303//1440 1305//1440 
o mesh41
f 1307//1441 1306//1441 1308//1441 
o mesh42
f 1274//1441 1309//1441 1310//1441 
f 1273//1441 1311//1441 1309//1441 
f 1312//1441 1275//1441 1313//1441 
f 1309//1441 1274//1441 1273//1441 
f 1272//1441 1314//1441 1311//1441 
f 1253//1441 1315//1441 1316//1441 
f 1252//1441 1317//1441 1315//1441 
f 1275//1441 1318//1441 1313//1441 
f 1311//1441 1273//1441 1272//1441 
f 1269//1441 1319//1441 1320//1441 
f 1268//1441 1321//1441 1319//1441 
f 1266//1441 1322//1441 1323//1441 
f 1265//1441 1324//1441 1322//1441 
f 1264//1441 1325//1441 1324//1441 
f 1263//1441 1326//1441 1325//1441 
f 1302//1441 1327//1441 1328//1441 
f 1301//1441 1329//1441 1327//1441 
f 1300//1441 1330//1441 1329//1441 
f 1299//1441 1331//1441 1330//1441 
f 1254//1441 1316//1441 1332//1441 
f 1315//1441 1253//1441 1252//1441 
f 1247//1441 1333//1441 1334//1441 
f 1247//1441 1248//1441 1335//1441 
f 1275//1441 1336//1441 1318//1441 
f 1310//1441 1275//1441 1274//1441 
f 1271//1441 1337//1441 1314//1441 
f 1270//1441 1320//1441 1337//1441 
f 1319//1441 1269//1441 1268//1441 
f 1267//1441 1323//1441 1321//1441 
f 1322//1441 1266//1441 1265//1441 
f 1325//1441 1264//1441 1263//1441 
f 1327//1441 1302//1441 1301//1441 
f 1330//1441 1300//1441 1299//1441 
f 1261//1441 1338//1441 1339//1441 
f 1260//1441 1340//1441 1338//1441 
f 1258//1441 1341//1441 1342//1441 
f 1257//1441 1343//1441 1341//1441 
f 1316//1441 1254//1441 1253//1441 
f 1251//1441 1344//1441 1317//1441 
f 1250//1441 1334//1441 1344//1441 
f 1335//1441 1333//1441 1247//1441 
f 1310//1441 1336//1441 1275//1441 
f 1337//1441 1271//1441 1270//1441 
f 1321//1441 1268//1441 1267//1441 
f 1324//1441 1265//1441 1264//1441 
f 1329//1441 1301//1441 1300//1441 
f 1298//1441 1345//1441 1331//1441 
f 1275//1441 1346//1441 1347//1441 
f 1262//1441 1339//1441 1326//1441 
f 1338//1441 1261//1441 1260//1441 
f 1259//1441 1342//1441 1340//1441 
f 1341//1441 1258//1441 1257//1441 
f 1256//1441 1348//1441 1343//1441 
f 1255//1441 1332//1441 1348//1441 
f 1317//1441 1252//1441 1251//1441 
f 1334//1441 1250//1441 1247//1441 
f 1314//1441 1272//1441 1271//1441 
f 1323//1441 1267//1441 1266//1441 
f 1331//1441 1299//1441 1298//1441 
f 1297//1441 1349//1441 1345//1441 
f 1296//1441 1350//1441 1349//1441 
f 1295//1441 1351//1441 1350//1441 
f 1293//1441 1352//1441 1353//1441 
f 1292//1441 1354//1441 1352//1441 
f 1289//1441 1355//1441 1356//1441 
f 1288//1441 1357//1441 1355//1441 
f 1277//1441 1358//1441 1359//1441 
f 1276//1441 1347//1441 1358//1441 
f 1275//1441 1360//1441 1346//1441 
f 1275//1441 1312//1441 1361//1441 
f 1339//1441 1262//1441 1261//1441 
f 1342//1441 1259//1441 1258//1441 
f 1348//1441 1256//1441 1255//1441 
f 1344//1441 1251//1441 1250//1441 
f 1320//1441 1270//1441 1269//1441 
f 1249//1441 1328//1441 1312//1441 
f 1345//1441 1298//1441 1297//1441 
f 1350//1441 1296//1441 1295//1441 
f 1294//1441 1353//1441 1351//1441 
f 1352//1441 1293//1441 1292//1441 
f 1291//1441 1362//1441 1354//1441 
f 1290//1441 1356//1441 1362//1441 
f 1355//1441 1289//1441 1288//1441 
f 1287//1441 1363//1441 1357//1441 
f 1282//1441 1364//1441 1365//1441 
f 1281//1441 1366//1441 1364//1441 
f 1279//1441 1367//1441 1368//1441 
f 1278//1441 1359//1441 1367//1441 
f 1358//1441 1277//1441 1276//1441 
f 1361//1441 1360//1441 1275//1441 
f 1340//1441 1260//1441 1259//1441 
f 1332//1441 1255//1441 1254//1441 
f 1248//1441 1249//1441 1369//1441 
f 1312//1441 1369//1441 1249//1441 
f 1349//1441 1297//1441 1296//1441 
f 1353//1441 1294//1441 1293//1441 
f 1362//1441 1291//1441 1290//1441 
f 1357//1441 1288//1441 1287//1441 
f 1286//1441 1370//1441 1363//1441 
f 1285//1441 1371//1441 1370//1441 
f 1284//1441 1372//1441 1371//1441 
f 1283//1441 1365//1441 1372//1441 
f 1364//1441 1282//1441 1281//1441 
f 1280//1441 1368//1441 1366//1441 
f 1367//1441 1279//1441 1278//1441 
f 1347//1441 1276//1441 1275//1441 
f 1343//1441 1257//1441 1256//1441 
f 1313//1441 1369//1441 1312//1441 
f 1351//1441 1295//1441 1294//1441 
f 1356//1441 1290//1441 1289//1441 
f 1370//1441 1286//1441 1285//1441 
f 1372//1441 1284//1441 1283//1441 
f 1366//1441 1281//1441 1280//1441 
f 1359//1441 1278//1441 1277//1441 
f 1369//1441 1335//1441 1248//1441 
f 1354//1441 1292//1441 1291//1441 
f 1371//1441 1285//1441 1284//1441 
f 1368//1441 1280//1441 1279//1441 
f 1328//1441 1249//1441 1302//1441 
f 1365//1441 1283//1441 1282//1441 
f 1363//1441 1287//1441 1286//1441 
f 1326//1441 1263//1441 1262//1441 
o mesh43
f 1333//1442 1335//1442 1373//1442 
f 1373//1442 1374//1442 1333//1442 
o mesh44
f 1369//1443 1375//1443 1373//1443 
f 1373//1443 1335//1443 1369//1443 
o mesh45
f 1313//1444 1376//1444 1375//1444 
f 1375//1444 1369//1444 1313//1444 
o mesh46
f 1376//1444 1313//1444 1318//1445 
f 1377//1445 1318//1445 1336//1446 
f 1378//1446 1336//1446 1310//1447 
f 1379//1447 1310//1447 1309//1448 
f 1380//1448 1309//1448 1311//1449 
f 1381//1449 1311//1449 1314//1450 
f 1382//1450 1314//1450 1337//1451 
f 1383//1451 1337//1451 1320//1452 
f 1384//1452 1320//1452 1319//1453 
f 1385//1453 1319//1453 1321//1454 
f 1386//1454 1321//1454 1323//1455 
f 1387//1455 1323//1455 1322//1456 
f 1388//1456 1322//1456 1324//1457 
f 1389//1457 1324//1457 1325//1458 
f 1390//1458 1325//1458 1326//1459 
f 1391//1459 1326//1459 1339//1460 
f 1392//1460 1339//1460 1338//1461 
f 1393//1461 1338//1461 1340//1462 
f 1394//1462 1340//1462 1342//1463 
f 1395//1463 1342//1463 1341//1464 
f 1396//1464 1341//1464 1343//1465 
f 1397//1465 1343//1465 1348//1466 
f 1398//1466 1348//1466 1332//1467 
f 1399//1467 1332//1467 1316//1468 
f 1400//1468 1316//1468 1315//1469 
f 1401//1469 1315//1469 1317//1470 
f 1402//1470 1317//1470 1344//1471 
f 1403//1471 1344//1471 1334//1472 
f 1404//1472 1334//1472 1333//1473 
f 1333//1473 1374//1473 1404//1472 
f 1334//1472 1404//1472 1403//1471 
f 1344//1471 1403//1471 1402//1470 
f 1317//1470 1402//1470 1401//1469 
f 1315//1469 1401//1469 1400//1468 
f 1316//1468 1400//1468 1399//1467 
f 1332//1467 1399//1467 1398//1466 
f 1348//1466 1398//1466 1397//1465 
f 1343//1465 1397//1465 1396//1464 
f 1341//1464 1396//1464 1395//1463 
f 1342//1463 1395//1463 1394//1462 
f 1340//1462 1394//1462 1393//1461 
f 1338//1461 1393//1461 1392//1460 
f 1339//1460 1392//1460 1391//1459 
f 1326//1459 1391//1459 1390//1458 
f 1325//1458 1390//1458 1389//1457 
f 1324//1457 1389//1457 1388//1456 
f 1322//1456 1388//1456 1387//1455 
f 1323//1455 1387//1455 1386//1454 
f 1321//1454 1386//1454 1385//1453 
f 1319//1453 1385//1453 1384//1452 
f 1320//1452 1384//1452 1383//1451 
f 1337//1451 1383//1451 1382//1450 
f 1314//1450 1382//1450 1381//1449 
f 1311//1449 1381//1449 1380//1448 
f 1309//1448 1380//1448 1379//1447 
f 1310//1447 1379//1447 1378//1446 
f 1336//1446 1378//1446 1377//1445 
f 1318//1445 1377//1445 1376//1444 
o mesh47
f 1385//1474 1402//1474 1403//1474 
f 1385//1474 1398//1474 1399//1474 
f 1385//1474 1401//1474 1402//1474 
f 1399//1474 1400//1474 1385//1474 
f 1393//1474 1394//1474 1395//1474 
f 1396//1474 1391//1474 1392//1474 
f 1396//1474 1386//1474 1387//1474 
f 1374//1474 1381//1474 1382//1474 
f 1374//1474 1377//1474 1378//1474 
f 1400//1474 1401//1474 1385//1474 
f 1392//1474 1393//1474 1396//1474 
f 1396//1474 1388//1474 1389//1474 
f 1396//1474 1385//1474 1386//1474 
f 1374//1474 1380//1474 1381//1474 
f 1378//1474 1379//1474 1374//1474 
f 1403//1474 1404//1474 1385//1474 
f 1385//1474 1396//1474 1397//1474 
f 1396//1474 1390//1474 1391//1474 
f 1387//1474 1388//1474 1396//1474 
f 1379//1474 1380//1474 1374//1474 
f 1397//1474 1398//1474 1385//1474 
f 1389//1474 1390//1474 1396//1474 
f 1374//1474 1383//1474 1384//1474 
f 1374//1474 1376//1474 1377//1474 
f 1395//1474 1396//1474 1393//1474 
f 1382//1474 1383//1474 1374//1474 
f 1374//1474 1373//1474 1375//1474 
f 1384//1474 1385//1474 1374//1474 
f 1404//1474 1374//1474 1385//1474 
f 1375//1474 1376//1474 1374//1474 
o mesh48
f 1361//1473 1312//1473 1405//1473 
f 1405//1473 1406//1473 1361//1473 
o mesh49
f 1407//1474 1408//1474 1409//1474 
f 1407//1474 1410//1474 1411//1474 
f 1407//1474 1412//1474 1413//1474 
f 1407//1474 1414//1474 1408//1474 
f 1415//1474 1416//1474 1417//1474 
f 1415//1474 1418//1474 1419//1474 
f 1411//1474 1420//1474 1407//1474 
f 1413//1474 1421//1474 1407//1474 
f 1407//1474 1422//1474 1423//1474 
f 1407//1474 1424//1474 1425//1474 
f 1407//1474 1426//1474 1427//1474 
f 1407//1474 1428//1474 1414//1474 
f 1407//1474 1415//1474 1429//1474 
f 1415//1474 1430//1474 1431//1474 
f 1419//1474 1416//1474 1415//1474 
f 1415//1474 1432//1474 1433//1474 
f 1421//1474 1410//1474 1407//1474 
f 1425//1474 1422//1474 1407//1474 
f 1427//1474 1434//1474 1407//1474 
f 1429//1474 1428//1474 1407//1474 
f 1417//1474 1430//1474 1415//1474 
f 1415//1474 1407//1474 1432//1474 
f 1423//1474 1412//1474 1407//1474 
f 1409//1474 1426//1474 1407//1474 
f 1433//1474 1418//1474 1415//1474 
f 1434//1474 1424//1474 1407//1474 
f 1420//1474 1435//1474 1407//1474 
f 1436//1474 1415//1474 1406//1474 
f 1406//1474 1405//1474 1436//1474 
f 1431//1474 1406//1474 1415//1474 
o mesh50
f 1327//1475 1415//1475 1436//1475 
f 1436//1475 1328//1475 1327//1475 
o mesh51
f 1328//1476 1436//1476 1405//1476 
f 1405//1476 1312//1476 1328//1476 
o mesh52
f 1415//1475 1327//1475 1329//1477 
f 1429//1477 1329//1477 1330//1478 
f 1428//1478 1330//1478 1331//1479 
f 1414//1479 1331//1479 1345//1480 
f 1408//1480 1345//1480 1349//1481 
f 1409//1481 1349//1481 1350//1482 
f 1426//1482 1350//1482 1351//1483 
f 1427//1483 1351//1483 1353//1484 
f 1434//1484 1353//1484 1352//1485 
f 1424//1485 1352//1485 1354//1486 
f 1425//1486 1354//1486 1362//1487 
f 1422//1487 1362//1487 1356//1488 
f 1423//1488 1356//1488 1355//1489 
f 1412//1489 1355//1489 1357//1490 
f 1413//1490 1357//1490 1363//1491 
f 1421//1491 1363//1491 1370//1492 
f 1410//1492 1370//1492 1371//1493 
f 1411//1493 1371//1493 1372//1494 
f 1420//1494 1372//1494 1365//1495 
f 1435//1495 1365//1495 1364//1496 
f 1407//1496 1364//1496 1366//1497 
f 1432//1497 1366//1497 1368//1498 
f 1433//1498 1368//1498 1367//1499 
f 1418//1499 1367//1499 1359//1500 
f 1419//1500 1359//1500 1358//1501 
f 1416//1501 1358//1501 1347//1502 
f 1417//1502 1347//1502 1346//1503 
f 1430//1503 1346//1503 1360//1504 
f 1431//1504 1360//1504 1361//1505 
f 1361//1505 1406//1505 1431//1504 
f 1360//1504 1431//1504 1430//1503 
f 1346//1503 1430//1503 1417//1502 
f 1347//1502 1417//1502 1416//1501 
f 1358//1501 1416//1501 1419//1500 
f 1359//1500 1419//1500 1418//1499 
f 1367//1499 1418//1499 1433//1498 
f 1368//1498 1433//1498 1432//1497 
f 1366//1497 1432//1497 1407//1496 
f 1364//1496 1407//1496 1435//1495 
f 1365//1495 1435//1495 1420//1494 
f 1372//1494 1420//1494 1411//1493 
f 1371//1493 1411//1493 1410//1492 
f 1370//1492 1410//1492 1421//1491 
f 1363//1491 1421//1491 1413//1490 
f 1357//1490 1413//1490 1412//1489 
f 1355//1489 1412//1489 1423//1488 
f 1356//1488 1423//1488 1422//1487 
f 1362//1487 1422//1487 1425//1486 
f 1354//1486 1425//1486 1424//1485 
f 1352//1485 1424//1485 1434//1484 
f 1353//1484 1434//1484 1427//1483 
f 1351//1483 1427//1483 1426//1482 
f 1350//1482 1426//1482 1409//1481 
f 1349//1481 1409//1481 1408//1480 
f 1345//1480 1408//1480 1414//1479 
f 1331//1479 1414//1479 1428//1478 
f 1330//1478 1428//1478 1429//1477 
f 1329//1477 1429//1477 1415//1475 
g am-5876: A-Frame Leg
v 0.616187 0.468454 0.019575 
v 0.616191 0.468712 0.019674 
v 0.61465 0.468868 0.0193231 
v 0.616176 0.468187 0.0195037 
v 0.614647 0.46861 0.0192241 
v 0.616158 0.467915 0.0194609 
v 0.614636 0.468343 0.0191528 
v 0.616133 0.46764 0.0194471 
v 0.614618 0.468071 0.01911 
v 0.616102 0.467366 0.0194626 
v 0.614593 0.467796 0.0190963 
v 0.616065 0.467095 0.019507 
v 0.614562 0.467522 0.0191117 
v 0.616021 0.466832 0.0195799 
v 0.614524 0.467252 0.0191562 
v 0.615973 0.466579 0.0196805 
v 0.614481 0.466988 0.0192291 
v 0.61592 0.46634 0.0198075 
v 0.614432 0.466736 0.0193296 
v 0.615862 0.466116 0.0199595 
v 0.614379 0.466496 0.0194567 
v 0.615802 0.465911 0.0201346 
v 0.614322 0.466272 0.0196086 
v 0.615738 0.465727 0.0203309 
v 0.614261 0.466067 0.0197838 
v 0.615673 0.465566 0.020546 
v 0.614198 0.465883 0.0199801 
v 0.615606 0.465431 0.0207774 
v 0.614133 0.465723 0.0201952 
v 0.61554 0.465321 0.0210224 
v 0.614066 0.465587 0.0204266 
v 0.615473 0.46524 0.0212782 
v 0.613999 0.465478 0.0206716 
v 0.615408 0.465188 0.0215416 
v 0.613933 0.465397 0.0209273 
v 0.615344 0.465165 0.0218097 
v 0.613867 0.465344 0.0211908 
v 0.615284 0.465172 0.0220793 
v 0.613804 0.465322 0.0214588 
v 0.615226 0.465209 0.0223471 
v 0.613743 0.465329 0.0217284 
v 0.615173 0.465275 0.0226102 
v 0.613686 0.465365 0.0219963 
v 0.615125 0.465369 0.0228654 
v 0.613633 0.465431 0.0222594 
v 0.615081 0.465491 0.0231097 
v 0.613584 0.465526 0.0225146 
v 0.615044 0.465639 0.0233403 
v 0.613541 0.465648 0.0227589 
v 0.615012 0.465811 0.0235543 
v 0.613503 0.465795 0.0229894 
v 0.614988 0.466005 0.0237495 
v 0.613472 0.465967 0.0232035 
v 0.61497 0.466219 0.0239233 
v 0.613447 0.466162 0.0233986 
v 0.614959 0.466451 0.0240739 
v 0.61343 0.466376 0.0235725 
v 0.614955 0.466697 0.0241994 
v 0.613419 0.466607 0.0237231 
v 0.614959 0.466955 0.0242984 
v 0.613415 0.466853 0.0238486 
v 0.61497 0.467222 0.0243697 
v 0.613419 0.467111 0.0239476 
v 0.614988 0.467495 0.0244125 
v 0.61343 0.467378 0.0240189 
v 0.615012 0.467769 0.0244263 
v 0.613447 0.467651 0.0240617 
v 0.615044 0.468044 0.0244108 
v 0.613472 0.467926 0.0240754 
v 0.615081 0.468314 0.0243664 
v 0.613503 0.4682 0.02406 
v 0.615125 0.468577 0.0242935 
v 0.613541 0.46847 0.0240155 
v 0.615173 0.46883 0.0241929 
v 0.613584 0.468733 0.0239426 
v 0.615226 0.469069 0.0240659 
v 0.613633 0.468986 0.023842 
v 0.615284 0.469293 0.0239139 
v 0.613686 0.469226 0.023715 
v 0.615344 0.469498 0.0237388 
v 0.613743 0.469449 0.0235631 
v 0.615408 0.469682 0.0235425 
v 0.613804 0.469654 0.0233879 
v 0.615473 0.469843 0.0233274 
v 0.613867 0.469838 0.0231916 
v 0.61554 0.469979 0.023096 
v 0.613933 0.469999 0.0229765 
v 0.615606 0.470088 0.0228509 
v 0.613999 0.470135 0.0227451 
v 0.615673 0.470169 0.0225952 
v 0.614066 0.470244 0.0225001 
v 0.615738 0.470221 0.0223318 
v 0.614133 0.470325 0.0222444 
v 0.615802 0.470244 0.0220637 
v 0.614198 0.470377 0.0219809 
v 0.615862 0.470237 0.0217941 
v 0.614261 0.4704 0.0217129 
v 0.61592 0.4702 0.0215262 
v 0.614322 0.470393 0.0214433 
v 0.615973 0.470134 0.0212632 
v 0.614379 0.470356 0.0211754 
v 0.616021 0.47004 0.021008 
v 0.614432 0.47029 0.0209123 
v 0.616065 0.469918 0.0207637 
v 0.614481 0.470196 0.0206571 
v 0.616102 0.46977 0.0205331 
v 0.614524 0.470074 0.0204128 
v 0.616133 0.469598 0.0203191 
v 0.614562 0.469926 0.0201823 
v 0.616158 0.469404 0.0201239 
v 0.614593 0.469754 0.0199682 
v 0.616176 0.46919 0.0199501 
v 0.614618 0.46956 0.0197731 
v 0.616187 0.468958 0.0197995 
v 0.614636 0.469346 0.0195992 
v 0.614647 0.469114 0.0194486 
v 0.617109 0.458609 0.0111424 
v 0.609395 0.455297 0.0435372 
v 0.609328 0.455216 0.043793 
v 0.609462 0.455406 0.0432922 
v 0.335984 -5.80371e-13 1.04119 
v 0.609263 0.455164 0.0440564 
v 0.6092 0.455141 0.0443245 
v 0.609139 0.455148 0.044594 
v 0.609082 0.455185 0.0448619 
v 0.60898 0.455345 0.0453802 
v 0.608937 0.455467 0.0456245 
v 0.609028 0.455251 0.045125 
v 0.610046 0.458688 0.0421888 
v 0.610042 0.458934 0.0423143 
v 0.609528 0.460145 0.04511 
v 0.609593 0.460197 0.0448466 
v 0.617109 0.481813 0.0214736 
v 0.609395 0.459954 0.0456107 
v 0.609462 0.460064 0.0453657 
v 0.609717 0.456092 0.0424743 
v 0.609657 0.455887 0.0426494 
v 0.610042 0.45843 0.0420898 
v 0.335984 0.0232041 1.05153 
v 0.6092 0.459474 0.0462536 
v 0.609263 0.459658 0.0460573 
v 0.609593 0.455703 0.0428457 
v 0.610031 0.458163 0.0420185 
v 0.610031 0.459166 0.0424649 
v 0.609876 0.460015 0.0435228 
v 0.60992 0.459894 0.0432785 
v 0.609717 0.460213 0.0443089 
v 0.609775 0.460176 0.044041 
v 0.609657 0.46022 0.0445785 
v 0.609139 0.459269 0.0464287 
v 0.609028 0.458806 0.0467077 
v 0.609082 0.459045 0.0465807 
v 0.608899 0.458019 0.0469256 
v 0.608937 0.45829 0.0468812 
v 0.608899 0.455615 0.045855 
v 0.609528 0.455542 0.0430608 
v 0.609828 0.456555 0.0421953 
v 0.609775 0.456316 0.0423223 
v 0.609957 0.457341 0.0419774 
v 0.60992 0.457071 0.0420218 
v 0.610013 0.45938 0.0426387 
v 0.609828 0.46011 0.043778 
v 0.60898 0.458553 0.0468082 
v 0.609876 0.456808 0.0420947 
v 0.609957 0.459746 0.0430479 
v 0.609989 0.459574 0.0428338 
v 0.608843 0.45747 0.0469273 
v 0.608868 0.457745 0.0469411 
v 0.608811 0.456673 0.0467142 
v 0.608814 0.456931 0.0468132 
v 0.608825 0.456195 0.0464381 
v 0.608814 0.456427 0.0465887 
v 0.608843 0.455981 0.0462643 
v 0.608868 0.455787 0.0460691 
v 0.610013 0.45789 0.0419757 
v 0.609989 0.457616 0.0419619 
v 0.609328 0.459819 0.0458422 
v 0.608825 0.457198 0.0468845 
v 0.608505 0.458844 0.0418379 
v 0.608502 0.458586 0.0417389 
v 0.608491 0.458319 0.0416676 
v 0.608473 0.458047 0.0416248 
v 0.608448 0.457772 0.0416111 
v 0.608417 0.457498 0.0416265 
v 0.608379 0.457227 0.041671 
v 0.608336 0.456964 0.0417439 
v 0.608288 0.456711 0.0418444 
v 0.608234 0.456472 0.0419715 
v 0.608177 0.456248 0.0421234 
v 0.608116 0.456043 0.0422986 
v 0.608053 0.455859 0.0424949 
v 0.607988 0.455698 0.04271 
v 0.607921 0.455563 0.0429414 
v 0.607854 0.455453 0.0431864 
v 0.607788 0.455372 0.0434421 
v 0.607723 0.45532 0.0437056 
v 0.607659 0.455297 0.0439736 
v 0.607599 0.455304 0.0442432 
v 0.607541 0.455341 0.0445111 
v 0.607488 0.455407 0.0447742 
v 0.607439 0.455501 0.0450294 
v 0.607396 0.455623 0.0452737 
v 0.607359 0.455771 0.0455042 
v 0.607327 0.455943 0.0457183 
v 0.607303 0.456137 0.0459134 
v 0.607285 0.456351 0.0460873 
v 0.607274 0.456583 0.0462379 
v 0.60727 0.456829 0.0463634 
v 0.607274 0.457087 0.0464624 
v 0.607285 0.457354 0.0465337 
v 0.607303 0.457626 0.0465765 
v 0.607327 0.457901 0.0465902 
v 0.607359 0.458176 0.0465748 
v 0.607396 0.458446 0.0465303 
v 0.607439 0.458709 0.0464574 
v 0.607488 0.458962 0.0463568 
v 0.607541 0.459201 0.0462298 
v 0.607599 0.459425 0.0460779 
v 0.607659 0.45963 0.0459027 
v 0.607723 0.459814 0.0457064 
v 0.607788 0.459975 0.0454913 
v 0.607854 0.460111 0.0452599 
v 0.607921 0.46022 0.0450149 
v 0.607988 0.460301 0.0447592 
v 0.608053 0.460353 0.0444957 
v 0.608116 0.460376 0.0442277 
v 0.608177 0.460369 0.0439581 
v 0.608234 0.460332 0.0436902 
v 0.608288 0.460266 0.0434271 
v 0.608336 0.460172 0.0431719 
v 0.608379 0.46005 0.0429276 
v 0.608417 0.459902 0.0426971 
v 0.608448 0.45973 0.042483 
v 0.608473 0.459536 0.0422879 
v 0.608491 0.459322 0.042114 
v 0.608502 0.45909 0.0419634 
v 0.615569 0.480519 0.020477 
v 0.334443 0.02191 1.05053 
v 0.615569 0.460215 0.0114373 
v 0.334443 0.00160646 1.04149 
v 0.592464 0.461108 0.00552887 
v 0.594004 0.462402 0.00652542 
v 0.592464 0.484312 0.01586 
v 0.594004 0.482706 0.0155651 
v 0.311338 0.0257034 1.04591 
v 0.312879 0.0240969 1.04562 
v 0.311338 0.00249932 1.03558 
v 0.312879 0.00379337 1.03658 
v 0.337657 0.0452746 1.00195 
v 0.372992 0.100637 0.877607 
v 0.373044 0.100748 0.87736 
v 0.368711 0.101623 0.875393 
v 0.368917 0.101698 0.875225 
v 0.368038 0.10114 0.876479 
v 0.333474 0.0447534 1.00312 
v 0.372911 0.10053 0.877849 
v 0.335468 0.0434826 1.00598 
v 0.337208 0.0454057 1.00166 
v 0.337441 0.0453451 1.0018 
v 0.372738 0.101399 0.875897 
v 0.372861 0.101298 0.876123 
v 0.370724 0.101923 0.874719 
v 0.370998 0.101908 0.874753 
v 0.369142 0.101764 0.875078 
v 0.369382 0.101819 0.874954 
v 0.368527 0.101539 0.875581 
v 0.368229 0.10135 0.876006 
v 0.368365 0.101448 0.875786 
v 0.36812 0.101247 0.876238 
v 0.371394 0.0999137 0.879233 
v 0.37113 0.0998808 0.879307 
v 0.372665 0.100329 0.8783 
v 0.372504 0.100238 0.878505 
v 0.372802 0.100427 0.878081 
v 0.335742 0.0434674 1.00601 
v 0.338346 0.0441435 1.00449 
v 0.338237 0.0440403 1.00473 
v 0.338391 0.0448063 1.00301 
v 0.338458 0.0446972 1.00325 
v 0.373067 0.10086 0.877108 
v 0.373023 0.101084 0.876605 
v 0.37306 0.100972 0.876855 
v 0.372956 0.101193 0.87636 
v 0.372416 0.101581 0.875487 
v 0.372589 0.101494 0.875684 
v 0.371525 0.101842 0.874902 
v 0.371773 0.101792 0.875014 
v 0.371266 0.101881 0.874814 
v 0.370172 0.101917 0.874732 
v 0.370448 0.101926 0.874712 
v 0.367971 0.100805 0.877231 
v 0.367964 0.100917 0.876979 
v 0.333406 0.0444185 1.00388 
v 0.333399 0.0445309 1.00362 
v 0.370858 0.0998596 0.879354 
v 0.372319 0.100154 0.878693 
v 0.372113 0.100079 0.878862 
v 0.3352 0.0435098 1.00592 
v 0.338428 0.044251 1.00425 
v 0.338495 0.0445858 1.0035 
v 0.338502 0.0444734 1.00375 
v 0.338296 0.0449119 1.00277 
v 0.369636 0.101863 0.874854 
v 0.369901 0.101896 0.87478 
v 0.367986 0.101029 0.876727 
v 0.368075 0.100584 0.877726 
v 0.368008 0.100693 0.877481 
v 0.368614 0.100196 0.8786 
v 0.368441 0.100283 0.878403 
v 0.369258 0.099985 0.879073 
v 0.369025 0.100046 0.878937 
v 0.369765 0.0998961 0.879272 
v 0.369505 0.099935 0.879185 
v 0.333422 0.044643 1.00337 
v 0.370583 0.0998506 0.879375 
v 0.370307 0.0998537 0.879368 
v 0.371648 0.099958 0.879133 
v 0.334941 0.0435487 1.00583 
v 0.33848 0.0443614 1.00401 
v 0.338025 0.0451074 1.00233 
v 0.338174 0.0450126 1.00254 
v 0.372006 0.101731 0.87515 
v 0.372221 0.101661 0.875308 
v 0.368292 0.100378 0.87819 
v 0.36817 0.100479 0.877964 
v 0.368809 0.100116 0.878778 
v 0.33351 0.044198 1.00437 
v 0.333443 0.0443071 1.00413 
v 0.371889 0.100013 0.879009 
v 0.336018 0.0434643 1.00602 
v 0.338101 0.0439425 1.00495 
v 0.337939 0.0438512 1.00515 
v 0.337852 0.0451951 1.00213 
v 0.336701 0.0454945 1.00146 
v 0.336961 0.0454557 1.00155 
v 0.335336 0.0455099 1.00143 
v 0.335608 0.045531 1.00138 
v 0.333801 0.0450619 1.00243 
v 0.333962 0.0451532 1.00223 
v 0.333555 0.0448608 1.00288 
v 0.33405 0.0438093 1.00525 
v 0.333877 0.043897 1.00505 
v 0.336294 0.0434733 1.006 
v 0.337324 0.043627 1.00565 
v 0.337084 0.0435717 1.00578 
v 0.337755 0.0437676 1.00534 
v 0.337549 0.0436925 1.00551 
v 0.336433 0.0455217 1.0014 
v 0.335883 0.0455401 1.00136 
v 0.334147 0.0452368 1.00204 
v 0.333664 0.0449641 1.00265 
v 0.370033 0.0998689 0.879333 
v 0.333728 0.0439917 1.00484 
v 0.33446 0.0436593 1.00558 
v 0.334245 0.0437298 1.00542 
v 0.334693 0.0435987 1.00572 
v 0.336159 0.045537 1.00136 
v 0.334353 0.0453118 1.00187 
v 0.334577 0.0453774 1.00172 
v 0.333605 0.0440925 1.00461 
v 0.33683 0.0435274 1.00588 
v 0.336565 0.0434944 1.00595 
v 0.334818 0.0454326 1.0016 
v 0.335072 0.045477 1.0015 
v 0.368038 0.0996894 0.875833 
v 0.334147 0.0437865 1.00139 
v 0.333962 0.0437029 1.00158 
v 0.36812 0.0997969 0.875592 
v 0.369142 0.100313 0.874432 
v 0.368917 0.100248 0.874579 
v 0.333422 0.0431927 1.00273 
v 0.333399 0.0430807 1.00298 
v 0.334353 0.0438616 1.00122 
v 0.368229 0.0999001 0.87536 
v 0.368527 0.100089 0.874936 
v 0.368365 0.0999979 0.875141 
v 0.368711 0.100173 0.874748 
v 0.369636 0.100413 0.874208 
v 0.369382 0.100369 0.874308 
v 0.333474 0.0433031 1.00248 
v 0.333664 0.0435138 1.00201 
v 0.333555 0.0434106 1.00224 
v 0.333801 0.0436116 1.00179 
v 0.3352 0.0420596 1.00527 
v 0.370172 0.100467 0.874087 
v 0.369901 0.100446 0.874134 
v 0.335468 0.0420324 1.00533 
v 0.371266 0.100431 0.874169 
v 0.370998 0.100458 0.874108 
v 0.372006 0.100281 0.874504 
v 0.371773 0.100342 0.874368 
v 0.372956 0.0997424 0.875714 
v 0.372861 0.0998479 0.875477 
v 0.372992 0.0991871 0.876962 
v 0.372802 0.0989764 0.877435 
v 0.372911 0.0990796 0.877203 
v 0.338428 0.0428007 1.00361 
v 0.367986 0.099579 0.876081 
v 0.367964 0.099467 0.876333 
v 0.334941 0.0420984 1.00519 
v 0.333406 0.0429683 1.00323 
v 0.333443 0.0428569 1.00348 
v 0.334818 0.0439824 1.00095 
v 0.334577 0.0439271 1.00108 
v 0.335336 0.0440597 1.00078 
v 0.335072 0.0440267 1.00085 
v 0.371525 0.100392 0.874256 
v 0.372738 0.0999487 0.875251 
v 0.372589 0.100043 0.875038 
v 0.373023 0.0996333 0.87596 
v 0.373067 0.0994095 0.876462 
v 0.37306 0.0995219 0.87621 
v 0.373044 0.0992974 0.876714 
v 0.338495 0.0431356 1.00286 
v 0.338458 0.043247 1.00261 
v 0.33848 0.0429111 1.00336 
v 0.372665 0.0988785 0.877655 
v 0.372319 0.0987036 0.878048 
v 0.372504 0.0987873 0.87786 
v 0.371394 0.0984634 0.878587 
v 0.371648 0.0985078 0.878487 
v 0.370583 0.0984003 0.878729 
v 0.370858 0.0984094 0.878708 
v 0.370033 0.0984187 0.878688 
v 0.370307 0.0984034 0.878722 
v 0.338101 0.0424922 1.0043 
v 0.338237 0.04259 1.00408 
v 0.368614 0.0987454 0.877954 
v 0.368809 0.0986658 0.878133 
v 0.367971 0.0993546 0.876585 
v 0.368008 0.0992432 0.876836 
v 0.335742 0.0420171 1.00537 
v 0.370724 0.100473 0.874073 
v 0.370448 0.100476 0.874066 
v 0.336433 0.0440715 1.00075 
v 0.336159 0.0440867 1.00072 
v 0.337657 0.0438244 1.00131 
v 0.337441 0.0438948 1.00115 
v 0.338391 0.0433561 1.00236 
v 0.338502 0.0430232 1.00311 
v 0.371889 0.0985631 0.878363 
v 0.372113 0.0986286 0.878216 
v 0.37113 0.0984305 0.878661 
v 0.338346 0.0426933 1.00385 
v 0.369025 0.0985953 0.878291 
v 0.368075 0.0991341 0.877081 
v 0.36817 0.0990285 0.877318 
v 0.334693 0.0421484 1.00507 
v 0.372416 0.100131 0.874841 
v 0.372221 0.100211 0.874663 
v 0.335883 0.0440898 1.00071 
v 0.335608 0.0440808 1.00073 
v 0.336701 0.0440443 1.00081 
v 0.337208 0.0439554 1.00101 
v 0.338296 0.0434616 1.00212 
v 0.338174 0.0435624 1.0019 
v 0.337755 0.0423173 1.00469 
v 0.337939 0.0424009 1.00451 
v 0.369258 0.0985347 0.878427 
v 0.369505 0.0984847 0.878539 
v 0.368441 0.098833 0.877757 
v 0.336018 0.042014 1.00537 
v 0.333728 0.0425415 1.00419 
v 0.333877 0.0424467 1.0044 
v 0.33351 0.0427478 1.00373 
v 0.333605 0.0426422 1.00396 
v 0.336961 0.0440055 1.0009 
v 0.338025 0.0436571 1.00168 
v 0.337852 0.0437448 1.00149 
v 0.368292 0.0989278 0.877544 
v 0.33683 0.0420771 1.00523 
v 0.337084 0.0421215 1.00513 
v 0.33446 0.042209 1.00494 
v 0.33405 0.042359 1.0046 
v 0.334245 0.0422795 1.00478 
v 0.369765 0.0984459 0.878627 
v 0.337324 0.0421768 1.00501 
v 0.336294 0.0420231 1.00535 
v 0.336565 0.0420442 1.00531 
v 0.337549 0.0422423 1.00486 
v 0.335336 0.0223059 0.991095 
v 0.368038 0.0779356 0.866148 
v 0.36812 0.0780431 0.865907 
v 0.335883 0.022336 0.991027 
v 0.335608 0.022327 0.991047 
v 0.369142 0.0785596 0.864747 
v 0.368917 0.0784941 0.864894 
v 0.3352 0.0203058 0.995587 
v 0.335468 0.0202786 0.995648 
v 0.368229 0.0781463 0.865675 
v 0.368527 0.0783354 0.86525 
v 0.368365 0.0782441 0.865455 
v 0.368711 0.078419 0.865062 
v 0.369636 0.0786592 0.864523 
v 0.369382 0.0786149 0.864622 
v 0.371266 0.0786768 0.864483 
v 0.370998 0.078704 0.864422 
v 0.372006 0.0785273 0.864819 
v 0.371773 0.078588 0.864683 
v 0.372956 0.0779886 0.866029 
v 0.372861 0.0780941 0.865792 
v 0.372992 0.0774333 0.867276 
v 0.372319 0.0769498 0.868362 
v 0.372504 0.0770335 0.868174 
v 0.338428 0.0210469 0.993922 
v 0.367986 0.0778252 0.866396 
v 0.367964 0.0777132 0.866648 
v 0.333422 0.0214389 0.993042 
v 0.333399 0.0213269 0.993293 
v 0.334147 0.0220327 0.991708 
v 0.333962 0.0219491 0.991896 
v 0.371525 0.078638 0.864571 
v 0.372738 0.0781949 0.865566 
v 0.372589 0.0782897 0.865353 
v 0.373023 0.0778795 0.866274 
v 0.373067 0.0776557 0.866777 
v 0.37306 0.0777681 0.866524 
v 0.373044 0.0775436 0.867028 
v 0.372802 0.0772226 0.86775 
v 0.372911 0.0773258 0.867518 
v 0.372665 0.0771247 0.867969 
v 0.371394 0.0767096 0.868902 
v 0.371648 0.076754 0.868802 
v 0.370583 0.0766465 0.869043 
v 0.370858 0.0766556 0.869023 
v 0.370033 0.0766649 0.869002 
v 0.370307 0.0766496 0.869036 
v 0.338101 0.0207384 0.994615 
v 0.338237 0.0208362 0.994395 
v 0.368614 0.0769916 0.868268 
v 0.368809 0.076912 0.868447 
v 0.367971 0.0776008 0.8669 
v 0.368008 0.0774894 0.86715 
v 0.334941 0.0203446 0.9955 
v 0.333474 0.0215493 0.992794 
v 0.333801 0.0218578 0.992101 
v 0.333664 0.02176 0.992321 
v 0.334353 0.0221078 0.991539 
v 0.370172 0.0787133 0.864401 
v 0.369901 0.0786922 0.864449 
v 0.370724 0.0787192 0.864388 
v 0.370448 0.0787223 0.864381 
v 0.371889 0.0768093 0.868678 
v 0.372113 0.0768748 0.868531 
v 0.37113 0.0766767 0.868976 
v 0.338346 0.0209395 0.994163 
v 0.369025 0.0768415 0.868605 
v 0.368075 0.0773803 0.867395 
v 0.36817 0.0772747 0.867632 
v 0.334693 0.0203946 0.995387 
v 0.333555 0.0216568 0.992552 
v 0.334818 0.0222286 0.991268 
v 0.334577 0.0221733 0.991392 
v 0.372416 0.0783773 0.865156 
v 0.372221 0.0784569 0.864977 
v 0.338495 0.0213818 0.99317 
v 0.338458 0.0214932 0.99292 
v 0.337755 0.0205635 0.995008 
v 0.337939 0.0206471 0.99482 
v 0.369258 0.0767809 0.868742 
v 0.369505 0.0767309 0.868854 
v 0.368441 0.0770792 0.868072 
v 0.335742 0.0202633 0.995682 
v 0.333406 0.0212145 0.993546 
v 0.333443 0.0211031 0.993796 
v 0.335072 0.0222729 0.991168 
v 0.336433 0.0223177 0.991068 
v 0.336159 0.0223329 0.991034 
v 0.337657 0.0220706 0.991623 
v 0.337441 0.022141 0.991465 
v 0.338391 0.0216023 0.992675 
v 0.368292 0.077174 0.867859 
v 0.33683 0.0203233 0.995547 
v 0.337084 0.0203677 0.995448 
v 0.336018 0.0202602 0.995689 
v 0.333728 0.0207877 0.994504 
v 0.333877 0.0206929 0.994717 
v 0.33351 0.020994 0.994041 
v 0.333605 0.0208884 0.994278 
v 0.336701 0.0222905 0.991129 
v 0.337208 0.0222016 0.991329 
v 0.338502 0.0212694 0.993422 
v 0.33848 0.0211573 0.993674 
v 0.369765 0.0766921 0.868941 
v 0.337324 0.020423 0.995324 
v 0.336294 0.0202693 0.995669 
v 0.336565 0.0202904 0.995621 
v 0.33446 0.0204552 0.995251 
v 0.336961 0.0222517 0.991216 
v 0.338296 0.0217078 0.992438 
v 0.338174 0.0218086 0.992211 
v 0.337549 0.0204885 0.995176 
v 0.33405 0.0206052 0.994914 
v 0.334245 0.0205257 0.995093 
v 0.338025 0.0219033 0.991999 
v 0.337852 0.021991 0.991802 
v 0.372992 0.0788835 0.867922 
v 0.338391 0.0230525 0.99332 
v 0.338458 0.0229434 0.993566 
v 0.373044 0.0789939 0.867674 
v 0.372738 0.0796451 0.866211 
v 0.372861 0.0795444 0.866438 
v 0.338346 0.0223897 0.994809 
v 0.338237 0.0222865 0.995041 
v 0.338296 0.0231581 0.993083 
v 0.373067 0.0791059 0.867422 
v 0.373023 0.0793297 0.86692 
v 0.37306 0.0792183 0.86717 
v 0.372956 0.0794388 0.866675 
v 0.372416 0.0798276 0.865802 
v 0.372589 0.0797399 0.865999 
v 0.338428 0.0224972 0.994568 
v 0.338502 0.0227196 0.994068 
v 0.33848 0.0226076 0.99432 
v 0.338495 0.022832 0.993816 
v 0.372006 0.0799776 0.865465 
v 0.372221 0.0799071 0.865623 
v 0.335468 0.0217288 0.996294 
v 0.370998 0.0801542 0.865068 
v 0.371266 0.080127 0.865129 
v 0.368711 0.0798693 0.865708 
v 0.368917 0.0799443 0.865539 
v 0.368038 0.0793859 0.866794 
v 0.333474 0.0229996 0.993439 
v 0.372665 0.078575 0.868615 
v 0.372504 0.0784837 0.86882 
v 0.3352 0.021756 0.996233 
v 0.338101 0.0221887 0.995261 
v 0.337939 0.0220974 0.995466 
v 0.338025 0.0233536 0.992644 
v 0.338174 0.0232588 0.992857 
v 0.337657 0.0235208 0.992269 
v 0.337852 0.0234413 0.992447 
v 0.371525 0.0800882 0.865216 
v 0.371773 0.0800382 0.865329 
v 0.370724 0.0801695 0.865034 
v 0.370172 0.0801635 0.865047 
v 0.370448 0.0801726 0.865027 
v 0.369142 0.0800099 0.865392 
v 0.369382 0.0800651 0.865268 
v 0.368527 0.0797857 0.865896 
v 0.368229 0.0795966 0.866321 
v 0.368365 0.0796944 0.866101 
v 0.36812 0.0794933 0.866552 
v 0.371394 0.0781599 0.869547 
v 0.37113 0.078127 0.869621 
v 0.372802 0.0786728 0.868395 
v 0.372911 0.0787761 0.868163 
v 0.335742 0.0217136 0.996328 
v 0.333801 0.0233081 0.992747 
v 0.333962 0.0233994 0.992542 
v 0.367971 0.079051 0.867546 
v 0.367964 0.0791634 0.867293 
v 0.333406 0.0226647 0.994191 
v 0.333399 0.0227771 0.993939 
v 0.370858 0.0781058 0.869669 
v 0.372319 0.0784001 0.869008 
v 0.372113 0.078325 0.869176 
v 0.334941 0.0217949 0.996145 
v 0.369636 0.0801095 0.865168 
v 0.369901 0.0801424 0.865094 
v 0.336701 0.0237407 0.991775 
v 0.336961 0.0237019 0.991862 
v 0.335336 0.0237561 0.99174 
v 0.335608 0.0237772 0.991693 
v 0.334147 0.023483 0.992354 
v 0.367986 0.0792755 0.867042 
v 0.368075 0.0788305 0.868041 
v 0.368008 0.0789396 0.867796 
v 0.368614 0.0784418 0.868914 
v 0.368441 0.0785295 0.868717 
v 0.369258 0.0782312 0.869387 
v 0.369025 0.0782918 0.869251 
v 0.369765 0.0781423 0.869587 
v 0.369505 0.0781812 0.8695 
v 0.333422 0.0228892 0.993687 
v 0.370583 0.0780968 0.869689 
v 0.370307 0.0780999 0.869682 
v 0.371648 0.0782042 0.869448 
v 0.336018 0.0217105 0.996335 
v 0.337324 0.0218732 0.995969 
v 0.337084 0.0218179 0.996093 
v 0.337755 0.0220138 0.995654 
v 0.337549 0.0219387 0.995822 
v 0.337208 0.0236519 0.991974 
v 0.337441 0.0235913 0.99211 
v 0.336433 0.0237679 0.991714 
v 0.335883 0.0237863 0.991672 
v 0.333664 0.0232103 0.992966 
v 0.333555 0.023107 0.993198 
v 0.368292 0.0786242 0.868504 
v 0.36817 0.078725 0.868278 
v 0.368809 0.0783623 0.869093 
v 0.33351 0.0224442 0.994687 
v 0.333443 0.0225533 0.994442 
v 0.371889 0.0782595 0.869324 
v 0.336294 0.0217195 0.996314 
v 0.336159 0.0237832 0.991679 
v 0.334353 0.023558 0.992185 
v 0.334577 0.0236235 0.992038 
v 0.33405 0.0220555 0.99556 
v 0.333877 0.0221432 0.995363 
v 0.33446 0.0219055 0.995897 
v 0.334245 0.021976 0.995739 
v 0.334693 0.0218449 0.996033 
v 0.334818 0.0236788 0.991914 
v 0.335072 0.0237232 0.991814 
v 0.370033 0.0781151 0.869648 
v 0.333728 0.0222379 0.99515 
v 0.33683 0.0217736 0.996193 
v 0.336565 0.0217406 0.996267 
v 0.333605 0.0223387 0.994924 
v 0.584816 0.462563 0.0397522 
v 0.584749 0.462454 0.0399972 
v 0.318097 0.024875 1.01587 
v 0.590699 0.471997 0.0181252 
v 0.590638 0.471792 0.0183003 
v 0.318101 0.025133 1.01597 
v 0.590828 0.472342 0.0177138 
v 0.590762 0.472181 0.0179289 
v 0.590961 0.472587 0.0172374 
v 0.590894 0.472478 0.0174824 
v 0.591027 0.472668 0.0169817 
v 0.591156 0.472743 0.0164501 
v 0.591093 0.47272 0.0167182 
v 0.591217 0.472736 0.0161806 
v 0.590581 0.471569 0.0184523 
v 0.312908 0.0189905 1.03603 
v 0.312841 0.0188815 1.03628 
v 0.31304 0.0191239 1.03551 
v 0.312974 0.0190717 1.03578 
v 0.317648 0.0266421 1.01863 
v 0.317583 0.0265899 1.01889 
v 0.590342 0.469994 0.0187989 
v 0.585072 0.462712 0.0386954 
v 0.585011 0.462719 0.0389649 
v 0.585397 0.461433 0.0367007 
v 0.590314 0.469455 0.0186849 
v 0.59031 0.469196 0.0185859 
v 0.590314 0.46895 0.0184603 
v 0.585397 0.460929 0.0364762 
v 0.5854 0.461187 0.0365752 
v 0.590479 0.471076 0.0186799 
v 0.590436 0.470813 0.0187528 
v 0.318097 0.0253792 1.01609 
v 0.591327 0.472633 0.0156496 
v 0.591274 0.472699 0.0159127 
v 0.318012 0.0237865 1.01576 
v 0.584683 0.462318 0.0402286 
v 0.584617 0.462157 0.0404437 
v 0.318044 0.0240607 1.01574 
v 0.312775 0.0187457 1.03651 
v 0.312709 0.0185849 1.03672 
v 0.31745 0.0263996 1.01939 
v 0.313164 0.0191397 1.03498 
v 0.317517 0.0265087 1.01915 
v 0.313366 0.0188207 1.03394 
v 0.313323 0.0189425 1.03419 
v 0.584948 0.462696 0.039233 
v 0.585386 0.460662 0.0364049 
v 0.590342 0.468505 0.0181359 
v 0.584883 0.458041 0.0374473 
v 0.584948 0.458202 0.0372321 
v 0.590528 0.471329 0.0185793 
v 0.591457 0.472269 0.0149196 
v 0.591419 0.472417 0.0151501 
v 0.591027 0.468066 0.0149325 
v 0.591093 0.468226 0.0147173 
v 0.584554 0.45764 0.0387109 
v 0.584617 0.457663 0.0384428 
v 0.584554 0.461973 0.04064 
v 0.316869 0.0228719 1.02037 
v 0.313478 0.01709 1.03268 
v 0.313488 0.0173568 1.03276 
v 0.312383 0.0143941 1.03629 
v 0.312426 0.0142723 1.03605 
v 0.312257 0.0156 1.03738 
v 0.312475 0.0177326 1.03737 
v 0.312426 0.0174797 1.03747 
v 0.313221 0.0191029 1.03471 
v 0.317712 0.0266649 1.01836 
v 0.313404 0.0186729 1.03371 
v 0.584749 0.457797 0.0379237 
v 0.584816 0.457906 0.0376787 
v 0.584883 0.462644 0.0394965 
v 0.585182 0.462609 0.0381644 
v 0.585129 0.462675 0.0384275 
v 0.585312 0.462245 0.0374344 
v 0.585274 0.462393 0.0376649 
v 0.585386 0.461665 0.0368513 
v 0.590324 0.469721 0.0187562 
v 0.591376 0.472539 0.0153944 
v 0.591545 0.471211 0.0140604 
v 0.591156 0.46841 0.0145211 
v 0.590894 0.467821 0.0154089 
v 0.590961 0.46793 0.0151639 
v 0.584493 0.457647 0.0389805 
v 0.584383 0.45775 0.0395115 
v 0.584436 0.457684 0.0392484 
v 0.584253 0.458114 0.0402415 
v 0.584291 0.457966 0.0400109 
v 0.584334 0.461052 0.0411947 
v 0.584291 0.460789 0.0412676 
v 0.584493 0.461768 0.0408151 
v 0.584436 0.461545 0.0409671 
v 0.318068 0.0243357 1.01576 
v 0.31346 0.0168175 1.03264 
v 0.316898 0.0224263 1.02004 
v 0.313274 0.0154822 1.03286 
v 0.313323 0.0157351 1.03276 
v 0.312908 0.0143334 1.03396 
v 0.312974 0.0144691 1.03373 
v 0.312345 0.0145419 1.03652 
v 0.312261 0.0153537 1.03725 
v 0.312271 0.0161248 1.03755 
v 0.312261 0.015858 1.03748 
v 0.312383 0.0172167 1.03755 
v 0.313103 0.0191467 1.03524 
v 0.313435 0.0185009 1.0335 
v 0.318012 0.0261911 1.01683 
v 0.317975 0.0263389 1.01706 
v 0.590699 0.467665 0.0161961 
v 0.590762 0.467687 0.015928 
v 0.590638 0.467672 0.0164657 
v 0.585231 0.462515 0.0379092 
v 0.590324 0.468719 0.0183098 
v 0.585231 0.459307 0.0364812 
v 0.585274 0.45957 0.0364082 
v 0.585072 0.458591 0.0368607 
v 0.585129 0.458815 0.0367087 
v 0.585011 0.458386 0.0370359 
v 0.591513 0.471903 0.0145104 
v 0.591488 0.472097 0.0147055 
v 0.591541 0.471458 0.0141859 
v 0.591531 0.470687 0.0138901 
v 0.591541 0.470953 0.0139614 
v 0.591376 0.469332 0.0139664 
v 0.591419 0.469595 0.0138934 
v 0.591217 0.468615 0.0143459 
v 0.591274 0.468839 0.0141939 
v 0.584334 0.457845 0.0397666 
v 0.584165 0.459172 0.0411007 
v 0.584169 0.458926 0.0409751 
v 0.58418 0.459697 0.041271 
v 0.584169 0.45943 0.0411997 
v 0.584383 0.461305 0.0410941 
v 0.316866 0.0231181 1.02049 
v 0.313366 0.0159981 1.03269 
v 0.313164 0.0150189 1.03314 
v 0.312841 0.0142243 1.0342 
v 0.312646 0.0140681 1.03499 
v 0.312709 0.0140909 1.03472 
v 0.312528 0.0141119 1.03553 
v 0.312585 0.0140752 1.03526 
v 0.312475 0.0141778 1.03579 
v 0.312271 0.0151222 1.0371 
v 0.312289 0.0163973 1.03759 
v 0.312528 0.0179722 1.03725 
v 0.312646 0.0184009 1.03692 
v 0.312585 0.0181959 1.03709 
v 0.313274 0.019037 1.03444 
v 0.317772 0.0266578 1.01809 
v 0.317931 0.0264607 1.0173 
v 0.585368 0.461879 0.0370252 
v 0.585343 0.462073 0.0372203 
v 0.585368 0.46039 0.0363621 
v 0.585182 0.459055 0.0365817 
v 0.590398 0.470543 0.0187973 
v 0.590367 0.470269 0.0188127 
v 0.591531 0.471689 0.0143365 
v 0.591513 0.470414 0.0138473 
v 0.591327 0.469079 0.0140669 
v 0.584197 0.45848 0.0406507 
v 0.584222 0.458286 0.0404556 
v 0.58418 0.458695 0.0408246 
v 0.584197 0.45997 0.0413137 
v 0.584253 0.460519 0.0413121 
v 0.584222 0.460245 0.0413275 
v 0.317517 0.0218515 1.01707 
v 0.317583 0.0219873 1.01684 
v 0.31745 0.0217425 1.01732 
v 0.31688 0.0226404 1.02022 
v 0.31688 0.023643 1.02066 
v 0.316869 0.0233762 1.02059 
v 0.313404 0.0162684 1.03264 
v 0.313103 0.0148139 1.03332 
v 0.31304 0.0146299 1.03351 
v 0.312775 0.0141431 1.03446 
v 0.312289 0.0149081 1.03693 
v 0.312314 0.0147139 1.03674 
v 0.317383 0.0262639 1.01962 
v 0.313488 0.0178611 1.03298 
v 0.313478 0.0180926 1.03313 
v 0.31783 0.0266211 1.01782 
v 0.317883 0.0265551 1.01756 
v 0.318068 0.0258249 1.01642 
v 0.318044 0.0260191 1.01661 
v 0.318086 0.0256108 1.01624 
v 0.590828 0.46774 0.0156646 
v 0.590528 0.467774 0.0169967 
v 0.590581 0.467708 0.0167336 
v 0.590398 0.468138 0.0177267 
v 0.590436 0.467991 0.0174961 
v 0.585312 0.459841 0.0363638 
v 0.585343 0.460115 0.0363484 
v 0.591457 0.469865 0.013849 
v 0.591488 0.470139 0.0138336 
v 0.584683 0.457715 0.0381794 
v 0.317883 0.0230004 1.01598 
v 0.317931 0.0232533 1.01587 
v 0.313435 0.0165425 1.03263 
v 0.316898 0.0239155 1.02071 
v 0.313221 0.0152426 1.03299 
v 0.31346 0.0183067 1.0333 
v 0.590479 0.467869 0.0172518 
v 0.317975 0.0235163 1.0158 
v 0.317712 0.0223321 1.01643 
v 0.317772 0.0225371 1.01625 
v 0.317648 0.0221481 1.01663 
v 0.317318 0.0216091 1.01784 
v 0.317383 0.0216613 1.01757 
v 0.316992 0.0219123 1.0194 
v 0.317035 0.0217905 1.01916 
v 0.312345 0.0169465 1.03759 
v 0.312314 0.0166723 1.03761 
v 0.590367 0.46831 0.0179408 
v 0.318086 0.0246082 1.0158 
v 0.31783 0.0227608 1.0161 
v 0.317255 0.0215863 1.0181 
v 0.317137 0.02163 1.01864 
v 0.317194 0.0215933 1.01837 
v 0.316954 0.0220601 1.01964 
v 0.316923 0.0222321 1.01985 
v 0.317083 0.0252507 1.02049 
v 0.317035 0.0249979 1.02059 
v 0.317318 0.0261031 1.01984 
v 0.317083 0.021696 1.01891 
v 0.316954 0.0244646 1.02071 
v 0.316923 0.0241904 1.02072 
v 0.316992 0.0247348 1.02066 
v 0.317255 0.0259191 1.02003 
v 0.313492 0.0176148 1.03285 
v 0.317137 0.0254904 1.02036 
v 0.317194 0.025714 1.02021 
v 0.586356 0.457749 0.0380295 
v 0.58629 0.45764 0.0382745 
v 0.319637 0.025223 1.01645 
v 0.592239 0.467508 0.016547 
v 0.592179 0.467515 0.0168165 
v 0.314448 0.0141772 1.03431 
v 0.314381 0.0140681 1.03455 
v 0.31458 0.0144737 1.03386 
v 0.314515 0.0143129 1.03408 
v 0.319641 0.0249768 1.01632 
v 0.592368 0.467583 0.0160154 
v 0.592303 0.467531 0.0162789 
v 0.592501 0.467774 0.0155147 
v 0.592434 0.467665 0.0157597 
v 0.314315 0.0139869 1.03481 
v 0.31425 0.0139347 1.03507 
v 0.31899 0.0215862 1.01767 
v 0.314704 0.0148627 1.03349 
v 0.314643 0.0146577 1.03367 
v 0.319189 0.0219919 1.01698 
v 0.319123 0.0218311 1.01719 
v 0.314906 0.0158419 1.03304 
v 0.314863 0.0155789 1.03311 
v 0.592568 0.467909 0.0152833 
v 0.592696 0.468254 0.0148719 
v 0.592633 0.46807 0.0150682 
v 0.314015 0.0140216 1.03614 
v 0.313967 0.0141161 1.0364 
v 0.314761 0.0150864 1.03334 
v 0.319057 0.0216953 1.01742 
v 0.314944 0.0161122 1.03299 
v 0.591854 0.468794 0.0188112 
v 0.59185 0.46904 0.0189367 
v 0.586941 0.461031 0.036926 
v 0.591854 0.469298 0.0190357 
v 0.586937 0.461277 0.0370516 
v 0.591883 0.469838 0.0191498 
v 0.586423 0.462488 0.0398473 
v 0.586488 0.46254 0.0395839 
v 0.592757 0.468459 0.0146968 
v 0.313801 0.0151975 1.03761 
v 0.313797 0.0154438 1.03773 
v 0.313923 0.0142379 1.03664 
v 0.314975 0.0163863 1.03298 
v 0.58629 0.462298 0.040348 
v 0.586356 0.462407 0.040103 
v 0.591883 0.468348 0.0184867 
v 0.586612 0.458435 0.0372116 
v 0.586552 0.45823 0.0373867 
v 0.586937 0.460773 0.036827 
v 0.592121 0.467552 0.0170844 
v 0.592568 0.472512 0.0173325 
v 0.592633 0.472564 0.0170691 
v 0.319553 0.0260349 1.01718 
v 0.586094 0.461817 0.0409908 
v 0.586158 0.462001 0.0407945 
v 0.313801 0.0157018 1.03783 
v 0.313812 0.014966 1.03746 
v 0.314068 0.0139557 1.03588 
v 0.314186 0.0139119 1.03534 
v 0.314126 0.013919 1.03561 
v 0.314815 0.015326 1.03321 
v 0.319515 0.0233601 1.01615 
v 0.319472 0.023097 1.01623 
v 0.592239 0.471841 0.018476 
v 0.592303 0.472025 0.0182798 
v 0.592179 0.471636 0.0186512 
v 0.586488 0.458046 0.037583 
v 0.586926 0.460506 0.0367557 
v 0.591865 0.468563 0.0186606 
v 0.591865 0.469565 0.019107 
v 0.586926 0.461509 0.0372021 
v 0.586771 0.462359 0.0382601 
v 0.586815 0.462237 0.0380158 
v 0.586612 0.462556 0.0390462 
v 0.58667 0.462519 0.0387783 
v 0.586552 0.462563 0.0393158 
v 0.592019 0.467713 0.0176027 
v 0.591976 0.467834 0.017847 
v 0.319637 0.0247188 1.01622 
v 0.592868 0.468923 0.0144178 
v 0.592814 0.468683 0.0145448 
v 0.592696 0.472587 0.016801 
v 0.592434 0.472322 0.0178332 
v 0.592501 0.472431 0.0175882 
v 0.586034 0.461612 0.041166 
v 0.585923 0.461149 0.041445 
v 0.585976 0.461388 0.041318 
v 0.585794 0.460363 0.0416629 
v 0.585831 0.460633 0.0416185 
v 0.586223 0.457559 0.0385302 
v 0.586158 0.457507 0.0387937 
v 0.319584 0.0258629 1.01696 
v 0.313812 0.0159686 1.0379 
v 0.31383 0.0147519 1.03728 
v 0.318924 0.0215051 1.01792 
v 0.315029 0.0172006 1.03311 
v 0.315018 0.0169338 1.03304 
v 0.319252 0.0221759 1.01678 
v 0.31937 0.0226046 1.01645 
v 0.319313 0.0223809 1.01661 
v 0.319553 0.0236303 1.01611 
v 0.586423 0.457885 0.0377981 
v 0.586723 0.458898 0.0369326 
v 0.58667 0.458659 0.0370596 
v 0.586852 0.459684 0.0367146 
v 0.586815 0.459414 0.0367591 
v 0.586908 0.461723 0.037376 
v 0.586723 0.462453 0.0385152 
v 0.592068 0.467618 0.0173475 
v 0.592997 0.469709 0.0141998 
v 0.592959 0.469438 0.0142443 
v 0.593085 0.471055 0.0144112 
v 0.592916 0.472383 0.0157453 
v 0.592959 0.472261 0.015501 
v 0.592757 0.47258 0.0165314 
v 0.592814 0.472543 0.0162635 
v 0.585875 0.460896 0.0415455 
v 0.585705 0.459016 0.0414515 
v 0.585709 0.459274 0.0415505 
v 0.58572 0.458538 0.0411754 
v 0.585709 0.45877 0.041326 
v 0.586094 0.457484 0.0390618 
v 0.315029 0.0177049 1.03333 
v 0.315032 0.0174586 1.03321 
v 0.318406 0.0229619 1.02085 
v 0.31841 0.0227157 1.02072 
v 0.313923 0.0170605 1.0379 
v 0.313967 0.0173235 1.03783 
v 0.313886 0.0143857 1.03687 
v 0.313854 0.0145577 1.03709 
v 0.315 0.0166613 1.03299 
v 0.319423 0.0228442 1.01633 
v 0.319609 0.0241795 1.01611 
v 0.319584 0.0239045 1.01609 
v 0.319627 0.0244519 1.01615 
v 0.592368 0.472186 0.0180646 
v 0.592068 0.471173 0.0189302 
v 0.592121 0.471413 0.0188032 
v 0.591939 0.470387 0.0191481 
v 0.591976 0.470657 0.0191037 
v 0.586771 0.459151 0.036832 
v 0.586852 0.462089 0.0377852 
v 0.586883 0.461917 0.0375711 
v 0.592916 0.469175 0.0143172 
v 0.593082 0.470797 0.0143122 
v 0.593071 0.471533 0.0146873 
v 0.593082 0.471301 0.0145368 
v 0.592868 0.472477 0.0160004 
v 0.585738 0.459813 0.0416646 
v 0.585763 0.460088 0.0416783 
v 0.58572 0.459541 0.0416218 
v 0.585738 0.458324 0.0410015 
v 0.585875 0.457688 0.0401175 
v 0.585831 0.45781 0.0403618 
v 0.586034 0.457491 0.0393313 
v 0.585976 0.457528 0.0395992 
v 0.319609 0.0256687 1.01677 
v 0.31841 0.02322 1.02094 
v 0.31842 0.0224842 1.02057 
v 0.313886 0.0167902 1.03794 
v 0.592019 0.47092 0.0190307 
v 0.586908 0.460234 0.036713 
v 0.586883 0.459959 0.0366992 
v 0.593053 0.470258 0.0141982 
v 0.593028 0.469983 0.0141844 
v 0.593071 0.47053 0.0142409 
v 0.593053 0.471747 0.0148612 
v 0.592997 0.472113 0.0152704 
v 0.593028 0.471941 0.0150563 
v 0.585923 0.457594 0.0398623 
v 0.319057 0.0263525 1.0195 
v 0.319123 0.0264336 1.01924 
v 0.31899 0.0262434 1.01974 
v 0.31842 0.0234868 1.02102 
v 0.318438 0.0222701 1.0204 
v 0.314815 0.0188808 1.03479 
v 0.314863 0.0187863 1.03454 
v 0.314448 0.0188343 1.03638 
v 0.314515 0.0189155 1.03613 
v 0.314186 0.0182447 1.03727 
v 0.31425 0.0184287 1.03707 
v 0.314068 0.017816 1.0376 
v 0.314126 0.0180397 1.03745 
v 0.314015 0.0175764 1.03772 
v 0.591907 0.470113 0.0191635 
v 0.591939 0.467982 0.0180775 
v 0.591907 0.468154 0.0182916 
v 0.586223 0.462162 0.0405794 
v 0.585794 0.457958 0.0405923 
v 0.585763 0.45813 0.0408064 
v 0.319472 0.0263045 1.01765 
v 0.319515 0.0261827 1.01741 
v 0.318494 0.0219039 1.01999 
v 0.318463 0.0220759 1.0202 
v 0.318624 0.0215398 1.01926 
v 0.318575 0.0216343 1.01951 
v 0.318858 0.0214529 1.01819 
v 0.314975 0.0183447 1.03385 
v 0.318795 0.0257629 1.02038 
v 0.318858 0.0259469 1.02019 
v 0.315018 0.0179364 1.03348 
v 0.318624 0.0250945 1.02084 
v 0.314906 0.0186645 1.0343 
v 0.314643 0.0189905 1.0356 
v 0.314381 0.0187252 1.03663 
v 0.314315 0.0185895 1.03686 
v 0.31383 0.0162411 1.03794 
v 0.313854 0.0165161 1.03796 
v 0.319423 0.0263989 1.01791 
v 0.319252 0.0265086 1.01871 
v 0.319313 0.0265016 1.01844 
v 0.319189 0.0264859 1.01898 
v 0.318532 0.0245786 1.02101 
v 0.318575 0.0248417 1.02094 
v 0.318438 0.0237593 1.02106 
v 0.318463 0.0240342 1.02107 
v 0.318532 0.0217561 1.01976 
v 0.318795 0.0214301 1.01846 
v 0.318924 0.0261077 1.01997 
v 0.318677 0.0253342 1.02071 
v 0.318734 0.0255578 1.02056 
v 0.315 0.0181505 1.03366 
v 0.314944 0.0185167 1.03406 
v 0.314704 0.0189834 1.03533 
v 0.31458 0.0189677 1.03586 
v 0.319627 0.0254546 1.0166 
v 0.31937 0.0264649 1.01817 
v 0.318494 0.0243084 1.02106 
v 0.318677 0.0214738 1.01899 
v 0.318734 0.0214371 1.01872 
v 0.314761 0.0189467 1.03506 
vn -0.240504 -0.29357 0.925189 
vn -0.241922 -0.394655 0.886409 
vn -0.236266 -0.189043 0.953122 
vn -0.240504 -0.29357 0.925189 
vn -0.229258 -0.0822994 0.96988 
vn -0.236266 -0.189043 0.953122 
vn -0.219562 0.0254088 0.975268 
vn -0.229258 -0.0822994 0.96988 
vn -0.207293 0.132819 0.969221 
vn -0.219562 0.0254088 0.975268 
vn -0.192592 0.238672 0.951811 
vn -0.207293 0.132819 0.969221 
vn -0.175634 0.341727 0.923242 
vn -0.192592 0.238672 0.951811 
vn -0.156617 0.440776 0.883848 
vn -0.175634 0.341727 0.923242 
vn -0.135763 0.534656 0.834093 
vn -0.156617 0.440776 0.883848 
vn -0.113318 0.622269 0.774558 
vn -0.135763 0.534656 0.834093 
vn -0.0895445 0.702586 0.705943 
vn -0.113318 0.622269 0.774558 
vn -0.064721 0.774665 0.629051 
vn -0.0895445 0.702586 0.705943 
vn -0.0391386 0.837663 0.544784 
vn -0.064721 0.774665 0.629051 
vn -0.0130974 0.890839 0.454129 
vn -0.0391386 0.837663 0.544784 
vn 0.0130974 0.933572 0.358151 
vn -0.0130974 0.890839 0.454129 
vn 0.0391386 0.965359 0.257973 
vn 0.0130974 0.933572 0.358151 
vn 0.064721 0.985828 0.154771 
vn 0.0391386 0.965359 0.257973 
vn 0.0895445 0.994739 0.049755 
vn 0.064721 0.985828 0.154771 
vn 0.113318 0.991988 -0.0558449 
vn 0.0895445 0.994739 0.049755 
vn 0.135763 0.977607 -0.16079 
vn 0.113318 0.991988 -0.0558449 
vn 0.156617 0.951764 -0.26385 
vn 0.135763 0.977607 -0.16079 
vn 0.175634 0.914762 -0.363817 
vn 0.156617 0.951764 -0.26385 
vn 0.192592 0.867036 -0.459518 
vn 0.175634 0.914762 -0.363817 
vn 0.207293 0.809145 -0.549831 
vn 0.192592 0.867036 -0.459518 
vn 0.219562 0.741767 -0.633699 
vn 0.207293 0.809145 -0.549831 
vn 0.229258 0.665692 -0.710137 
vn 0.219562 0.741767 -0.633699 
vn 0.236266 0.581813 -0.778249 
vn 0.229258 0.665692 -0.710137 
vn 0.240504 0.491113 -0.837237 
vn 0.236266 0.581813 -0.778249 
vn 0.241922 0.394655 -0.886409 
vn 0.240504 0.491113 -0.837237 
vn 0.240504 0.29357 -0.925189 
vn 0.241922 0.394655 -0.886409 
vn 0.236266 0.189043 -0.953122 
vn 0.240504 0.29357 -0.925189 
vn 0.229258 0.0822994 -0.96988 
vn 0.236266 0.189043 -0.953122 
vn 0.219562 -0.0254088 -0.975268 
vn 0.229258 0.0822994 -0.96988 
vn 0.207293 -0.132819 -0.969221 
vn 0.219562 -0.0254088 -0.975268 
vn 0.192592 -0.238672 -0.951811 
vn 0.207293 -0.132819 -0.969221 
vn 0.175634 -0.341727 -0.923242 
vn 0.192592 -0.238672 -0.951811 
vn 0.156617 -0.440776 -0.883848 
vn 0.175634 -0.341727 -0.923242 
vn 0.135763 -0.534656 -0.834093 
vn 0.156617 -0.440776 -0.883848 
vn 0.113318 -0.622269 -0.774558 
vn 0.135763 -0.534656 -0.834093 
vn 0.0895445 -0.702586 -0.705943 
vn 0.113318 -0.622269 -0.774558 
vn 0.064721 -0.774665 -0.629051 
vn 0.0895445 -0.702586 -0.705943 
vn 0.0391386 -0.837663 -0.544784 
vn 0.064721 -0.774665 -0.629051 
vn 0.0130974 -0.890839 -0.454129 
vn 0.0391386 -0.837663 -0.544784 
vn -0.0130974 -0.933572 -0.358151 
vn 0.0130974 -0.890839 -0.454129 
vn -0.0391386 -0.965359 -0.257973 
vn -0.0130974 -0.933572 -0.358151 
vn -0.064721 -0.985828 -0.154771 
vn -0.0391386 -0.965359 -0.257973 
vn -0.0895445 -0.994739 -0.049755 
vn -0.064721 -0.985828 -0.154771 
vn -0.113318 -0.991988 0.0558449 
vn -0.0895445 -0.994739 -0.049755 
vn -0.135763 -0.977607 0.16079 
vn -0.113318 -0.991988 0.0558449 
vn -0.156617 -0.951764 0.26385 
vn -0.135763 -0.977607 0.16079 
vn -0.175634 -0.914762 0.363817 
vn -0.156617 -0.951764 0.26385 
vn -0.192592 -0.867036 0.459518 
vn -0.175634 -0.914762 0.363817 
vn -0.207293 -0.809145 0.549831 
vn -0.192592 -0.867036 0.459518 
vn -0.219562 -0.741767 0.633699 
vn -0.207293 -0.809145 0.549831 
vn -0.229258 -0.665692 0.710137 
vn -0.219562 -0.741767 0.633699 
vn -0.236266 -0.581813 0.778249 
vn -0.229258 -0.665692 0.710137 
vn -0.240504 -0.491113 0.837237 
vn -0.236266 -0.581813 0.778249 
vn 0.970296 -0.0983985 0.221007 
vn -0.240504 -0.29357 0.925189 
vn -0.241922 -0.394655 0.886409 
vn -0.236266 -0.189043 0.953122 
vn -0.240504 -0.29357 0.925189 
vn -0.229258 -0.0822994 0.96988 
vn -0.236266 -0.189043 0.953122 
vn -0.219562 0.0254088 0.975268 
vn -0.229258 -0.0822994 0.96988 
vn -0.207293 0.132819 0.969221 
vn -0.219562 0.0254088 0.975268 
vn -0.192592 0.238672 0.951811 
vn -0.207293 0.132819 0.969221 
vn -0.175634 0.341727 0.923242 
vn -0.192592 0.238672 0.951811 
vn -0.156617 0.440776 0.883848 
vn -0.175634 0.341727 0.923242 
vn -0.135763 0.534656 0.834093 
vn -0.156617 0.440776 0.883848 
vn -0.113318 0.622269 0.774558 
vn -0.135763 0.534656 0.834093 
vn -0.0895445 0.702586 0.705943 
vn -0.113318 0.622269 0.774558 
vn -0.064721 0.774665 0.629051 
vn -0.0895445 0.702586 0.705943 
vn -0.0391386 0.837663 0.544784 
vn -0.064721 0.774665 0.629051 
vn -0.0130974 0.890839 0.454129 
vn -0.0391386 0.837663 0.544784 
vn 0.0130974 0.933572 0.358151 
vn -0.0130974 0.890839 0.454129 
vn 0.0391386 0.965359 0.257973 
vn 0.0130974 0.933572 0.358151 
vn 0.064721 0.985828 0.154771 
vn 0.0391386 0.965359 0.257973 
vn 0.0895445 0.994739 0.049755 
vn 0.064721 0.985828 0.154771 
vn 0.113318 0.991988 -0.0558449 
vn 0.0895445 0.994739 0.049755 
vn 0.135763 0.977607 -0.16079 
vn 0.113318 0.991988 -0.0558449 
vn 0.156617 0.951764 -0.26385 
vn 0.135763 0.977607 -0.16079 
vn 0.175634 0.914762 -0.363817 
vn 0.156617 0.951764 -0.26385 
vn 0.192592 0.867036 -0.459518 
vn 0.175634 0.914762 -0.363817 
vn 0.207293 0.809145 -0.549831 
vn 0.192592 0.867036 -0.459518 
vn 0.219562 0.741767 -0.633699 
vn 0.207293 0.809145 -0.549831 
vn 0.229258 0.665692 -0.710137 
vn 0.219562 0.741767 -0.633699 
vn 0.236266 0.581813 -0.778249 
vn 0.229258 0.665692 -0.710137 
vn 0.240504 0.491113 -0.837237 
vn 0.236266 0.581813 -0.778249 
vn 0.241922 0.394655 -0.886409 
vn 0.240504 0.491113 -0.837237 
vn 0.240504 0.29357 -0.925189 
vn 0.241922 0.394655 -0.886409 
vn 0.236266 0.189043 -0.953122 
vn 0.240504 0.29357 -0.925189 
vn 0.229258 0.0822994 -0.96988 
vn 0.236266 0.189043 -0.953122 
vn 0.219562 -0.0254088 -0.975268 
vn 0.229258 0.0822994 -0.96988 
vn 0.207293 -0.132819 -0.969221 
vn 0.219562 -0.0254088 -0.975268 
vn 0.192592 -0.238672 -0.951811 
vn 0.207293 -0.132819 -0.969221 
vn 0.175634 -0.341727 -0.923242 
vn 0.192592 -0.238672 -0.951811 
vn 0.156617 -0.440776 -0.883848 
vn 0.175634 -0.341727 -0.923242 
vn 0.135763 -0.534656 -0.834093 
vn 0.156617 -0.440776 -0.883848 
vn 0.113318 -0.622269 -0.774558 
vn 0.135763 -0.534656 -0.834093 
vn 0.0895445 -0.702586 -0.705943 
vn 0.113318 -0.622269 -0.774558 
vn 0.064721 -0.774665 -0.629051 
vn 0.0895445 -0.702586 -0.705943 
vn 0.0391386 -0.837663 -0.544784 
vn 0.064721 -0.774665 -0.629051 
vn 0.0130974 -0.890839 -0.454129 
vn 0.0391386 -0.837663 -0.544784 
vn -0.0130974 -0.933572 -0.358151 
vn 0.0130974 -0.890839 -0.454129 
vn -0.0391386 -0.965359 -0.257973 
vn -0.0130974 -0.933572 -0.358151 
vn -0.064721 -0.985828 -0.154771 
vn -0.0391386 -0.965359 -0.257973 
vn -0.0895445 -0.994739 -0.049755 
vn -0.064721 -0.985828 -0.154771 
vn -0.113318 -0.991988 0.0558449 
vn -0.0895445 -0.994739 -0.049755 
vn -0.135763 -0.977607 0.16079 
vn -0.113318 -0.991988 0.0558449 
vn -0.156617 -0.951764 0.26385 
vn -0.135763 -0.977607 0.16079 
vn -0.175634 -0.914762 0.363817 
vn -0.156617 -0.951764 0.26385 
vn -0.192592 -0.867036 0.459518 
vn -0.175634 -0.914762 0.363817 
vn -0.207293 -0.809145 0.549831 
vn -0.192592 -0.867036 0.459518 
vn -0.219562 -0.741767 0.633699 
vn -0.207293 -0.809145 0.549831 
vn -0.229258 -0.665692 0.710137 
vn -0.219562 -0.741767 0.633699 
vn -0.236266 -0.581813 0.778249 
vn -0.229258 -0.665692 0.710137 
vn -0.240504 -0.491113 0.837237 
vn -0.236266 -0.581813 0.778249 
vn -0.970296 0.0983985 -0.221007 
vn 0.241922 0.394655 -0.886409 
vn -0.241922 -0.394655 0.886409 
vn -7.16558e-16 0.913545 0.406737 
vn 9.15361e-16 -0.913545 -0.406737 
vn 0.990764 -0.055152 0.123873 
vn 0.970296 -0.0983985 0.221007 
vn 0.999617 -0.0112589 0.0252878 
vn 0.990764 -0.055152 0.123873 
vn 0.99675 0.0327662 -0.0735942 
vn 0.999617 -0.0112589 0.0252878 
vn 0.982197 0.0764072 -0.171613 
vn 0.99675 0.0327662 -0.0735942 
vn 0.956129 0.119152 -0.267621 
vn 0.982197 0.0764072 -0.171613 
vn 0.918851 0.160501 -0.36049 
vn 0.956129 0.119152 -0.267621 
vn 0.8708 0.199967 -0.449133 
vn 0.918851 0.160501 -0.36049 
vn 0.81254 0.237089 -0.532511 
vn 0.8708 0.199967 -0.449133 
vn 0.744754 0.271431 -0.609645 
vn 0.81254 0.237089 -0.532511 
vn 0.668236 0.302592 -0.679632 
vn 0.744754 0.271431 -0.609645 
vn 0.583883 0.330204 -0.741651 
vn 0.668236 0.302592 -0.679632 
vn 0.492685 0.353945 -0.794974 
vn 0.583883 0.330204 -0.741651 
vn 0.395711 0.373537 -0.838977 
vn 0.492685 0.353945 -0.794974 
vn 0.294098 0.388749 -0.873144 
vn 0.395711 0.373537 -0.838977 
vn 0.189036 0.399403 -0.897074 
vn 0.294098 0.388749 -0.873144 
vn 0.0817586 0.405375 -0.910487 
vn 0.189036 0.399403 -0.897074 
vn -0.0264778 0.406594 -0.913225 
vn 0.0817586 0.405375 -0.910487 
vn -0.134404 0.403046 -0.905257 
vn -0.0264778 0.406594 -0.913225 
vn -0.240754 0.394773 -0.886675 
vn -0.134404 0.403046 -0.905257 
vn -0.344281 0.381871 -0.857697 
vn -0.240754 0.394773 -0.886675 
vn -0.443772 0.364493 -0.818664 
vn -0.344281 0.381871 -0.857697 
vn -0.538061 0.342841 -0.770033 
vn -0.443772 0.364493 -0.818664 
vn -0.626041 0.317169 -0.712374 
vn -0.538061 0.342841 -0.770033 
vn -0.706681 0.287779 -0.646363 
vn -0.626041 0.317169 -0.712374 
vn -0.779036 0.255015 -0.572774 
vn -0.706681 0.287779 -0.646363 
vn -0.842258 0.219262 -0.492469 
vn -0.779036 0.255015 -0.572774 
vn -0.895605 0.180937 -0.406391 
vn -0.842258 0.219262 -0.492469 
vn -0.938451 0.140491 -0.315549 
vn -0.895605 0.180937 -0.406391 
vn -0.970296 0.0983985 -0.221007 
vn -0.938451 0.140491 -0.315549 
vn -0.990764 0.055152 -0.123873 
vn -0.970296 0.0983985 -0.221007 
vn -0.999617 0.0112589 -0.0252878 
vn -0.990764 0.055152 -0.123873 
vn -0.99675 -0.0327662 0.0735942 
vn -0.999617 0.0112589 -0.0252878 
vn -0.982197 -0.0764072 0.171613 
vn -0.99675 -0.0327662 0.0735942 
vn -0.956129 -0.119152 0.267621 
vn -0.982197 -0.0764072 0.171613 
vn -0.918851 -0.160501 0.36049 
vn -0.956129 -0.119152 0.267621 
vn -0.8708 -0.199967 0.449133 
vn -0.918851 -0.160501 0.36049 
vn -0.81254 -0.237089 0.532511 
vn -0.8708 -0.199967 0.449133 
vn -0.744754 -0.271431 0.609645 
vn -0.81254 -0.237089 0.532511 
vn -0.668236 -0.302592 0.679632 
vn -0.744754 -0.271431 0.609645 
vn -0.583883 -0.330204 0.741651 
vn -0.668236 -0.302592 0.679632 
vn -0.492685 -0.353945 0.794974 
vn -0.583883 -0.330204 0.741651 
vn -0.395711 -0.373537 0.838977 
vn -0.492685 -0.353945 0.794974 
vn -0.294098 -0.388749 0.873144 
vn -0.395711 -0.373537 0.838977 
vn -0.189036 -0.399403 0.897074 
vn -0.294098 -0.388749 0.873144 
vn -0.0817586 -0.405375 0.910487 
vn -0.189036 -0.399403 0.897074 
vn 0.0264778 -0.406594 0.913225 
vn -0.0817586 -0.405375 0.910487 
vn 0.134404 -0.403046 0.905257 
vn 0.0264778 -0.406594 0.913225 
vn 0.240754 -0.394773 0.886675 
vn 0.134404 -0.403046 0.905257 
vn 0.344281 -0.381871 0.857697 
vn 0.240754 -0.394773 0.886675 
vn 0.443772 -0.364493 0.818664 
vn 0.344281 -0.381871 0.857697 
vn 0.538061 -0.342841 0.770033 
vn 0.443772 -0.364493 0.818664 
vn 0.626041 -0.317169 0.712374 
vn 0.538061 -0.342841 0.770033 
vn 0.706681 -0.287779 0.646363 
vn 0.626041 -0.317169 0.712374 
vn 0.779036 -0.255015 0.572774 
vn 0.706681 -0.287779 0.646363 
vn 0.842258 -0.219262 0.492469 
vn 0.779036 -0.255015 0.572774 
vn 0.895605 -0.180937 0.406391 
vn 0.842258 -0.219262 0.492469 
vn 0.938451 -0.140491 0.315549 
vn 0.895605 -0.180937 0.406391 
vn 0.990764 -0.055152 0.123873 
vn 0.970296 -0.0983985 0.221007 
vn 0.999617 -0.0112589 0.0252878 
vn 0.990764 -0.055152 0.123873 
vn 0.99675 0.0327662 -0.0735942 
vn 0.999617 -0.0112589 0.0252878 
vn 0.982197 0.0764072 -0.171613 
vn 0.99675 0.0327662 -0.0735942 
vn 0.956129 0.119152 -0.267621 
vn 0.982197 0.0764072 -0.171613 
vn 0.918851 0.160501 -0.36049 
vn 0.956129 0.119152 -0.267621 
vn 0.8708 0.199967 -0.449133 
vn 0.918851 0.160501 -0.36049 
vn 0.81254 0.237089 -0.532511 
vn 0.8708 0.199967 -0.449133 
vn 0.744754 0.271431 -0.609645 
vn 0.81254 0.237089 -0.532511 
vn 0.668236 0.302592 -0.679632 
vn 0.744754 0.271431 -0.609645 
vn 0.583883 0.330204 -0.741651 
vn 0.668236 0.302592 -0.679632 
vn 0.492685 0.353945 -0.794974 
vn 0.583883 0.330204 -0.741651 
vn 0.395711 0.373537 -0.838977 
vn 0.492685 0.353945 -0.794974 
vn 0.294098 0.388749 -0.873144 
vn 0.395711 0.373537 -0.838977 
vn 0.189036 0.399403 -0.897074 
vn 0.294098 0.388749 -0.873144 
vn 0.0817586 0.405375 -0.910487 
vn 0.189036 0.399403 -0.897074 
vn -0.0264778 0.406594 -0.913225 
vn 0.0817586 0.405375 -0.910487 
vn -0.134404 0.403046 -0.905257 
vn -0.0264778 0.406594 -0.913225 
vn -0.240754 0.394773 -0.886675 
vn -0.134404 0.403046 -0.905257 
vn -0.344281 0.381871 -0.857697 
vn -0.240754 0.394773 -0.886675 
vn -0.443772 0.364493 -0.818664 
vn -0.344281 0.381871 -0.857697 
vn -0.538061 0.342841 -0.770033 
vn -0.443772 0.364493 -0.818664 
vn -0.626041 0.317169 -0.712374 
vn -0.538061 0.342841 -0.770033 
vn -0.706681 0.287779 -0.646363 
vn -0.626041 0.317169 -0.712374 
vn -0.779036 0.255015 -0.572774 
vn -0.706681 0.287779 -0.646363 
vn -0.842258 0.219262 -0.492469 
vn -0.779036 0.255015 -0.572774 
vn -0.895605 0.180937 -0.406391 
vn -0.842258 0.219262 -0.492469 
vn -0.938451 0.140491 -0.315549 
vn -0.895605 0.180937 -0.406391 
vn -0.970296 0.0983985 -0.221007 
vn -0.938451 0.140491 -0.315549 
vn -0.990764 0.055152 -0.123873 
vn -0.970296 0.0983985 -0.221007 
vn -0.999617 0.0112589 -0.0252878 
vn -0.990764 0.055152 -0.123873 
vn -0.99675 -0.0327662 0.0735942 
vn -0.999617 0.0112589 -0.0252878 
vn -0.982197 -0.0764072 0.171613 
vn -0.99675 -0.0327662 0.0735942 
vn -0.956129 -0.119152 0.267621 
vn -0.982197 -0.0764072 0.171613 
vn -0.918851 -0.160501 0.36049 
vn -0.956129 -0.119152 0.267621 
vn -0.8708 -0.199967 0.449133 
vn -0.918851 -0.160501 0.36049 
vn -0.81254 -0.237089 0.532511 
vn -0.8708 -0.199967 0.449133 
vn -0.744754 -0.271431 0.609645 
vn -0.81254 -0.237089 0.532511 
vn -0.668236 -0.302592 0.679632 
vn -0.744754 -0.271431 0.609645 
vn -0.583883 -0.330204 0.741651 
vn -0.668236 -0.302592 0.679632 
vn -0.492685 -0.353945 0.794974 
vn -0.583883 -0.330204 0.741651 
vn -0.395711 -0.373537 0.838977 
vn -0.492685 -0.353945 0.794974 
vn -0.294098 -0.388749 0.873144 
vn -0.395711 -0.373537 0.838977 
vn -0.189036 -0.399403 0.897074 
vn -0.294098 -0.388749 0.873144 
vn -0.0817586 -0.405375 0.910487 
vn -0.189036 -0.399403 0.897074 
vn 0.0264778 -0.406594 0.913225 
vn -0.0817586 -0.405375 0.910487 
vn 0.134404 -0.403046 0.905257 
vn 0.0264778 -0.406594 0.913225 
vn 0.240754 -0.394773 0.886675 
vn 0.134404 -0.403046 0.905257 
vn 0.344281 -0.381871 0.857697 
vn 0.240754 -0.394773 0.886675 
vn 0.443772 -0.364493 0.818664 
vn 0.344281 -0.381871 0.857697 
vn 0.538061 -0.342841 0.770033 
vn 0.443772 -0.364493 0.818664 
vn 0.626041 -0.317169 0.712374 
vn 0.538061 -0.342841 0.770033 
vn 0.706681 -0.287779 0.646363 
vn 0.626041 -0.317169 0.712374 
vn 0.779036 -0.255015 0.572774 
vn 0.706681 -0.287779 0.646363 
vn 0.842258 -0.219262 0.492469 
vn 0.779036 -0.255015 0.572774 
vn 0.895605 -0.180937 0.406391 
vn 0.842258 -0.219262 0.492469 
vn 0.938451 -0.140491 0.315549 
vn 0.895605 -0.180937 0.406391 
vn 7.16558e-16 -0.913545 -0.406737 
vn -9.15361e-16 0.913545 0.406737 
vn 0.990764 -0.055152 0.123873 
vn 0.970296 -0.0983985 0.221007 
vn 0.999617 -0.0112589 0.0252878 
vn 0.990764 -0.055152 0.123873 
vn 0.99675 0.0327662 -0.0735942 
vn 0.999617 -0.0112589 0.0252878 
vn 0.982197 0.0764072 -0.171613 
vn 0.99675 0.0327662 -0.0735942 
vn 0.956129 0.119152 -0.267621 
vn 0.982197 0.0764072 -0.171613 
vn 0.918851 0.160501 -0.36049 
vn 0.956129 0.119152 -0.267621 
vn 0.8708 0.199967 -0.449133 
vn 0.918851 0.160501 -0.36049 
vn 0.81254 0.237089 -0.532511 
vn 0.8708 0.199967 -0.449133 
vn 0.744754 0.271431 -0.609645 
vn 0.81254 0.237089 -0.532511 
vn 0.668236 0.302592 -0.679632 
vn 0.744754 0.271431 -0.609645 
vn 0.583883 0.330204 -0.741651 
vn 0.668236 0.302592 -0.679632 
vn 0.492685 0.353945 -0.794974 
vn 0.583883 0.330204 -0.741651 
vn 0.395711 0.373537 -0.838977 
vn 0.492685 0.353945 -0.794974 
vn 0.294098 0.388749 -0.873144 
vn 0.395711 0.373537 -0.838977 
vn 0.189036 0.399403 -0.897074 
vn 0.294098 0.388749 -0.873144 
vn 0.0817586 0.405375 -0.910487 
vn 0.189036 0.399403 -0.897074 
vn -0.0264778 0.406594 -0.913225 
vn 0.0817586 0.405375 -0.910487 
vn -0.134404 0.403046 -0.905257 
vn -0.0264778 0.406594 -0.913225 
vn -0.240754 0.394773 -0.886675 
vn -0.134404 0.403046 -0.905257 
vn -0.344281 0.381871 -0.857697 
vn -0.240754 0.394773 -0.886675 
vn -0.443772 0.364493 -0.818664 
vn -0.344281 0.381871 -0.857697 
vn -0.538061 0.342841 -0.770033 
vn -0.443772 0.364493 -0.818664 
vn -0.626041 0.317169 -0.712374 
vn -0.538061 0.342841 -0.770033 
vn -0.706681 0.287779 -0.646363 
vn -0.626041 0.317169 -0.712374 
vn -0.779036 0.255015 -0.572774 
vn -0.706681 0.287779 -0.646363 
vn -0.842258 0.219262 -0.492469 
vn -0.779036 0.255015 -0.572774 
vn -0.895605 0.180937 -0.406391 
vn -0.842258 0.219262 -0.492469 
vn -0.938451 0.140491 -0.315549 
vn -0.895605 0.180937 -0.406391 
vn -0.970296 0.0983985 -0.221007 
vn -0.938451 0.140491 -0.315549 
vn -0.990764 0.055152 -0.123873 
vn -0.970296 0.0983985 -0.221007 
vn -0.999617 0.0112589 -0.0252878 
vn -0.990764 0.055152 -0.123873 
vn -0.99675 -0.0327662 0.0735942 
vn -0.999617 0.0112589 -0.0252878 
vn -0.982197 -0.0764072 0.171613 
vn -0.99675 -0.0327662 0.0735942 
vn -0.956129 -0.119152 0.267621 
vn -0.982197 -0.0764072 0.171613 
vn -0.918851 -0.160501 0.36049 
vn -0.956129 -0.119152 0.267621 
vn -0.8708 -0.199967 0.449133 
vn -0.918851 -0.160501 0.36049 
vn -0.81254 -0.237089 0.532511 
vn -0.8708 -0.199967 0.449133 
vn -0.744754 -0.271431 0.609645 
vn -0.81254 -0.237089 0.532511 
vn -0.668236 -0.302592 0.679632 
vn -0.744754 -0.271431 0.609645 
vn -0.583883 -0.330204 0.741651 
vn -0.668236 -0.302592 0.679632 
vn -0.492685 -0.353945 0.794974 
vn -0.583883 -0.330204 0.741651 
vn -0.395711 -0.373537 0.838977 
vn -0.492685 -0.353945 0.794974 
vn -0.294098 -0.388749 0.873144 
vn -0.395711 -0.373537 0.838977 
vn -0.189036 -0.399403 0.897074 
vn -0.294098 -0.388749 0.873144 
vn -0.0817586 -0.405375 0.910487 
vn -0.189036 -0.399403 0.897074 
vn 0.0264778 -0.406594 0.913225 
vn -0.0817586 -0.405375 0.910487 
vn 0.134404 -0.403046 0.905257 
vn 0.0264778 -0.406594 0.913225 
vn 0.240754 -0.394773 0.886675 
vn 0.134404 -0.403046 0.905257 
vn 0.344281 -0.381871 0.857697 
vn 0.240754 -0.394773 0.886675 
vn 0.443772 -0.364493 0.818664 
vn 0.344281 -0.381871 0.857697 
vn 0.538061 -0.342841 0.770033 
vn 0.443772 -0.364493 0.818664 
vn 0.626041 -0.317169 0.712374 
vn 0.538061 -0.342841 0.770033 
vn 0.706681 -0.287779 0.646363 
vn 0.626041 -0.317169 0.712374 
vn 0.779036 -0.255015 0.572774 
vn 0.706681 -0.287779 0.646363 
vn 0.842258 -0.219262 0.492469 
vn 0.779036 -0.255015 0.572774 
vn 0.895605 -0.180937 0.406391 
vn 0.842258 -0.219262 0.492469 
vn 0.938451 -0.140491 0.315549 
vn 0.895605 -0.180937 0.406391 
vn 0.990764 -0.055152 0.123873 
vn 0.970296 -0.0983985 0.221007 
vn 0.999617 -0.0112589 0.0252878 
vn 0.990764 -0.055152 0.123873 
vn 0.99675 0.0327662 -0.0735942 
vn 0.999617 -0.0112589 0.0252878 
vn 0.982197 0.0764072 -0.171613 
vn 0.99675 0.0327662 -0.0735942 
vn 0.956129 0.119152 -0.267621 
vn 0.982197 0.0764072 -0.171613 
vn 0.918851 0.160501 -0.36049 
vn 0.956129 0.119152 -0.267621 
vn 0.8708 0.199967 -0.449133 
vn 0.918851 0.160501 -0.36049 
vn 0.81254 0.237089 -0.532511 
vn 0.8708 0.199967 -0.449133 
vn 0.744754 0.271431 -0.609645 
vn 0.81254 0.237089 -0.532511 
vn 0.668236 0.302592 -0.679632 
vn 0.744754 0.271431 -0.609645 
vn 0.583883 0.330204 -0.741651 
vn 0.668236 0.302592 -0.679632 
vn 0.492685 0.353945 -0.794974 
vn 0.583883 0.330204 -0.741651 
vn 0.395711 0.373537 -0.838977 
vn 0.492685 0.353945 -0.794974 
vn 0.294098 0.388749 -0.873144 
vn 0.395711 0.373537 -0.838977 
vn 0.189036 0.399403 -0.897074 
vn 0.294098 0.388749 -0.873144 
vn 0.0817586 0.405375 -0.910487 
vn 0.189036 0.399403 -0.897074 
vn -0.0264778 0.406594 -0.913225 
vn 0.0817586 0.405375 -0.910487 
vn -0.134404 0.403046 -0.905257 
vn -0.0264778 0.406594 -0.913225 
vn -0.240754 0.394773 -0.886675 
vn -0.134404 0.403046 -0.905257 
vn -0.344281 0.381871 -0.857697 
vn -0.240754 0.394773 -0.886675 
vn -0.443772 0.364493 -0.818664 
vn -0.344281 0.381871 -0.857697 
vn -0.538061 0.342841 -0.770033 
vn -0.443772 0.364493 -0.818664 
vn -0.626041 0.317169 -0.712374 
vn -0.538061 0.342841 -0.770033 
vn -0.706681 0.287779 -0.646363 
vn -0.626041 0.317169 -0.712374 
vn -0.779036 0.255015 -0.572774 
vn -0.706681 0.287779 -0.646363 
vn -0.842258 0.219262 -0.492469 
vn -0.779036 0.255015 -0.572774 
vn -0.895605 0.180937 -0.406391 
vn -0.842258 0.219262 -0.492469 
vn -0.938451 0.140491 -0.315549 
vn -0.895605 0.180937 -0.406391 
vn -0.970296 0.0983985 -0.221007 
vn -0.938451 0.140491 -0.315549 
vn -0.990764 0.055152 -0.123873 
vn -0.970296 0.0983985 -0.221007 
vn -0.999617 0.0112589 -0.0252878 
vn -0.990764 0.055152 -0.123873 
vn -0.99675 -0.0327662 0.0735942 
vn -0.999617 0.0112589 -0.0252878 
vn -0.982197 -0.0764072 0.171613 
vn -0.99675 -0.0327662 0.0735942 
vn -0.956129 -0.119152 0.267621 
vn -0.982197 -0.0764072 0.171613 
vn -0.918851 -0.160501 0.36049 
vn -0.956129 -0.119152 0.267621 
vn -0.8708 -0.199967 0.449133 
vn -0.918851 -0.160501 0.36049 
vn -0.81254 -0.237089 0.532511 
vn -0.8708 -0.199967 0.449133 
vn -0.744754 -0.271431 0.609645 
vn -0.81254 -0.237089 0.532511 
vn -0.668236 -0.302592 0.679632 
vn -0.744754 -0.271431 0.609645 
vn -0.583883 -0.330204 0.741651 
vn -0.668236 -0.302592 0.679632 
vn -0.492685 -0.353945 0.794974 
vn -0.583883 -0.330204 0.741651 
vn -0.395711 -0.373537 0.838977 
vn -0.492685 -0.353945 0.794974 
vn -0.294098 -0.388749 0.873144 
vn -0.395711 -0.373537 0.838977 
vn -0.189036 -0.399403 0.897074 
vn -0.294098 -0.388749 0.873144 
vn -0.0817586 -0.405375 0.910487 
vn -0.189036 -0.399403 0.897074 
vn 0.0264778 -0.406594 0.913225 
vn -0.0817586 -0.405375 0.910487 
vn 0.134404 -0.403046 0.905257 
vn 0.0264778 -0.406594 0.913225 
vn 0.240754 -0.394773 0.886675 
vn 0.134404 -0.403046 0.905257 
vn 0.344281 -0.381871 0.857697 
vn 0.240754 -0.394773 0.886675 
vn 0.443772 -0.364493 0.818664 
vn 0.344281 -0.381871 0.857697 
vn 0.538061 -0.342841 0.770033 
vn 0.443772 -0.364493 0.818664 
vn 0.626041 -0.317169 0.712374 
vn 0.538061 -0.342841 0.770033 
vn 0.706681 -0.287779 0.646363 
vn 0.626041 -0.317169 0.712374 
vn 0.779036 -0.255015 0.572774 
vn 0.706681 -0.287779 0.646363 
vn 0.842258 -0.219262 0.492469 
vn 0.779036 -0.255015 0.572774 
vn 0.895605 -0.180937 0.406391 
vn 0.842258 -0.219262 0.492469 
vn 0.938451 -0.140491 0.315549 
vn 0.895605 -0.180937 0.406391 
vn -0.970296 0.0983985 -0.221007 
vn 0.970296 -0.0983985 0.221007 
vn -0.240504 -0.29357 0.925189 
vn -0.241922 -0.394655 0.886409 
vn -0.236266 -0.189043 0.953122 
vn -0.240504 -0.29357 0.925189 
vn -0.229258 -0.0822994 0.96988 
vn -0.236266 -0.189043 0.953122 
vn -0.219562 0.0254088 0.975268 
vn -0.229258 -0.0822994 0.96988 
vn -0.207293 0.132819 0.969221 
vn -0.219562 0.0254088 0.975268 
vn -0.192592 0.238672 0.951811 
vn -0.207293 0.132819 0.969221 
vn -0.175634 0.341727 0.923242 
vn -0.192592 0.238672 0.951811 
vn -0.156617 0.440776 0.883848 
vn -0.175634 0.341727 0.923242 
vn -0.135763 0.534656 0.834093 
vn -0.156617 0.440776 0.883848 
vn -0.113318 0.622269 0.774558 
vn -0.135763 0.534656 0.834093 
vn -0.0895445 0.702586 0.705943 
vn -0.113318 0.622269 0.774558 
vn -0.064721 0.774665 0.629051 
vn -0.0895445 0.702586 0.705943 
vn -0.0391386 0.837663 0.544784 
vn -0.064721 0.774665 0.629051 
vn -0.0130974 0.890839 0.454129 
vn -0.0391386 0.837663 0.544784 
vn 0.0130974 0.933572 0.358151 
vn -0.0130974 0.890839 0.454129 
vn 0.0391386 0.965359 0.257973 
vn 0.0130974 0.933572 0.358151 
vn 0.064721 0.985828 0.154771 
vn 0.0391386 0.965359 0.257973 
vn 0.0895445 0.994739 0.049755 
vn 0.064721 0.985828 0.154771 
vn 0.113318 0.991988 -0.0558449 
vn 0.0895445 0.994739 0.049755 
vn 0.135763 0.977607 -0.16079 
vn 0.113318 0.991988 -0.0558449 
vn 0.156617 0.951764 -0.26385 
vn 0.135763 0.977607 -0.16079 
vn 0.175634 0.914762 -0.363817 
vn 0.156617 0.951764 -0.26385 
vn 0.192592 0.867036 -0.459518 
vn 0.175634 0.914762 -0.363817 
vn 0.207293 0.809145 -0.549831 
vn 0.192592 0.867036 -0.459518 
vn 0.219562 0.741767 -0.633699 
vn 0.207293 0.809145 -0.549831 
vn 0.229258 0.665692 -0.710137 
vn 0.219562 0.741767 -0.633699 
vn 0.236266 0.581813 -0.778249 
vn 0.229258 0.665692 -0.710137 
vn 0.240504 0.491113 -0.837237 
vn 0.236266 0.581813 -0.778249 
vn 0.241922 0.394655 -0.886409 
vn 0.240504 0.491113 -0.837237 
vn 0.240504 0.29357 -0.925189 
vn 0.241922 0.394655 -0.886409 
vn 0.236266 0.189043 -0.953122 
vn 0.240504 0.29357 -0.925189 
vn 0.229258 0.0822994 -0.96988 
vn 0.236266 0.189043 -0.953122 
vn 0.219562 -0.0254088 -0.975268 
vn 0.229258 0.0822994 -0.96988 
vn 0.207293 -0.132819 -0.969221 
vn 0.219562 -0.0254088 -0.975268 
vn 0.192592 -0.238672 -0.951811 
vn 0.207293 -0.132819 -0.969221 
vn 0.175634 -0.341727 -0.923242 
vn 0.192592 -0.238672 -0.951811 
vn 0.156617 -0.440776 -0.883848 
vn 0.175634 -0.341727 -0.923242 
vn 0.135763 -0.534656 -0.834093 
vn 0.156617 -0.440776 -0.883848 
vn 0.113318 -0.622269 -0.774558 
vn 0.135763 -0.534656 -0.834093 
vn 0.0895445 -0.702586 -0.705943 
vn 0.113318 -0.622269 -0.774558 
vn 0.064721 -0.774665 -0.629051 
vn 0.0895445 -0.702586 -0.705943 
vn 0.0391386 -0.837663 -0.544784 
vn 0.064721 -0.774665 -0.629051 
vn 0.0130974 -0.890839 -0.454129 
vn 0.0391386 -0.837663 -0.544784 
vn -0.0130974 -0.933572 -0.358151 
vn 0.0130974 -0.890839 -0.454129 
vn -0.0391386 -0.965359 -0.257973 
vn -0.0130974 -0.933572 -0.358151 
vn -0.064721 -0.985828 -0.154771 
vn -0.0391386 -0.965359 -0.257973 
vn -0.0895445 -0.994739 -0.049755 
vn -0.064721 -0.985828 -0.154771 
vn -0.113318 -0.991988 0.0558449 
vn -0.0895445 -0.994739 -0.049755 
vn -0.135763 -0.977607 0.16079 
vn -0.113318 -0.991988 0.0558449 
vn -0.156617 -0.951764 0.26385 
vn -0.135763 -0.977607 0.16079 
vn -0.175634 -0.914762 0.363817 
vn -0.156617 -0.951764 0.26385 
vn -0.192592 -0.867036 0.459518 
vn -0.175634 -0.914762 0.363817 
vn -0.207293 -0.809145 0.549831 
vn -0.192592 -0.867036 0.459518 
vn -0.219562 -0.741767 0.633699 
vn -0.207293 -0.809145 0.549831 
vn -0.229258 -0.665692 0.710137 
vn -0.219562 -0.741767 0.633699 
vn -0.236266 -0.581813 0.778249 
vn -0.229258 -0.665692 0.710137 
vn -0.240504 -0.491113 0.837237 
vn -0.236266 -0.581813 0.778249 
vn -0.240504 -0.29357 0.925189 
vn -0.241922 -0.394655 0.886409 
vn -0.236266 -0.189043 0.953122 
vn -0.240504 -0.29357 0.925189 
vn -0.229258 -0.0822994 0.96988 
vn -0.236266 -0.189043 0.953122 
vn -0.219562 0.0254088 0.975268 
vn -0.229258 -0.0822994 0.96988 
vn -0.207293 0.132819 0.969221 
vn -0.219562 0.0254088 0.975268 
vn -0.192592 0.238672 0.951811 
vn -0.207293 0.132819 0.969221 
vn -0.175634 0.341727 0.923242 
vn -0.192592 0.238672 0.951811 
vn -0.156617 0.440776 0.883848 
vn -0.175634 0.341727 0.923242 
vn -0.135763 0.534656 0.834093 
vn -0.156617 0.440776 0.883848 
vn -0.113318 0.622269 0.774558 
vn -0.135763 0.534656 0.834093 
vn -0.0895445 0.702586 0.705943 
vn -0.113318 0.622269 0.774558 
vn -0.064721 0.774665 0.629051 
vn -0.0895445 0.702586 0.705943 
vn -0.0391386 0.837663 0.544784 
vn -0.064721 0.774665 0.629051 
vn -0.0130974 0.890839 0.454129 
vn -0.0391386 0.837663 0.544784 
vn 0.0130974 0.933572 0.358151 
vn -0.0130974 0.890839 0.454129 
vn 0.0391386 0.965359 0.257973 
vn 0.0130974 0.933572 0.358151 
vn 0.064721 0.985828 0.154771 
vn 0.0391386 0.965359 0.257973 
vn 0.0895445 0.994739 0.049755 
vn 0.064721 0.985828 0.154771 
vn 0.113318 0.991988 -0.0558449 
vn 0.0895445 0.994739 0.049755 
vn 0.135763 0.977607 -0.16079 
vn 0.113318 0.991988 -0.0558449 
vn 0.156617 0.951764 -0.26385 
vn 0.135763 0.977607 -0.16079 
vn 0.175634 0.914762 -0.363817 
vn 0.156617 0.951764 -0.26385 
vn 0.192592 0.867036 -0.459518 
vn 0.175634 0.914762 -0.363817 
vn 0.207293 0.809145 -0.549831 
vn 0.192592 0.867036 -0.459518 
vn 0.219562 0.741767 -0.633699 
vn 0.207293 0.809145 -0.549831 
vn 0.229258 0.665692 -0.710137 
vn 0.219562 0.741767 -0.633699 
vn 0.236266 0.581813 -0.778249 
vn 0.229258 0.665692 -0.710137 
vn 0.240504 0.491113 -0.837237 
vn 0.236266 0.581813 -0.778249 
vn 0.241922 0.394655 -0.886409 
vn 0.240504 0.491113 -0.837237 
vn 0.240504 0.29357 -0.925189 
vn 0.241922 0.394655 -0.886409 
vn 0.236266 0.189043 -0.953122 
vn 0.240504 0.29357 -0.925189 
vn 0.229258 0.0822994 -0.96988 
vn 0.236266 0.189043 -0.953122 
vn 0.219562 -0.0254088 -0.975268 
vn 0.229258 0.0822994 -0.96988 
vn 0.207293 -0.132819 -0.969221 
vn 0.219562 -0.0254088 -0.975268 
vn 0.192592 -0.238672 -0.951811 
vn 0.207293 -0.132819 -0.969221 
vn 0.175634 -0.341727 -0.923242 
vn 0.192592 -0.238672 -0.951811 
vn 0.156617 -0.440776 -0.883848 
vn 0.175634 -0.341727 -0.923242 
vn 0.135763 -0.534656 -0.834093 
vn 0.156617 -0.440776 -0.883848 
vn 0.113318 -0.622269 -0.774558 
vn 0.135763 -0.534656 -0.834093 
vn 0.0895445 -0.702586 -0.705943 
vn 0.113318 -0.622269 -0.774558 
vn 0.064721 -0.774665 -0.629051 
vn 0.0895445 -0.702586 -0.705943 
vn 0.0391386 -0.837663 -0.544784 
vn 0.064721 -0.774665 -0.629051 
vn 0.0130974 -0.890839 -0.454129 
vn 0.0391386 -0.837663 -0.544784 
vn -0.0130974 -0.933572 -0.358151 
vn 0.0130974 -0.890839 -0.454129 
vn -0.0391386 -0.965359 -0.257973 
vn -0.0130974 -0.933572 -0.358151 
vn -0.064721 -0.985828 -0.154771 
vn -0.0391386 -0.965359 -0.257973 
vn -0.0895445 -0.994739 -0.049755 
vn -0.064721 -0.985828 -0.154771 
vn -0.113318 -0.991988 0.0558449 
vn -0.0895445 -0.994739 -0.049755 
vn -0.135763 -0.977607 0.16079 
vn -0.113318 -0.991988 0.0558449 
vn -0.156617 -0.951764 0.26385 
vn -0.135763 -0.977607 0.16079 
vn -0.175634 -0.914762 0.363817 
vn -0.156617 -0.951764 0.26385 
vn -0.192592 -0.867036 0.459518 
vn -0.175634 -0.914762 0.363817 
vn -0.207293 -0.809145 0.549831 
vn -0.192592 -0.867036 0.459518 
vn -0.219562 -0.741767 0.633699 
vn -0.207293 -0.809145 0.549831 
vn -0.229258 -0.665692 0.710137 
vn -0.219562 -0.741767 0.633699 
vn -0.236266 -0.581813 0.778249 
vn -0.229258 -0.665692 0.710137 
vn -0.240504 -0.491113 0.837237 
vn -0.236266 -0.581813 0.778249 
vn 0.240504 0.491113 -0.837237 
vn 0.241922 0.394655 -0.886409 
vn 0.236266 0.581813 -0.778249 
vn 0.240504 0.491113 -0.837237 
vn 0.229258 0.665692 -0.710137 
vn 0.236266 0.581813 -0.778249 
vn 0.219562 0.741767 -0.633699 
vn 0.229258 0.665692 -0.710137 
vn 0.207293 0.809145 -0.549831 
vn 0.219562 0.741767 -0.633699 
vn 0.192592 0.867036 -0.459518 
vn 0.207293 0.809145 -0.549831 
vn 0.175634 0.914762 -0.363817 
vn 0.192592 0.867036 -0.459518 
vn 0.156617 0.951764 -0.26385 
vn 0.175634 0.914762 -0.363817 
vn 0.135763 0.977607 -0.16079 
vn 0.156617 0.951764 -0.26385 
vn 0.113318 0.991988 -0.0558449 
vn 0.135763 0.977607 -0.16079 
vn 0.0895445 0.994739 0.049755 
vn 0.113318 0.991988 -0.0558449 
vn 0.064721 0.985828 0.154771 
vn 0.0895445 0.994739 0.049755 
vn 0.0391386 0.965359 0.257973 
vn 0.064721 0.985828 0.154771 
vn 0.0130974 0.933572 0.358151 
vn 0.0391386 0.965359 0.257973 
vn -0.0130974 0.890839 0.454129 
vn 0.0130974 0.933572 0.358151 
vn -0.0391386 0.837663 0.544784 
vn -0.0130974 0.890839 0.454129 
vn -0.064721 0.774665 0.629051 
vn -0.0391386 0.837663 0.544784 
vn -0.0895445 0.702586 0.705943 
vn -0.064721 0.774665 0.629051 
vn -0.113318 0.622269 0.774558 
vn -0.0895445 0.702586 0.705943 
vn -0.135763 0.534656 0.834093 
vn -0.113318 0.622269 0.774558 
vn -0.156617 0.440776 0.883848 
vn -0.135763 0.534656 0.834093 
vn -0.175634 0.341727 0.923242 
vn -0.156617 0.440776 0.883848 
vn -0.192592 0.238672 0.951811 
vn -0.175634 0.341727 0.923242 
vn -0.207293 0.132819 0.969221 
vn -0.192592 0.238672 0.951811 
vn -0.219562 0.0254088 0.975268 
vn -0.207293 0.132819 0.969221 
vn -0.229258 -0.0822994 0.96988 
vn -0.219562 0.0254088 0.975268 
vn -0.236266 -0.189043 0.953122 
vn -0.229258 -0.0822994 0.96988 
vn -0.240504 -0.29357 0.925189 
vn -0.236266 -0.189043 0.953122 
vn -0.241922 -0.394655 0.886409 
vn -0.240504 -0.29357 0.925189 
vn -0.240504 -0.491113 0.837237 
vn -0.241922 -0.394655 0.886409 
vn -0.236266 -0.581813 0.778249 
vn -0.240504 -0.491113 0.837237 
vn -0.229258 -0.665692 0.710137 
vn -0.236266 -0.581813 0.778249 
vn -0.219562 -0.741767 0.633699 
vn -0.229258 -0.665692 0.710137 
vn -0.207293 -0.809145 0.549831 
vn -0.219562 -0.741767 0.633699 
vn -0.192592 -0.867036 0.459518 
vn -0.207293 -0.809145 0.549831 
vn -0.175634 -0.914762 0.363817 
vn -0.192592 -0.867036 0.459518 
vn -0.156617 -0.951764 0.26385 
vn -0.175634 -0.914762 0.363817 
vn -0.135763 -0.977607 0.16079 
vn -0.156617 -0.951764 0.26385 
vn -0.113318 -0.991988 0.0558449 
vn -0.135763 -0.977607 0.16079 
vn -0.0895445 -0.994739 -0.049755 
vn -0.113318 -0.991988 0.0558449 
vn -0.064721 -0.985828 -0.154771 
vn -0.0895445 -0.994739 -0.049755 
vn -0.0391386 -0.965359 -0.257973 
vn -0.064721 -0.985828 -0.154771 
vn -0.0130974 -0.933572 -0.358151 
vn -0.0391386 -0.965359 -0.257973 
vn 0.0130974 -0.890839 -0.454129 
vn -0.0130974 -0.933572 -0.358151 
vn 0.0391386 -0.837663 -0.544784 
vn 0.0130974 -0.890839 -0.454129 
vn 0.064721 -0.774665 -0.629051 
vn 0.0391386 -0.837663 -0.544784 
vn 0.0895445 -0.702586 -0.705943 
vn 0.064721 -0.774665 -0.629051 
vn 0.113318 -0.622269 -0.774558 
vn 0.0895445 -0.702586 -0.705943 
vn 0.135763 -0.534656 -0.834093 
vn 0.113318 -0.622269 -0.774558 
vn 0.156617 -0.440776 -0.883848 
vn 0.135763 -0.534656 -0.834093 
vn 0.175634 -0.341727 -0.923242 
vn 0.156617 -0.440776 -0.883848 
vn 0.192592 -0.238672 -0.951811 
vn 0.175634 -0.341727 -0.923242 
vn 0.207293 -0.132819 -0.969221 
vn 0.192592 -0.238672 -0.951811 
vn 0.219562 -0.0254088 -0.975268 
vn 0.207293 -0.132819 -0.969221 
vn 0.229258 0.0822994 -0.96988 
vn 0.219562 -0.0254088 -0.975268 
vn 0.236266 0.189043 -0.953122 
vn 0.229258 0.0822994 -0.96988 
vn 0.240504 0.29357 -0.925189 
vn 0.236266 0.189043 -0.953122 
vn 0.240504 0.491113 -0.837237 
vn 0.241922 0.394655 -0.886409 
vn 0.236266 0.581813 -0.778249 
vn 0.240504 0.491113 -0.837237 
vn 0.229258 0.665692 -0.710137 
vn 0.236266 0.581813 -0.778249 
vn 0.219562 0.741767 -0.633699 
vn 0.229258 0.665692 -0.710137 
vn 0.207293 0.809145 -0.549831 
vn 0.219562 0.741767 -0.633699 
vn 0.192592 0.867036 -0.459518 
vn 0.207293 0.809145 -0.549831 
vn 0.175634 0.914762 -0.363817 
vn 0.192592 0.867036 -0.459518 
vn 0.156617 0.951764 -0.26385 
vn 0.175634 0.914762 -0.363817 
vn 0.135763 0.977607 -0.16079 
vn 0.156617 0.951764 -0.26385 
vn 0.113318 0.991988 -0.0558449 
vn 0.135763 0.977607 -0.16079 
vn 0.0895445 0.994739 0.049755 
vn 0.113318 0.991988 -0.0558449 
vn 0.064721 0.985828 0.154771 
vn 0.0895445 0.994739 0.049755 
vn 0.0391386 0.965359 0.257973 
vn 0.064721 0.985828 0.154771 
vn 0.0130974 0.933572 0.358151 
vn 0.0391386 0.965359 0.257973 
vn -0.0130974 0.890839 0.454129 
vn 0.0130974 0.933572 0.358151 
vn -0.0391386 0.837663 0.544784 
vn -0.0130974 0.890839 0.454129 
vn -0.064721 0.774665 0.629051 
vn -0.0391386 0.837663 0.544784 
vn -0.0895445 0.702586 0.705943 
vn -0.064721 0.774665 0.629051 
vn -0.113318 0.622269 0.774558 
vn -0.0895445 0.702586 0.705943 
vn -0.135763 0.534656 0.834093 
vn -0.113318 0.622269 0.774558 
vn -0.156617 0.440776 0.883848 
vn -0.135763 0.534656 0.834093 
vn -0.175634 0.341727 0.923242 
vn -0.156617 0.440776 0.883848 
vn -0.192592 0.238672 0.951811 
vn -0.175634 0.341727 0.923242 
vn -0.207293 0.132819 0.969221 
vn -0.192592 0.238672 0.951811 
vn -0.219562 0.0254088 0.975268 
vn -0.207293 0.132819 0.969221 
vn -0.229258 -0.0822994 0.96988 
vn -0.219562 0.0254088 0.975268 
vn -0.236266 -0.189043 0.953122 
vn -0.229258 -0.0822994 0.96988 
vn -0.240504 -0.29357 0.925189 
vn -0.236266 -0.189043 0.953122 
vn -0.241922 -0.394655 0.886409 
vn -0.240504 -0.29357 0.925189 
vn -0.240504 -0.491113 0.837237 
vn -0.241922 -0.394655 0.886409 
vn -0.236266 -0.581813 0.778249 
vn -0.240504 -0.491113 0.837237 
vn -0.229258 -0.665692 0.710137 
vn -0.236266 -0.581813 0.778249 
vn -0.219562 -0.741767 0.633699 
vn -0.229258 -0.665692 0.710137 
vn -0.207293 -0.809145 0.549831 
vn -0.219562 -0.741767 0.633699 
vn -0.192592 -0.867036 0.459518 
vn -0.207293 -0.809145 0.549831 
vn -0.175634 -0.914762 0.363817 
vn -0.192592 -0.867036 0.459518 
vn -0.156617 -0.951764 0.26385 
vn -0.175634 -0.914762 0.363817 
vn -0.135763 -0.977607 0.16079 
vn -0.156617 -0.951764 0.26385 
vn -0.113318 -0.991988 0.0558449 
vn -0.135763 -0.977607 0.16079 
vn -0.0895445 -0.994739 -0.049755 
vn -0.113318 -0.991988 0.0558449 
vn -0.064721 -0.985828 -0.154771 
vn -0.0895445 -0.994739 -0.049755 
vn -0.0391386 -0.965359 -0.257973 
vn -0.064721 -0.985828 -0.154771 
vn -0.0130974 -0.933572 -0.358151 
vn -0.0391386 -0.965359 -0.257973 
vn 0.0130974 -0.890839 -0.454129 
vn -0.0130974 -0.933572 -0.358151 
vn 0.0391386 -0.837663 -0.544784 
vn 0.0130974 -0.890839 -0.454129 
vn 0.064721 -0.774665 -0.629051 
vn 0.0391386 -0.837663 -0.544784 
vn 0.0895445 -0.702586 -0.705943 
vn 0.064721 -0.774665 -0.629051 
vn 0.113318 -0.622269 -0.774558 
vn 0.0895445 -0.702586 -0.705943 
vn 0.135763 -0.534656 -0.834093 
vn 0.113318 -0.622269 -0.774558 
vn 0.156617 -0.440776 -0.883848 
vn 0.135763 -0.534656 -0.834093 
vn 0.175634 -0.341727 -0.923242 
vn 0.156617 -0.440776 -0.883848 
vn 0.192592 -0.238672 -0.951811 
vn 0.175634 -0.341727 -0.923242 
vn 0.207293 -0.132819 -0.969221 
vn 0.192592 -0.238672 -0.951811 
vn 0.219562 -0.0254088 -0.975268 
vn 0.207293 -0.132819 -0.969221 
vn 0.229258 0.0822994 -0.96988 
vn 0.219562 -0.0254088 -0.975268 
vn 0.236266 0.189043 -0.953122 
vn 0.229258 0.0822994 -0.96988 
vn 0.240504 0.29357 -0.925189 
vn 0.236266 0.189043 -0.953122 
o mesh53
f 1437//1506 1438//1507 1439//1507 
f 1440//1508 1437//1506 1441//1509 
f 1442//1510 1440//1508 1443//1511 
f 1444//1512 1442//1510 1445//1513 
f 1446//1514 1444//1512 1447//1515 
f 1448//1516 1446//1514 1449//1517 
f 1450//1518 1448//1516 1451//1519 
f 1452//1520 1450//1518 1453//1521 
f 1454//1522 1452//1520 1455//1523 
f 1456//1524 1454//1522 1457//1525 
f 1458//1526 1456//1524 1459//1527 
f 1460//1528 1458//1526 1461//1529 
f 1462//1530 1460//1528 1463//1531 
f 1464//1532 1462//1530 1465//1533 
f 1466//1534 1464//1532 1467//1535 
f 1468//1536 1466//1534 1469//1537 
f 1470//1538 1468//1536 1471//1539 
f 1472//1540 1470//1538 1473//1541 
f 1474//1542 1472//1540 1475//1543 
f 1476//1544 1474//1542 1477//1545 
f 1478//1546 1476//1544 1479//1547 
f 1480//1548 1478//1546 1481//1549 
f 1482//1550 1480//1548 1483//1551 
f 1484//1552 1482//1550 1485//1553 
f 1486//1554 1484//1552 1487//1555 
f 1488//1556 1486//1554 1489//1557 
f 1490//1558 1488//1556 1491//1559 
f 1492//1560 1490//1558 1493//1561 
f 1494//1562 1492//1560 1495//1563 
f 1496//1564 1494//1562 1497//1565 
f 1498//1566 1496//1564 1499//1567 
f 1500//1568 1498//1566 1501//1569 
f 1502//1570 1500//1568 1503//1571 
f 1504//1572 1502//1570 1505//1573 
f 1506//1574 1504//1572 1507//1575 
f 1508//1576 1506//1574 1509//1577 
f 1510//1578 1508//1576 1511//1579 
f 1512//1580 1510//1578 1513//1581 
f 1514//1582 1512//1580 1515//1583 
f 1516//1584 1514//1582 1517//1585 
f 1518//1586 1516//1584 1519//1587 
f 1520//1588 1518//1586 1521//1589 
f 1522//1590 1520//1588 1523//1591 
f 1524//1592 1522//1590 1525//1593 
f 1526//1594 1524//1592 1527//1595 
f 1528//1596 1526//1594 1529//1597 
f 1530//1598 1528//1596 1531//1599 
f 1532//1600 1530//1598 1533//1601 
f 1534//1602 1532//1600 1535//1603 
f 1536//1604 1534//1602 1537//1605 
f 1538//1606 1536//1604 1539//1607 
f 1540//1608 1538//1606 1541//1609 
f 1542//1610 1540//1608 1543//1611 
f 1544//1612 1542//1610 1545//1613 
f 1546//1614 1544//1612 1547//1615 
f 1548//1616 1546//1614 1549//1617 
f 1550//1618 1548//1616 1551//1619 
f 1438//1507 1550//1618 1552//1618 
f 1552//1618 1439//1507 1438//1507 
f 1551//1619 1552//1618 1550//1618 
f 1549//1617 1551//1619 1548//1616 
f 1547//1615 1549//1617 1546//1614 
f 1545//1613 1547//1615 1544//1612 
f 1543//1611 1545//1613 1542//1610 
f 1541//1609 1543//1611 1540//1608 
f 1539//1607 1541//1609 1538//1606 
f 1537//1605 1539//1607 1536//1604 
f 1535//1603 1537//1605 1534//1602 
f 1533//1601 1535//1603 1532//1600 
f 1531//1599 1533//1601 1530//1598 
f 1529//1597 1531//1599 1528//1596 
f 1527//1595 1529//1597 1526//1594 
f 1525//1593 1527//1595 1524//1592 
f 1523//1591 1525//1593 1522//1590 
f 1521//1589 1523//1591 1520//1588 
f 1519//1587 1521//1589 1518//1586 
f 1517//1585 1519//1587 1516//1584 
f 1515//1583 1517//1585 1514//1582 
f 1513//1581 1515//1583 1512//1580 
f 1511//1579 1513//1581 1510//1578 
f 1509//1577 1511//1579 1508//1576 
f 1507//1575 1509//1577 1506//1574 
f 1505//1573 1507//1575 1504//1572 
f 1503//1571 1505//1573 1502//1570 
f 1501//1569 1503//1571 1500//1568 
f 1499//1567 1501//1569 1498//1566 
f 1497//1565 1499//1567 1496//1564 
f 1495//1563 1497//1565 1494//1562 
f 1493//1561 1495//1563 1492//1560 
f 1491//1559 1493//1561 1490//1558 
f 1489//1557 1491//1559 1488//1556 
f 1487//1555 1489//1557 1486//1554 
f 1485//1553 1487//1555 1484//1552 
f 1483//1551 1485//1553 1482//1550 
f 1481//1549 1483//1551 1480//1548 
f 1479//1547 1481//1549 1478//1546 
f 1477//1545 1479//1547 1476//1544 
f 1475//1543 1477//1545 1474//1542 
f 1473//1541 1475//1543 1472//1540 
f 1471//1539 1473//1541 1470//1538 
f 1469//1537 1471//1539 1468//1536 
f 1467//1535 1469//1537 1466//1534 
f 1465//1533 1467//1535 1464//1532 
f 1463//1531 1465//1533 1462//1530 
f 1461//1529 1463//1531 1460//1528 
f 1459//1527 1461//1529 1458//1526 
f 1457//1525 1459//1527 1456//1524 
f 1455//1523 1457//1525 1454//1522 
f 1453//1521 1455//1523 1452//1520 
f 1451//1519 1453//1521 1450//1518 
f 1449//1517 1451//1519 1448//1516 
f 1447//1515 1449//1517 1446//1514 
f 1445//1513 1447//1515 1444//1512 
f 1443//1511 1445//1513 1442//1510 
f 1441//1509 1443//1511 1440//1508 
f 1439//1507 1441//1509 1437//1506 
o mesh54
f 1553//1620 1472//1620 1474//1620 
f 1553//1620 1554//1620 1555//1620 
f 1474//1620 1556//1620 1553//1620 
f 1557//1620 1555//1620 1558//1620 
f 1556//1620 1554//1620 1553//1620 
f 1553//1620 1468//1620 1470//1620 
f 1558//1620 1559//1620 1557//1620 
f 1470//1620 1472//1620 1553//1620 
f 1553//1620 1464//1620 1466//1620 
f 1555//1620 1557//1620 1553//1620 
f 1553//1620 1462//1620 1464//1620 
f 1553//1620 1458//1620 1460//1620 
f 1466//1620 1468//1620 1553//1620 
f 1553//1620 1456//1620 1458//1620 
f 1557//1620 1560//1620 1561//1620 
f 1460//1620 1462//1620 1553//1620 
f 1556//1620 1474//1620 1476//1620 
f 1559//1620 1560//1620 1557//1620 
f 1557//1620 1562//1620 1563//1620 
f 1561//1620 1564//1620 1557//1620 
f 1553//1620 1452//1620 1454//1620 
f 1492//1620 1494//1620 1565//1620 
f 1496//1620 1566//1620 1565//1620 
f 1500//1620 1567//1620 1568//1620 
f 1556//1620 1480//1620 1482//1620 
f 1557//1620 1564//1620 1562//1620 
f 1454//1620 1456//1620 1553//1620 
f 1569//1620 1526//1620 1528//1620 
f 1569//1620 1570//1620 1571//1620 
f 1488//1620 1572//1620 1573//1620 
f 1565//1620 1574//1620 1492//1620 
f 1565//1620 1494//1620 1496//1620 
f 1500//1620 1571//1620 1567//1620 
f 1575//1620 1576//1620 1577//1620 
f 1556//1620 1478//1620 1480//1620 
f 1476//1620 1478//1620 1556//1620 
f 1553//1620 1446//1620 1448//1620 
f 1528//1620 1530//1620 1569//1620 
f 1569//1620 1522//1620 1524//1620 
f 1569//1620 1516//1620 1518//1620 
f 1571//1620 1514//1620 1569//1620 
f 1573//1620 1578//1620 1488//1620 
f 1579//1620 1490//1620 1492//1620 
f 1498//1620 1580//1620 1566//1620 
f 1500//1620 1581//1620 1582//1620 
f 1500//1620 1583//1620 1584//1620 
f 1568//1620 1585//1620 1500//1620 
f 1575//1620 1586//1620 1576//1620 
f 1575//1620 1587//1620 1588//1620 
f 1575//1620 1589//1620 1590//1620 
f 1563//1620 1591//1620 1557//1620 
f 1448//1620 1450//1620 1553//1620 
f 1553//1620 1569//1620 1438//1620 
f 1569//1620 1538//1620 1540//1620 
f 1569//1620 1532//1620 1534//1620 
f 1524//1620 1526//1620 1569//1620 
f 1514//1620 1516//1620 1569//1620 
f 1578//1620 1592//1620 1488//1620 
f 1488//1620 1593//1620 1594//1620 
f 1488//1620 1595//1620 1596//1620 
f 1579//1620 1488//1620 1490//1620 
f 1498//1620 1597//1620 1580//1620 
f 1500//1620 1598//1620 1581//1620 
f 1585//1620 1583//1620 1500//1620 
f 1588//1620 1586//1620 1575//1620 
f 1590//1620 1599//1620 1575//1620 
f 1450//1620 1452//1620 1553//1620 
f 1553//1620 1442//1620 1444//1620 
f 1438//1620 1437//1620 1553//1620 
f 1569//1620 1548//1620 1550//1620 
f 1569//1620 1536//1620 1538//1620 
f 1530//1620 1532//1620 1569//1620 
f 1518//1620 1520//1620 1569//1620 
f 1571//1620 1510//1620 1512//1620 
f 1571//1620 1504//1620 1506//1620 
f 1594//1620 1572//1620 1488//1620 
f 1596//1620 1600//1620 1488//1620 
f 1574//1620 1579//1620 1492//1620 
f 1496//1620 1498//1620 1566//1620 
f 1500//1620 1601//1620 1602//1620 
f 1584//1620 1598//1620 1500//1620 
f 1599//1620 1587//1620 1575//1620 
f 1575//1620 1603//1620 1604//1620 
f 1575//1620 1605//1620 1606//1620 
f 1575//1620 1607//1620 1608//1620 
f 1557//1620 1609//1620 1607//1620 
f 1557//1620 1591//1620 1610//1620 
f 1444//1620 1446//1620 1553//1620 
f 1437//1620 1440//1620 1553//1620 
f 1569//1620 1546//1620 1548//1620 
f 1569//1620 1542//1620 1544//1620 
f 1534//1620 1536//1620 1569//1620 
f 1512//1620 1514//1620 1571//1620 
f 1506//1620 1508//1620 1571//1620 
f 1600//1620 1593//1620 1488//1620 
f 1488//1620 1611//1620 1612//1620 
f 1498//1620 1500//1620 1597//1620 
f 1582//1620 1601//1620 1500//1620 
f 1569//1620 1577//1620 1613//1620 
f 1604//1620 1589//1620 1575//1620 
f 1606//1620 1614//1620 1575//1620 
f 1607//1620 1575//1620 1557//1620 
f 1556//1620 1484//1620 1486//1620 
f 1482//1620 1484//1620 1556//1620 
f 1550//1620 1438//1620 1569//1620 
f 1540//1620 1542//1620 1569//1620 
f 1508//1620 1510//1620 1571//1620 
f 1571//1620 1500//1620 1502//1620 
f 1612//1620 1595//1620 1488//1620 
f 1602//1620 1597//1620 1500//1620 
f 1577//1620 1569//1620 1575//1620 
f 1608//1620 1605//1620 1575//1620 
f 1610//1620 1609//1620 1557//1620 
f 1544//1620 1546//1620 1569//1620 
f 1502//1620 1504//1620 1571//1620 
f 1579//1620 1611//1620 1488//1620 
f 1614//1620 1603//1620 1575//1620 
f 1440//1620 1442//1620 1553//1620 
f 1592//1620 1556//1620 1488//1620 
f 1486//1620 1488//1620 1556//1620 
f 1613//1620 1570//1620 1569//1620 
f 1520//1620 1522//1620 1569//1620 
o mesh55
f 1574//1621 1565//1622 1615//1622 
f 1579//1623 1574//1621 1616//1624 
f 1611//1625 1579//1623 1617//1626 
f 1612//1627 1611//1625 1618//1628 
f 1595//1629 1612//1627 1619//1630 
f 1596//1631 1595//1629 1620//1632 
f 1600//1633 1596//1631 1621//1634 
f 1593//1635 1600//1633 1622//1636 
f 1594//1637 1593//1635 1623//1638 
f 1572//1639 1594//1637 1624//1640 
f 1573//1641 1572//1639 1625//1642 
f 1578//1643 1573//1641 1626//1644 
f 1592//1645 1578//1643 1627//1646 
f 1556//1647 1592//1645 1628//1648 
f 1554//1649 1556//1647 1629//1650 
f 1555//1651 1554//1649 1630//1652 
f 1558//1653 1555//1651 1631//1654 
f 1559//1655 1558//1653 1632//1656 
f 1560//1657 1559//1655 1633//1658 
f 1561//1659 1560//1657 1634//1660 
f 1564//1661 1561//1659 1635//1662 
f 1562//1663 1564//1661 1636//1664 
f 1563//1665 1562//1663 1637//1666 
f 1591//1667 1563//1665 1638//1668 
f 1610//1669 1591//1667 1639//1670 
f 1609//1671 1610//1669 1640//1672 
f 1607//1673 1609//1671 1641//1674 
f 1608//1675 1607//1673 1642//1676 
f 1605//1677 1608//1675 1643//1678 
f 1606//1679 1605//1677 1644//1680 
f 1614//1681 1606//1679 1645//1682 
f 1603//1683 1614//1681 1646//1684 
f 1604//1685 1603//1683 1647//1686 
f 1589//1687 1604//1685 1648//1688 
f 1590//1689 1589//1687 1649//1690 
f 1599//1691 1590//1689 1650//1692 
f 1587//1693 1599//1691 1651//1694 
f 1588//1695 1587//1693 1652//1696 
f 1586//1697 1588//1695 1653//1698 
f 1576//1699 1586//1697 1654//1700 
f 1577//1701 1576//1699 1655//1702 
f 1613//1703 1577//1701 1656//1704 
f 1570//1705 1613//1703 1657//1706 
f 1571//1707 1570//1705 1658//1708 
f 1567//1709 1571//1707 1659//1710 
f 1568//1711 1567//1709 1660//1712 
f 1585//1713 1568//1711 1661//1714 
f 1583//1715 1585//1713 1662//1716 
f 1584//1717 1583//1715 1663//1718 
f 1598//1719 1584//1717 1664//1720 
f 1581//1721 1598//1719 1665//1722 
f 1582//1723 1581//1721 1666//1724 
f 1601//1725 1582//1723 1667//1726 
f 1602//1727 1601//1725 1668//1728 
f 1597//1729 1602//1727 1669//1730 
f 1580//1731 1597//1729 1670//1732 
f 1566//1733 1580//1731 1671//1734 
f 1565//1622 1566//1733 1672//1733 
f 1672//1733 1615//1622 1565//1622 
f 1671//1734 1672//1733 1566//1733 
f 1670//1732 1671//1734 1580//1731 
f 1669//1730 1670//1732 1597//1729 
f 1668//1728 1669//1730 1602//1727 
f 1667//1726 1668//1728 1601//1725 
f 1666//1724 1667//1726 1582//1723 
f 1665//1722 1666//1724 1581//1721 
f 1664//1720 1665//1722 1598//1719 
f 1663//1718 1664//1720 1584//1717 
f 1662//1716 1663//1718 1583//1715 
f 1661//1714 1662//1716 1585//1713 
f 1660//1712 1661//1714 1568//1711 
f 1659//1710 1660//1712 1567//1709 
f 1658//1708 1659//1710 1571//1707 
f 1657//1706 1658//1708 1570//1705 
f 1656//1704 1657//1706 1613//1703 
f 1655//1702 1656//1704 1577//1701 
f 1654//1700 1655//1702 1576//1699 
f 1653//1698 1654//1700 1586//1697 
f 1652//1696 1653//1698 1588//1695 
f 1651//1694 1652//1696 1587//1693 
f 1650//1692 1651//1694 1599//1691 
f 1649//1690 1650//1692 1590//1689 
f 1648//1688 1649//1690 1589//1687 
f 1647//1686 1648//1688 1604//1685 
f 1646//1684 1647//1686 1603//1683 
f 1645//1682 1646//1684 1614//1681 
f 1644//1680 1645//1682 1606//1679 
f 1643//1678 1644//1680 1605//1677 
f 1642//1676 1643//1678 1608//1675 
f 1641//1674 1642//1676 1607//1673 
f 1640//1672 1641//1674 1609//1671 
f 1639//1670 1640//1672 1610//1669 
f 1638//1668 1639//1670 1591//1667 
f 1637//1666 1638//1668 1563//1665 
f 1636//1664 1637//1666 1562//1663 
f 1635//1662 1636//1664 1564//1661 
f 1634//1660 1635//1662 1561//1659 
f 1633//1658 1634//1660 1560//1657 
f 1632//1656 1633//1658 1559//1655 
f 1631//1654 1632//1656 1558//1653 
f 1630//1652 1631//1654 1555//1651 
f 1629//1650 1630//1652 1554//1649 
f 1628//1648 1629//1650 1556//1647 
f 1627//1646 1628//1648 1592//1645 
f 1626//1644 1627//1646 1578//1643 
f 1625//1642 1626//1644 1573//1641 
f 1624//1640 1625//1642 1572//1639 
f 1623//1638 1624//1640 1594//1637 
f 1622//1636 1623//1638 1593//1635 
f 1621//1634 1622//1636 1600//1633 
f 1620//1632 1621//1634 1596//1631 
f 1619//1630 1620//1632 1595//1629 
f 1618//1628 1619//1630 1612//1627 
f 1617//1626 1618//1628 1611//1625 
f 1616//1624 1617//1626 1579//1623 
f 1615//1622 1616//1624 1574//1621 
o mesh56
f 1659//1735 1673//1735 1519//1735 
f 1673//1735 1658//1735 1657//1735 
f 1519//1735 1517//1735 1659//1735 
f 1674//1735 1657//1735 1656//1735 
f 1659//1735 1658//1735 1673//1735 
f 1673//1735 1523//1735 1521//1735 
f 1656//1735 1655//1735 1674//1735 
f 1521//1735 1519//1735 1673//1735 
f 1673//1735 1527//1735 1525//1735 
f 1657//1735 1674//1735 1673//1735 
f 1673//1735 1529//1735 1527//1735 
f 1673//1735 1533//1735 1531//1735 
f 1525//1735 1523//1735 1673//1735 
f 1673//1735 1535//1735 1533//1735 
f 1674//1735 1654//1735 1653//1735 
f 1531//1735 1529//1735 1673//1735 
f 1659//1735 1517//1735 1515//1735 
f 1655//1735 1654//1735 1674//1735 
f 1674//1735 1651//1735 1650//1735 
f 1653//1735 1652//1735 1674//1735 
f 1673//1735 1539//1735 1537//1735 
f 1659//1735 1511//1735 1509//1735 
f 1674//1735 1652//1735 1651//1735 
f 1537//1735 1535//1735 1673//1735 
f 1659//1735 1513//1735 1511//1735 
f 1515//1735 1513//1735 1659//1735 
f 1673//1735 1545//1735 1543//1735 
f 1503//1735 1663//1735 1662//1735 
f 1672//1735 1499//1735 1497//1735 
f 1495//1735 1616//1735 1615//1735 
f 1650//1735 1649//1735 1674//1735 
f 1543//1735 1541//1735 1673//1735 
f 1675//1735 1465//1735 1463//1735 
f 1662//1735 1661//1735 1503//1735 
f 1497//1735 1615//1735 1672//1735 
f 1495//1735 1617//1735 1616//1735 
f 1491//1735 1628//1735 1627//1735 
f 1541//1735 1539//1735 1673//1735 
f 1673//1735 1549//1735 1547//1735 
f 1673//1735 1675//1735 1439//1735 
f 1463//1735 1461//1735 1675//1735 
f 1675//1735 1469//1735 1467//1735 
f 1661//1735 1660//1735 1503//1735 
f 1503//1735 1665//1735 1664//1735 
f 1503//1735 1668//1735 1667//1735 
f 1671//1735 1501//1735 1499//1735 
f 1615//1735 1497//1735 1495//1735 
f 1491//1735 1629//1735 1628//1735 
f 1674//1735 1649//1735 1648//1735 
f 1547//1735 1545//1735 1673//1735 
f 1439//1735 1552//1735 1673//1735 
f 1675//1735 1443//1735 1441//1735 
f 1675//1735 1453//1735 1451//1735 
f 1675//1735 1459//1735 1457//1735 
f 1467//1735 1465//1735 1675//1735 
f 1675//1735 1630//1735 1629//1735 
f 1676//1735 1633//1735 1632//1735 
f 1664//1735 1663//1735 1503//1735 
f 1667//1735 1666//1735 1503//1735 
f 1671//1735 1503//1735 1501//1735 
f 1495//1735 1493//1735 1617//1735 
f 1491//1735 1622//1735 1621//1735 
f 1491//1735 1625//1735 1624//1735 
f 1627//1735 1626//1735 1491//1735 
f 1659//1735 1507//1735 1505//1735 
f 1509//1735 1507//1735 1659//1735 
f 1552//1735 1551//1735 1673//1735 
f 1675//1735 1445//1735 1443//1735 
f 1675//1735 1455//1735 1453//1735 
f 1461//1735 1459//1735 1675//1735 
f 1675//1735 1475//1735 1473//1735 
f 1629//1735 1477//1735 1675//1735 
f 1676//1735 1634//1735 1633//1735 
f 1676//1735 1636//1735 1635//1735 
f 1676//1735 1639//1735 1638//1735 
f 1666//1735 1665//1735 1503//1735 
f 1503//1735 1670//1735 1669//1735 
f 1672//1735 1671//1735 1499//1735 
f 1491//1735 1618//1735 1617//1735 
f 1491//1735 1623//1735 1622//1735 
f 1626//1735 1625//1735 1491//1735 
f 1676//1735 1644//1735 1643//1735 
f 1676//1735 1646//1735 1645//1735 
f 1674//1735 1647//1735 1646//1735 
f 1648//1735 1647//1735 1674//1735 
f 1441//1735 1439//1735 1675//1735 
f 1675//1735 1449//1735 1447//1735 
f 1457//1735 1455//1735 1675//1735 
f 1477//1735 1475//1735 1675//1735 
f 1635//1735 1634//1735 1676//1735 
f 1638//1735 1637//1735 1676//1735 
f 1669//1735 1668//1735 1503//1735 
f 1493//1735 1491//1735 1617//1735 
f 1491//1735 1620//1735 1619//1735 
f 1624//1735 1623//1735 1491//1735 
f 1643//1735 1642//1735 1676//1735 
f 1646//1735 1676//1735 1674//1735 
f 1551//1735 1549//1735 1673//1735 
f 1451//1735 1449//1735 1675//1735 
f 1473//1735 1471//1735 1675//1735 
f 1629//1735 1481//1735 1479//1735 
f 1629//1735 1487//1735 1485//1735 
f 1637//1735 1636//1735 1676//1735 
f 1676//1735 1641//1735 1640//1735 
f 1671//1735 1670//1735 1503//1735 
f 1621//1735 1620//1735 1491//1735 
f 1645//1735 1644//1735 1676//1735 
f 1447//1735 1445//1735 1675//1735 
f 1479//1735 1477//1735 1629//1735 
f 1485//1735 1483//1735 1629//1735 
f 1675//1735 1632//1735 1631//1735 
f 1640//1735 1639//1735 1676//1735 
f 1619//1735 1618//1735 1491//1735 
f 1505//1735 1503//1735 1659//1735 
f 1483//1735 1481//1735 1629//1735 
f 1629//1735 1491//1735 1489//1735 
f 1632//1735 1675//1735 1676//1735 
f 1642//1735 1641//1735 1676//1735 
f 1489//1735 1487//1735 1629//1735 
f 1660//1735 1659//1735 1503//1735 
f 1631//1735 1630//1735 1675//1735 
f 1471//1735 1469//1735 1675//1735 
o mesh57
f 1569//1736 1553//1736 1675//1736 
f 1553//1736 1677//1736 1678//1736 
f 1678//1736 1675//1736 1553//1736 
f 1677//1736 1679//1736 1680//1736 
f 1679//1736 1569//1736 1673//1736 
f 1680//1736 1678//1736 1677//1736 
f 1675//1736 1673//1736 1569//1736 
f 1673//1736 1680//1736 1679//1736 
o mesh58
f 1575//1737 1681//1737 1682//1737 
f 1681//1737 1683//1737 1684//1737 
f 1684//1737 1682//1737 1681//1737 
f 1683//1737 1557//1737 1676//1737 
f 1676//1737 1684//1737 1683//1737 
f 1557//1737 1575//1737 1674//1737 
f 1674//1737 1676//1737 1557//1737 
f 1682//1737 1674//1737 1575//1737 
o mesh59
f 1685//1738 1569//1738 1686//1738 
f 1569//1738 1687//1738 1686//1738 
f 1679//1738 1688//1738 1689//1738 
f 1679//1738 1681//1738 1690//1738 
f 1691//1738 1686//1738 1692//1738 
f 1681//1738 1575//1738 1693//1738 
f 1686//1738 1694//1738 1695//1738 
f 1569//1738 1696//1738 1697//1738 
f 1569//1738 1698//1738 1699//1738 
f 1679//1738 1700//1738 1701//1738 
f 1679//1738 1702//1738 1688//1738 
f 1679//1738 1703//1738 1704//1738 
f 1690//1738 1705//1738 1679//1738 
f 1691//1738 1706//1738 1707//1738 
f 1691//1738 1708//1738 1709//1738 
f 1692//1738 1710//1738 1691//1738 
f 1575//1738 1711//1738 1693//1738 
f 1575//1738 1712//1738 1713//1738 
f 1569//1738 1714//1738 1715//1738 
f 1569//1738 1716//1738 1687//1738 
f 1569//1738 1717//1738 1718//1738 
f 1697//1738 1719//1738 1569//1738 
f 1569//1738 1720//1738 1721//1738 
f 1569//1738 1722//1738 1723//1738 
f 1699//1738 1724//1738 1569//1738 
f 1679//1738 1725//1738 1726//1738 
f 1689//1738 1700//1738 1679//1738 
f 1705//1738 1703//1738 1679//1738 
f 1681//1738 1727//1738 1728//1738 
f 1681//1738 1729//1738 1730//1738 
f 1707//1738 1731//1738 1691//1738 
f 1691//1738 1732//1738 1733//1738 
f 1710//1738 1708//1738 1691//1738 
f 1693//1738 1734//1738 1681//1738 
f 1575//1738 1735//1738 1712//1738 
f 1569//1738 1736//1738 1737//1738 
f 1569//1738 1738//1738 1714//1738 
f 1718//1738 1716//1738 1569//1738 
f 1721//1738 1696//1738 1569//1738 
f 1724//1738 1722//1738 1569//1738 
f 1726//1738 1569//1738 1679//1738 
f 1679//1738 1739//1738 1740//1738 
f 1704//1738 1702//1738 1679//1738 
f 1728//1738 1741//1738 1681//1738 
f 1681//1738 1742//1738 1743//1738 
f 1681//1738 1744//1738 1745//1738 
f 1681//1738 1746//1738 1747//1738 
f 1681//1738 1748//1738 1749//1738 
f 1748//1738 1681//1738 1691//1738 
f 1730//1738 1750//1738 1681//1738 
f 1691//1738 1751//1738 1752//1738 
f 1691//1738 1753//1738 1706//1738 
f 1709//1738 1732//1738 1691//1738 
f 1734//1738 1754//1738 1681//1738 
f 1575//1738 1755//1738 1735//1738 
f 1715//1738 1736//1738 1569//1738 
f 1569//1738 1756//1738 1757//1738 
f 1719//1738 1717//1738 1569//1738 
f 1569//1738 1758//1738 1759//1738 
f 1726//1738 1698//1738 1569//1738 
f 1701//1738 1739//1738 1679//1738 
f 1743//1738 1727//1738 1681//1738 
f 1681//1738 1760//1738 1761//1738 
f 1681//1738 1762//1738 1744//1738 
f 1749//1738 1746//1738 1681//1738 
f 1750//1738 1691//1738 1681//1738 
f 1681//1738 1763//1738 1764//1738 
f 1731//1738 1751//1738 1691//1738 
f 1733//1738 1765//1738 1691//1738 
f 1575//1738 1766//1738 1711//1738 
f 1575//1738 1767//1738 1768//1738 
f 1575//1738 1737//1738 1755//1738 
f 1757//1738 1738//1738 1569//1738 
f 1569//1738 1685//1738 1769//1738 
f 1759//1738 1720//1738 1569//1738 
f 1740//1738 1725//1738 1679//1738 
f 1686//1738 1770//1738 1771//1738 
f 1686//1738 1772//1738 1773//1738 
f 1686//1738 1774//1738 1775//1738 
f 1686//1738 1691//1738 1776//1738 
f 1761//1738 1742//1738 1681//1738 
f 1747//1738 1762//1738 1681//1738 
f 1764//1738 1729//1738 1681//1738 
f 1765//1738 1753//1738 1691//1738 
f 1681//1738 1777//1738 1778//1738 
f 1575//1738 1779//1738 1766//1738 
f 1575//1738 1780//1738 1781//1738 
f 1575//1738 1782//1738 1783//1738 
f 1713//1738 1767//1738 1575//1738 
f 1769//1738 1756//1738 1569//1738 
f 1723//1738 1758//1738 1569//1738 
f 1686//1738 1784//1738 1770//1738 
f 1773//1738 1785//1738 1686//1738 
f 1775//1738 1786//1738 1686//1738 
f 1776//1738 1787//1738 1686//1738 
f 1745//1738 1760//1738 1681//1738 
f 1752//1738 1788//1738 1691//1738 
f 1778//1738 1789//1738 1681//1738 
f 1681//1738 1790//1738 1791//1738 
f 1754//1738 1792//1738 1681//1738 
f 1783//1738 1780//1738 1575//1738 
f 1737//1738 1575//1738 1569//1738 
f 1771//1738 1694//1738 1686//1738 
f 1785//1738 1793//1738 1686//1738 
f 1686//1738 1794//1738 1795//1738 
f 1787//1738 1774//1738 1686//1738 
f 1691//1738 1788//1738 1748//1738 
f 1789//1738 1796//1738 1681//1738 
f 1792//1738 1790//1738 1681//1738 
f 1575//1738 1797//1738 1798//1738 
f 1768//1738 1782//1738 1575//1738 
f 1793//1738 1784//1738 1686//1738 
f 1686//1738 1799//1738 1800//1738 
f 1786//1738 1794//1738 1686//1738 
f 1796//1738 1763//1738 1681//1738 
f 1798//1738 1779//1738 1575//1738 
f 1686//1738 1695//1738 1685//1738 
f 1795//1738 1799//1738 1686//1738 
f 1791//1738 1777//1738 1681//1738 
f 1800//1738 1772//1738 1686//1738 
f 1781//1738 1797//1738 1575//1738 
f 1741//1738 1690//1738 1681//1738 
o mesh60
f 1801//1739 1802//1739 1803//1739 
f 1680//1739 1804//1739 1801//1739 
f 1680//1739 1805//1739 1806//1739 
f 1682//1739 1807//1739 1808//1739 
f 1801//1739 1809//1739 1802//1739 
f 1680//1739 1810//1739 1804//1739 
f 1680//1739 1811//1739 1812//1739 
f 1806//1739 1813//1739 1680//1739 
f 1680//1739 1814//1739 1815//1739 
f 1682//1739 1816//1739 1807//1739 
f 1801//1739 1817//1739 1818//1739 
f 1803//1739 1819//1739 1801//1739 
f 1812//1739 1810//1739 1680//1739 
f 1815//1739 1805//1739 1680//1739 
f 1674//1739 1682//1739 1820//1739 
f 1682//1739 1818//1739 1816//1739 
f 1819//1739 1817//1739 1801//1739 
f 1813//1739 1811//1739 1680//1739 
f 1680//1739 1821//1739 1822//1739 
f 1820//1739 1823//1739 1674//1739 
f 1818//1739 1682//1739 1801//1739 
f 1822//1739 1814//1739 1680//1739 
f 1680//1739 1824//1739 1825//1739 
f 1673//1739 1826//1739 1827//1739 
f 1673//1739 1828//1739 1829//1739 
f 1673//1739 1674//1739 1830//1739 
f 1674//1739 1831//1739 1832//1739 
f 1833//1739 1834//1739 1835//1739 
f 1682//1739 1836//1739 1820//1739 
f 1682//1739 1837//1739 1838//1739 
f 1801//1739 1682//1739 1680//1739 
f 1801//1739 1839//1739 1840//1739 
f 1801//1739 1841//1739 1842//1739 
f 1680//1739 1843//1739 1824//1739 
f 1827//1739 1680//1739 1673//1739 
f 1673//1739 1844//1739 1845//1739 
f 1673//1739 1846//1739 1828//1739 
f 1673//1739 1847//1739 1848//1739 
f 1830//1739 1849//1739 1673//1739 
f 1801//1739 1850//1739 1851//1739 
f 1801//1739 1833//1739 1852//1739 
f 1674//1739 1853//1739 1831//1739 
f 1674//1739 1854//1739 1855//1739 
f 1674//1739 1856//1739 1857//1739 
f 1674//1739 1858//1739 1859//1739 
f 1674//1739 1860//1739 1861//1739 
f 1674//1739 1862//1739 1863//1739 
f 1833//1739 1864//1739 1865//1739 
f 1833//1739 1866//1739 1867//1739 
f 1833//1739 1801//1739 1834//1739 
f 1823//1739 1868//1739 1674//1739 
f 1808//1739 1837//1739 1682//1739 
f 1842//1739 1839//1739 1801//1739 
f 1680//1739 1869//1739 1870//1739 
f 1827//1739 1843//1739 1680//1739 
f 1829//1739 1844//1739 1673//1739 
f 1849//1739 1847//1739 1673//1739 
f 1801//1739 1871//1739 1872//1739 
f 1801//1739 1873//1739 1874//1739 
f 1851//1739 1875//1739 1801//1739 
f 1852//1739 1876//1739 1801//1739 
f 1855//1739 1853//1739 1674//1739 
f 1674//1739 1877//1739 1878//1739 
f 1674//1739 1879//1739 1856//1739 
f 1861//1739 1858//1739 1674//1739 
f 1860//1739 1674//1739 1833//1739 
f 1863//1739 1880//1739 1674//1739 
f 1865//1739 1881//1739 1833//1739 
f 1833//1739 1882//1739 1883//1739 
f 1835//1739 1866//1739 1833//1739 
f 1682//1739 1884//1739 1836//1739 
f 1840//1739 1809//1739 1801//1739 
f 1825//1739 1869//1739 1680//1739 
f 1673//1739 1885//1739 1886//1739 
f 1848//1739 1846//1739 1673//1739 
f 1801//1739 1887//1739 1888//1739 
f 1801//1739 1889//1739 1871//1739 
f 1874//1739 1890//1739 1801//1739 
f 1801//1739 1891//1739 1892//1739 
f 1876//1739 1850//1739 1801//1739 
f 1878//1739 1854//1739 1674//1739 
f 1859//1739 1879//1739 1674//1739 
f 1880//1739 1833//1739 1674//1739 
f 1674//1739 1893//1739 1894//1739 
f 1833//1739 1895//1739 1896//1739 
f 1833//1739 1897//1739 1864//1739 
f 1867//1739 1882//1739 1833//1739 
f 1868//1739 1898//1739 1674//1739 
f 1682//1739 1899//1739 1900//1739 
f 1682//1739 1901//1739 1902//1739 
f 1870//1739 1821//1739 1680//1739 
f 1845//1739 1885//1739 1673//1739 
f 1872//1739 1887//1739 1801//1739 
f 1890//1739 1903//1739 1801//1739 
f 1801//1739 1904//1739 1905//1739 
f 1875//1739 1891//1739 1801//1739 
f 1857//1739 1877//1739 1674//1739 
f 1894//1739 1862//1739 1674//1739 
f 1881//1739 1895//1739 1833//1739 
f 1883//1739 1906//1739 1833//1739 
f 1674//1739 1907//1739 1908//1739 
f 1682//1739 1909//1739 1884//1739 
f 1682//1739 1910//1739 1911//1739 
f 1902//1739 1899//1739 1682//1739 
f 1886//1739 1826//1739 1673//1739 
f 1903//1739 1889//1739 1801//1739 
f 1892//1739 1904//1739 1801//1739 
f 1833//1739 1912//1739 1860//1739 
f 1906//1739 1897//1739 1833//1739 
f 1908//1739 1913//1739 1674//1739 
f 1674//1739 1914//1739 1915//1739 
f 1911//1739 1909//1739 1682//1739 
f 1838//1739 1901//1739 1682//1739 
f 1905//1739 1873//1739 1801//1739 
f 1896//1739 1912//1739 1833//1739 
f 1913//1739 1916//1739 1674//1739 
f 1898//1739 1914//1739 1674//1739 
f 1888//1739 1841//1739 1801//1739 
f 1916//1739 1893//1739 1674//1739 
f 1900//1739 1910//1739 1682//1739 
f 1915//1739 1907//1739 1674//1739 
f 1832//1739 1830//1739 1674//1739 
o mesh61
f 1834//1740 1801//1741 1690//1741 
f 1835//1742 1834//1740 1741//1743 
f 1866//1744 1835//1742 1728//1745 
f 1867//1746 1866//1744 1727//1747 
f 1882//1748 1867//1746 1743//1749 
f 1883//1750 1882//1748 1742//1751 
f 1906//1752 1883//1750 1761//1753 
f 1897//1754 1906//1752 1760//1755 
f 1864//1756 1897//1754 1745//1757 
f 1865//1758 1864//1756 1744//1759 
f 1881//1760 1865//1758 1762//1761 
f 1895//1762 1881//1760 1747//1763 
f 1896//1764 1895//1762 1746//1765 
f 1912//1766 1896//1764 1749//1767 
f 1860//1768 1912//1766 1748//1769 
f 1861//1770 1860//1768 1788//1771 
f 1858//1772 1861//1770 1752//1773 
f 1859//1774 1858//1772 1751//1775 
f 1879//1776 1859//1774 1731//1777 
f 1856//1778 1879//1776 1707//1779 
f 1857//1780 1856//1778 1706//1781 
f 1877//1782 1857//1780 1753//1783 
f 1878//1784 1877//1782 1765//1785 
f 1854//1786 1878//1784 1733//1787 
f 1855//1788 1854//1786 1732//1789 
f 1853//1790 1855//1788 1709//1791 
f 1831//1792 1853//1790 1708//1793 
f 1832//1794 1831//1792 1710//1795 
f 1830//1796 1832//1794 1692//1797 
f 1849//1798 1830//1796 1686//1799 
f 1847//1800 1849//1798 1687//1801 
f 1848//1802 1847//1800 1716//1803 
f 1846//1804 1848//1802 1718//1805 
f 1828//1806 1846//1804 1717//1807 
f 1829//1808 1828//1806 1719//1809 
f 1844//1810 1829//1808 1697//1811 
f 1845//1812 1844//1810 1696//1813 
f 1885//1814 1845//1812 1721//1815 
f 1886//1816 1885//1814 1720//1817 
f 1826//1818 1886//1816 1759//1819 
f 1827//1820 1826//1818 1758//1821 
f 1843//1822 1827//1820 1723//1823 
f 1824//1824 1843//1822 1722//1825 
f 1825//1826 1824//1824 1724//1827 
f 1869//1828 1825//1826 1699//1829 
f 1870//1830 1869//1828 1698//1831 
f 1821//1832 1870//1830 1726//1833 
f 1822//1834 1821//1832 1725//1835 
f 1814//1836 1822//1834 1740//1837 
f 1815//1838 1814//1836 1739//1839 
f 1805//1840 1815//1838 1701//1841 
f 1806//1842 1805//1840 1700//1843 
f 1813//1844 1806//1842 1689//1845 
f 1811//1846 1813//1844 1688//1847 
f 1812//1848 1811//1846 1702//1849 
f 1810//1850 1812//1848 1704//1851 
f 1804//1852 1810//1850 1703//1853 
f 1801//1741 1804//1852 1705//1852 
f 1705//1852 1690//1741 1801//1741 
f 1703//1853 1705//1852 1804//1852 
f 1704//1851 1703//1853 1810//1850 
f 1702//1849 1704//1851 1812//1848 
f 1688//1847 1702//1849 1811//1846 
f 1689//1845 1688//1847 1813//1844 
f 1700//1843 1689//1845 1806//1842 
f 1701//1841 1700//1843 1805//1840 
f 1739//1839 1701//1841 1815//1838 
f 1740//1837 1739//1839 1814//1836 
f 1725//1835 1740//1837 1822//1834 
f 1726//1833 1725//1835 1821//1832 
f 1698//1831 1726//1833 1870//1830 
f 1699//1829 1698//1831 1869//1828 
f 1724//1827 1699//1829 1825//1826 
f 1722//1825 1724//1827 1824//1824 
f 1723//1823 1722//1825 1843//1822 
f 1758//1821 1723//1823 1827//1820 
f 1759//1819 1758//1821 1826//1818 
f 1720//1817 1759//1819 1886//1816 
f 1721//1815 1720//1817 1885//1814 
f 1696//1813 1721//1815 1845//1812 
f 1697//1811 1696//1813 1844//1810 
f 1719//1809 1697//1811 1829//1808 
f 1717//1807 1719//1809 1828//1806 
f 1718//1805 1717//1807 1846//1804 
f 1716//1803 1718//1805 1848//1802 
f 1687//1801 1716//1803 1847//1800 
f 1686//1799 1687//1801 1849//1798 
f 1692//1797 1686//1799 1830//1796 
f 1710//1795 1692//1797 1832//1794 
f 1708//1793 1710//1795 1831//1792 
f 1709//1791 1708//1793 1853//1790 
f 1732//1789 1709//1791 1855//1788 
f 1733//1787 1732//1789 1854//1786 
f 1765//1785 1733//1787 1878//1784 
f 1753//1783 1765//1785 1877//1782 
f 1706//1781 1753//1783 1857//1780 
f 1707//1779 1706//1781 1856//1778 
f 1731//1777 1707//1779 1879//1776 
f 1751//1775 1731//1777 1859//1774 
f 1752//1773 1751//1775 1858//1772 
f 1788//1771 1752//1773 1861//1770 
f 1748//1769 1788//1771 1860//1768 
f 1749//1767 1748//1769 1912//1766 
f 1746//1765 1749//1767 1896//1764 
f 1747//1763 1746//1765 1895//1762 
f 1762//1761 1747//1763 1881//1760 
f 1744//1759 1762//1761 1865//1758 
f 1745//1757 1744//1759 1864//1756 
f 1760//1755 1745//1757 1897//1754 
f 1761//1753 1760//1755 1906//1752 
f 1742//1751 1761//1753 1883//1750 
f 1743//1749 1742//1751 1882//1748 
f 1727//1747 1743//1749 1867//1746 
f 1728//1745 1727//1747 1866//1744 
f 1741//1743 1728//1745 1835//1742 
f 1690//1741 1741//1743 1834//1740 
o mesh62
f 1807//1854 1816//1855 1691//1855 
f 1808//1856 1807//1854 1750//1857 
f 1837//1858 1808//1856 1730//1859 
f 1838//1860 1837//1858 1729//1861 
f 1901//1862 1838//1860 1764//1863 
f 1902//1864 1901//1862 1763//1865 
f 1899//1866 1902//1864 1796//1867 
f 1900//1868 1899//1866 1789//1869 
f 1910//1870 1900//1868 1778//1871 
f 1911//1872 1910//1870 1777//1873 
f 1909//1874 1911//1872 1791//1875 
f 1884//1876 1909//1874 1790//1877 
f 1836//1878 1884//1876 1792//1879 
f 1820//1880 1836//1878 1754//1881 
f 1823//1882 1820//1880 1734//1883 
f 1868//1884 1823//1882 1693//1885 
f 1898//1886 1868//1884 1711//1887 
f 1914//1888 1898//1886 1766//1889 
f 1915//1890 1914//1888 1779//1891 
f 1907//1892 1915//1890 1798//1893 
f 1908//1894 1907//1892 1797//1895 
f 1913//1896 1908//1894 1781//1897 
f 1916//1898 1913//1896 1780//1899 
f 1893//1900 1916//1898 1783//1901 
f 1894//1902 1893//1900 1782//1903 
f 1862//1904 1894//1902 1768//1905 
f 1863//1906 1862//1904 1767//1907 
f 1880//1908 1863//1906 1713//1909 
f 1833//1910 1880//1908 1712//1911 
f 1852//1912 1833//1910 1735//1913 
f 1876//1914 1852//1912 1755//1915 
f 1850//1916 1876//1914 1737//1917 
f 1851//1918 1850//1916 1736//1919 
f 1875//1920 1851//1918 1715//1921 
f 1891//1922 1875//1920 1714//1923 
f 1892//1924 1891//1922 1738//1925 
f 1904//1926 1892//1924 1757//1927 
f 1905//1928 1904//1926 1756//1929 
f 1873//1930 1905//1928 1769//1931 
f 1874//1932 1873//1930 1685//1933 
f 1890//1934 1874//1932 1695//1935 
f 1903//1936 1890//1934 1694//1937 
f 1889//1938 1903//1936 1771//1939 
f 1871//1940 1889//1938 1770//1941 
f 1872//1942 1871//1940 1784//1943 
f 1887//1944 1872//1942 1793//1945 
f 1888//1946 1887//1944 1785//1947 
f 1841//1948 1888//1946 1773//1949 
f 1842//1950 1841//1948 1772//1951 
f 1839//1952 1842//1950 1800//1953 
f 1840//1954 1839//1952 1799//1955 
f 1809//1956 1840//1954 1795//1957 
f 1802//1958 1809//1956 1794//1959 
f 1803//1960 1802//1958 1786//1961 
f 1819//1962 1803//1960 1775//1963 
f 1817//1964 1819//1962 1774//1965 
f 1818//1966 1817//1964 1787//1967 
f 1816//1855 1818//1966 1776//1966 
f 1776//1966 1691//1855 1816//1855 
f 1787//1967 1776//1966 1818//1966 
f 1774//1965 1787//1967 1817//1964 
f 1775//1963 1774//1965 1819//1962 
f 1786//1961 1775//1963 1803//1960 
f 1794//1959 1786//1961 1802//1958 
f 1795//1957 1794//1959 1809//1956 
f 1799//1955 1795//1957 1840//1954 
f 1800//1953 1799//1955 1839//1952 
f 1772//1951 1800//1953 1842//1950 
f 1773//1949 1772//1951 1841//1948 
f 1785//1947 1773//1949 1888//1946 
f 1793//1945 1785//1947 1887//1944 
f 1784//1943 1793//1945 1872//1942 
f 1770//1941 1784//1943 1871//1940 
f 1771//1939 1770//1941 1889//1938 
f 1694//1937 1771//1939 1903//1936 
f 1695//1935 1694//1937 1890//1934 
f 1685//1933 1695//1935 1874//1932 
f 1769//1931 1685//1933 1873//1930 
f 1756//1929 1769//1931 1905//1928 
f 1757//1927 1756//1929 1904//1926 
f 1738//1925 1757//1927 1892//1924 
f 1714//1923 1738//1925 1891//1922 
f 1715//1921 1714//1923 1875//1920 
f 1736//1919 1715//1921 1851//1918 
f 1737//1917 1736//1919 1850//1916 
f 1755//1915 1737//1917 1876//1914 
f 1735//1913 1755//1915 1852//1912 
f 1712//1911 1735//1913 1833//1910 
f 1713//1909 1712//1911 1880//1908 
f 1767//1907 1713//1909 1863//1906 
f 1768//1905 1767//1907 1862//1904 
f 1782//1903 1768//1905 1894//1902 
f 1783//1901 1782//1903 1893//1900 
f 1780//1899 1783//1901 1916//1898 
f 1781//1897 1780//1899 1913//1896 
f 1797//1895 1781//1897 1908//1894 
f 1798//1893 1797//1895 1907//1892 
f 1779//1891 1798//1893 1915//1890 
f 1766//1889 1779//1891 1914//1888 
f 1711//1887 1766//1889 1898//1886 
f 1693//1885 1711//1887 1868//1884 
f 1734//1883 1693//1885 1823//1882 
f 1754//1881 1734//1883 1820//1880 
f 1792//1879 1754//1881 1836//1878 
f 1790//1877 1792//1879 1884//1876 
f 1791//1875 1790//1877 1909//1874 
f 1777//1873 1791//1875 1911//1872 
f 1778//1871 1777//1873 1910//1870 
f 1789//1869 1778//1871 1900//1868 
f 1796//1867 1789//1869 1899//1866 
f 1763//1865 1796//1867 1902//1864 
f 1764//1863 1763//1865 1901//1862 
f 1729//1861 1764//1863 1838//1860 
f 1730//1859 1729//1861 1837//1858 
f 1750//1857 1730//1859 1808//1856 
f 1691//1855 1750//1857 1807//1854 
o mesh63
f 1917//1968 1677//1968 1918//1968 
f 1677//1968 1919//1968 1918//1968 
f 1918//1968 1920//1968 1921//1968 
f 1677//1968 1922//1968 1923//1968 
f 1683//1968 1924//1968 1925//1968 
f 1677//1968 1926//1968 1919//1968 
f 1677//1968 1927//1968 1928//1968 
f 1923//1968 1929//1968 1677//1968 
f 1677//1968 1930//1968 1931//1968 
f 1677//1968 1932//1968 1933//1968 
f 1553//1968 1934//1968 1935//1968 
f 1553//1968 1936//1968 1937//1968 
f 1553//1968 1557//1968 1938//1968 
f 1557//1968 1939//1968 1940//1968 
f 1941//1968 1942//1968 1943//1968 
f 1925//1968 1557//1968 1683//1968 
f 1683//1968 1944//1968 1945//1968 
f 1677//1968 1946//1968 1947//1968 
f 1928//1968 1926//1968 1677//1968 
f 1931//1968 1922//1968 1677//1968 
f 1677//1968 1948//1968 1932//1968 
f 1935//1968 1677//1968 1553//1968 
f 1553//1968 1949//1968 1950//1968 
f 1553//1968 1951//1968 1936//1968 
f 1553//1968 1952//1968 1953//1968 
f 1938//1968 1954//1968 1553//1968 
f 1557//1968 1955//1968 1956//1968 
f 1940//1968 1957//1968 1557//1968 
f 1557//1968 1958//1968 1959//1968 
f 1557//1968 1960//1968 1961//1968 
f 1557//1968 1962//1968 1963//1968 
f 1557//1968 1964//1968 1965//1968 
f 1941//1968 1966//1968 1967//1968 
f 1941//1968 1968//1968 1969//1968 
f 1941//1968 1918//1968 1942//1968 
f 1683//1968 1970//1968 1924//1968 
f 1683//1968 1971//1968 1944//1968 
f 1677//1968 1972//1968 1973//1968 
f 1677//1968 1974//1968 1946//1968 
f 1929//1968 1927//1968 1677//1968 
f 1677//1968 1975//1968 1976//1968 
f 1677//1968 1977//1968 1978//1968 
f 1935//1968 1948//1968 1677//1968 
f 1937//1968 1949//1968 1553//1968 
f 1954//1968 1952//1968 1553//1968 
f 1957//1968 1955//1968 1557//1968 
f 1557//1968 1979//1968 1980//1968 
f 1557//1968 1981//1968 1958//1968 
f 1963//1968 1960//1968 1557//1968 
f 1962//1968 1557//1968 1941//1968 
f 1965//1968 1982//1968 1557//1968 
f 1967//1968 1983//1968 1941//1968 
f 1941//1968 1984//1968 1985//1968 
f 1943//1968 1968//1968 1941//1968 
f 1683//1968 1986//1968 1970//1968 
f 1683//1968 1987//1968 1971//1968 
f 1947//1968 1972//1968 1677//1968 
f 1677//1968 1988//1968 1989//1968 
f 1976//1968 1930//1968 1677//1968 
f 1933//1968 1977//1968 1677//1968 
f 1553//1968 1990//1968 1991//1968 
f 1953//1968 1951//1968 1553//1968 
f 1918//1968 1992//1968 1993//1968 
f 1980//1968 1939//1968 1557//1968 
f 1961//1968 1981//1968 1557//1968 
f 1982//1968 1941//1968 1557//1968 
f 1557//1968 1994//1968 1995//1968 
f 1941//1968 1996//1968 1997//1968 
f 1941//1968 1998//1968 1966//1968 
f 1969//1968 1984//1968 1941//1968 
f 1925//1968 1999//1968 1557//1968 
f 1683//1968 2000//1968 2001//1968 
f 1683//1968 1973//1968 1987//1968 
f 1989//1968 1974//1968 1677//1968 
f 1677//1968 1917//1968 2002//1968 
f 1978//1968 1975//1968 1677//1968 
f 1950//1968 1990//1968 1553//1968 
f 1918//1968 2003//1968 2004//1968 
f 1918//1968 2005//1968 2006//1968 
f 1993//1968 2007//1968 1918//1968 
f 1959//1968 1979//1968 1557//1968 
f 1995//1968 1964//1968 1557//1968 
f 1983//1968 1996//1968 1941//1968 
f 1985//1968 2008//1968 1941//1968 
f 1557//1968 2009//1968 2010//1968 
f 1999//1968 2011//1968 1557//1968 
f 1683//1968 2012//1968 2013//1968 
f 1683//1968 2014//1968 2015//1968 
f 1945//1968 2000//1968 1683//1968 
f 2002//1968 1988//1968 1677//1968 
f 1991//1968 1934//1968 1553//1968 
f 1918//1968 2016//1968 2003//1968 
f 2006//1968 2017//1968 1918//1968 
f 1918//1968 2018//1968 1992//1968 
f 1918//1968 1941//1968 2019//1968 
f 1941//1968 2020//1968 1962//1968 
f 2008//1968 1998//1968 1941//1968 
f 2010//1968 2021//1968 1557//1968 
f 1557//1968 2022//1968 2023//1968 
f 1683//1968 2024//1968 1986//1968 
f 2015//1968 2012//1968 1683//1968 
f 1973//1968 1683//1968 1677//1968 
f 2004//1968 1920//1968 1918//1968 
f 2017//1968 2025//1968 1918//1968 
f 1918//1968 2026//1968 2027//1968 
f 2019//1968 2018//1968 1918//1968 
f 1997//1968 2020//1968 1941//1968 
f 2021//1968 2028//1968 1557//1968 
f 2011//1968 2022//1968 1557//1968 
f 1683//1968 2029//1968 2030//1968 
f 2001//1968 2014//1968 1683//1968 
f 2025//1968 2016//1968 1918//1968 
f 1918//1968 2031//1968 2032//1968 
f 2007//1968 2026//1968 1918//1968 
f 2028//1968 1994//1968 1557//1968 
f 2030//1968 2024//1968 1683//1968 
f 1918//1968 1921//1968 1917//1968 
f 2027//1968 2031//1968 1918//1968 
f 2023//1968 2009//1968 1557//1968 
f 2032//1968 2005//1968 1918//1968 
f 2013//1968 2029//1968 1683//1968 
f 1956//1968 1938//1968 1557//1968 
o mesh64
f 2033//1969 2034//1969 2035//1969 
f 1675//1969 2036//1969 2033//1969 
f 1675//1969 2037//1969 2038//1969 
f 1676//1969 2039//1969 2040//1969 
f 2033//1969 2041//1969 2034//1969 
f 1675//1969 2042//1969 2036//1969 
f 1675//1969 2043//1969 2044//1969 
f 2038//1969 2045//1969 1675//1969 
f 1675//1969 2046//1969 2047//1969 
f 1676//1969 2048//1969 2039//1969 
f 2033//1969 2049//1969 2050//1969 
f 2035//1969 2051//1969 2033//1969 
f 2044//1969 2042//1969 1675//1969 
f 2047//1969 2037//1969 1675//1969 
f 1676//1969 2050//1969 2048//1969 
f 2051//1969 2049//1969 2033//1969 
f 2045//1969 2043//1969 1675//1969 
f 1675//1969 2052//1969 2053//1969 
f 1684//1969 1676//1969 2054//1969 
f 2050//1969 1676//1969 2033//1969 
f 2053//1969 2046//1969 1675//1969 
f 1675//1969 2055//1969 2056//1969 
f 1678//1969 2057//1969 2058//1969 
f 1678//1969 1684//1969 2059//1969 
f 2060//1969 2061//1969 2062//1969 
f 2054//1969 2063//1969 1684//1969 
f 1676//1969 2064//1969 2065//1969 
f 2033//1969 1676//1969 1675//1969 
f 2033//1969 2066//1969 2067//1969 
f 2033//1969 2068//1969 2069//1969 
f 1675//1969 2070//1969 2071//1969 
f 1675//1969 2072//1969 2055//1969 
f 1678//1969 2073//1969 2074//1969 
f 1678//1969 2075//1969 2076//1969 
f 1678//1969 2077//1969 2057//1969 
f 1678//1969 2078//1969 2079//1969 
f 2059//1969 2080//1969 1678//1969 
f 2060//1969 2081//1969 2082//1969 
f 2060//1969 2083//1969 2061//1969 
f 2060//1969 2033//1969 2084//1969 
f 1676//1969 2085//1969 2054//1969 
f 2040//1969 2064//1969 1676//1969 
f 2069//1969 2066//1969 2033//1969 
f 2056//1969 2070//1969 1675//1969 
f 2074//1969 1675//1969 1678//1969 
f 2058//1969 2075//1969 1678//1969 
f 2080//1969 2078//1969 1678//1969 
f 2033//1969 2086//1969 2087//1969 
f 1684//1969 2088//1969 2089//1969 
f 1684//1969 2090//1969 2091//1969 
f 2082//1969 2092//1969 2060//1969 
f 2060//1969 2093//1969 2094//1969 
f 2084//1969 2083//1969 2060//1969 
f 2063//1969 2095//1969 1684//1969 
f 2067//1969 2041//1969 2033//1969 
f 2074//1969 2072//1969 1675//1969 
f 1678//1969 2096//1969 2097//1969 
f 2079//1969 2077//1969 1678//1969 
f 2033//1969 2098//1969 2099//1969 
f 2033//1969 2100//1969 2101//1969 
f 2087//1969 2102//1969 2033//1969 
f 2089//1969 2103//1969 1684//1969 
f 1684//1969 2104//1969 2105//1969 
f 1684//1969 2106//1969 2107//1969 
f 1684//1969 2108//1969 2109//1969 
f 1684//1969 2110//1969 2111//1969 
f 2110//1969 1684//1969 2060//1969 
f 2091//1969 2112//1969 1684//1969 
f 2060//1969 2113//1969 2114//1969 
f 2060//1969 2115//1969 2081//1969 
f 2062//1969 2093//1969 2060//1969 
f 1676//1969 2116//1969 2085//1969 
f 1676//1969 2117//1969 2118//1969 
f 1676//1969 2119//1969 2120//1969 
f 2071//1969 2052//1969 1675//1969 
f 2076//1969 2096//1969 1678//1969 
f 2033//1969 2121//1969 2122//1969 
f 2033//1969 2123//1969 2098//1969 
f 2101//1969 2124//1969 2033//1969 
f 2033//1969 2125//1969 2086//1969 
f 2033//1969 2060//1969 2126//1969 
f 2105//1969 2088//1969 1684//1969 
f 1684//1969 2127//1969 2128//1969 
f 1684//1969 2129//1969 2106//1969 
f 2111//1969 2108//1969 1684//1969 
f 2112//1969 2060//1969 1684//1969 
f 1684//1969 2130//1969 2131//1969 
f 2092//1969 2113//1969 2060//1969 
f 2094//1969 2132//1969 2060//1969 
f 1676//1969 2133//1969 2116//1969 
f 2120//1969 2117//1969 1676//1969 
f 2097//1969 2073//1969 1678//1969 
f 2099//1969 2121//1969 2033//1969 
f 2124//1969 2134//1969 2033//1969 
f 2033//1969 2135//1969 2136//1969 
f 2126//1969 2125//1969 2033//1969 
f 2128//1969 2104//1969 1684//1969 
f 2109//1969 2129//1969 1684//1969 
f 2131//1969 2090//1969 1684//1969 
f 2132//1969 2115//1969 2060//1969 
f 1684//1969 2137//1969 2138//1969 
f 1684//1969 2139//1969 2140//1969 
f 2095//1969 2141//1969 1684//1969 
f 2065//1969 2119//1969 1676//1969 
f 2134//1969 2123//1969 2033//1969 
f 2033//1969 2142//1969 2143//1969 
f 2102//1969 2135//1969 2033//1969 
f 2107//1969 2127//1969 1684//1969 
f 2114//1969 2144//1969 2060//1969 
f 2138//1969 2145//1969 1684//1969 
f 2141//1969 2139//1969 1684//1969 
f 1676//1969 2146//1969 2147//1969 
f 2122//1969 2068//1969 2033//1969 
f 2136//1969 2142//1969 2033//1969 
f 2060//1969 2144//1969 2110//1969 
f 2145//1969 2148//1969 1684//1969 
f 2147//1969 2133//1969 1676//1969 
f 2143//1969 2100//1969 2033//1969 
f 2148//1969 2130//1969 1684//1969 
f 2118//1969 2146//1969 1676//1969 
f 2140//1969 2137//1969 1684//1969 
f 2103//1969 2059//1969 1684//1969 
o mesh65
f 1942//1970 1918//1971 2059//1971 
f 1943//1972 1942//1970 2103//1973 
f 1968//1974 1943//1972 2089//1975 
f 1969//1976 1968//1974 2088//1977 
f 1984//1978 1969//1976 2105//1979 
f 1985//1980 1984//1978 2104//1981 
f 2008//1982 1985//1980 2128//1983 
f 1998//1984 2008//1982 2127//1985 
f 1966//1986 1998//1984 2107//1987 
f 1967//1988 1966//1986 2106//1989 
f 1983//1990 1967//1988 2129//1991 
f 1996//1992 1983//1990 2109//1993 
f 1997//1994 1996//1992 2108//1995 
f 2020//1996 1997//1994 2111//1997 
f 1962//1998 2020//1996 2110//1999 
f 1963//2000 1962//1998 2144//2001 
f 1960//2002 1963//2000 2114//2003 
f 1961//2004 1960//2002 2113//2005 
f 1981//2006 1961//2004 2092//2007 
f 1958//2008 1981//2006 2082//2009 
f 1959//2010 1958//2008 2081//2011 
f 1979//2012 1959//2010 2115//2013 
f 1980//2014 1979//2012 2132//2015 
f 1939//2016 1980//2014 2094//2017 
f 1940//2018 1939//2016 2093//2019 
f 1957//2020 1940//2018 2062//2021 
f 1955//2022 1957//2020 2061//2023 
f 1956//2024 1955//2022 2083//2025 
f 1938//2026 1956//2024 2084//2027 
f 1954//2028 1938//2026 2033//2029 
f 1952//2030 1954//2028 2036//2031 
f 1953//2032 1952//2030 2042//2033 
f 1951//2034 1953//2032 2044//2035 
f 1936//2036 1951//2034 2043//2037 
f 1937//2038 1936//2036 2045//2039 
f 1949//2040 1937//2038 2038//2041 
f 1950//2042 1949//2040 2037//2043 
f 1990//2044 1950//2042 2047//2045 
f 1991//2046 1990//2044 2046//2047 
f 1934//2048 1991//2046 2053//2049 
f 1935//2050 1934//2048 2052//2051 
f 1948//2052 1935//2050 2071//2053 
f 1932//2054 1948//2052 2070//2055 
f 1933//2056 1932//2054 2056//2057 
f 1977//2058 1933//2056 2055//2059 
f 1978//2060 1977//2058 2072//2061 
f 1975//2062 1978//2060 2074//2063 
f 1976//2064 1975//2062 2073//2065 
f 1930//2066 1976//2064 2097//2067 
f 1931//2068 1930//2066 2096//2069 
f 1922//2070 1931//2068 2076//2071 
f 1923//2072 1922//2070 2075//2073 
f 1929//2074 1923//2072 2058//2075 
f 1927//2076 1929//2074 2057//2077 
f 1928//2078 1927//2076 2077//2079 
f 1926//2080 1928//2078 2079//2081 
f 1919//2082 1926//2080 2078//2083 
f 1918//1971 1919//2082 2080//2082 
f 2080//2082 2059//1971 1918//1971 
f 2078//2083 2080//2082 1919//2082 
f 2079//2081 2078//2083 1926//2080 
f 2077//2079 2079//2081 1928//2078 
f 2057//2077 2077//2079 1927//2076 
f 2058//2075 2057//2077 1929//2074 
f 2075//2073 2058//2075 1923//2072 
f 2076//2071 2075//2073 1922//2070 
f 2096//2069 2076//2071 1931//2068 
f 2097//2067 2096//2069 1930//2066 
f 2073//2065 2097//2067 1976//2064 
f 2074//2063 2073//2065 1975//2062 
f 2072//2061 2074//2063 1978//2060 
f 2055//2059 2072//2061 1977//2058 
f 2056//2057 2055//2059 1933//2056 
f 2070//2055 2056//2057 1932//2054 
f 2071//2053 2070//2055 1948//2052 
f 2052//2051 2071//2053 1935//2050 
f 2053//2049 2052//2051 1934//2048 
f 2046//2047 2053//2049 1991//2046 
f 2047//2045 2046//2047 1990//2044 
f 2037//2043 2047//2045 1950//2042 
f 2038//2041 2037//2043 1949//2040 
f 2045//2039 2038//2041 1937//2038 
f 2043//2037 2045//2039 1936//2036 
f 2044//2035 2043//2037 1951//2034 
f 2042//2033 2044//2035 1953//2032 
f 2036//2031 2042//2033 1952//2030 
f 2033//2029 2036//2031 1954//2028 
f 2084//2027 2033//2029 1938//2026 
f 2083//2025 2084//2027 1956//2024 
f 2061//2023 2083//2025 1955//2022 
f 2062//2021 2061//2023 1957//2020 
f 2093//2019 2062//2021 1940//2018 
f 2094//2017 2093//2019 1939//2016 
f 2132//2015 2094//2017 1980//2014 
f 2115//2013 2132//2015 1979//2012 
f 2081//2011 2115//2013 1959//2010 
f 2082//2009 2081//2011 1958//2008 
f 2092//2007 2082//2009 1981//2006 
f 2113//2005 2092//2007 1961//2004 
f 2114//2003 2113//2005 1960//2002 
f 2144//2001 2114//2003 1963//2000 
f 2110//1999 2144//2001 1962//1998 
f 2111//1997 2110//1999 2020//1996 
f 2108//1995 2111//1997 1997//1994 
f 2109//1993 2108//1995 1996//1992 
f 2129//1991 2109//1993 1983//1990 
f 2106//1989 2129//1991 1967//1988 
f 2107//1987 2106//1989 1966//1986 
f 2127//1985 2107//1987 1998//1984 
f 2128//1983 2127//1985 2008//1982 
f 2104//1981 2128//1983 1985//1980 
f 2105//1979 2104//1981 1984//1978 
f 2088//1977 2105//1979 1969//1976 
f 2089//1975 2088//1977 1968//1974 
f 2103//1973 2089//1975 1943//1972 
f 2059//1971 2103//1973 1942//1970 
o mesh66
f 1944//2084 1971//2085 2060//2085 
f 1945//2086 1944//2084 2112//2087 
f 2000//2088 1945//2086 2091//2089 
f 2001//2090 2000//2088 2090//2091 
f 2014//2092 2001//2090 2131//2093 
f 2015//2094 2014//2092 2130//2095 
f 2012//2096 2015//2094 2148//2097 
f 2013//2098 2012//2096 2145//2099 
f 2029//2100 2013//2098 2138//2101 
f 2030//2102 2029//2100 2137//2103 
f 2024//2104 2030//2102 2140//2105 
f 1986//2106 2024//2104 2139//2107 
f 1970//2108 1986//2106 2141//2109 
f 1924//2110 1970//2108 2095//2111 
f 1925//2112 1924//2110 2063//2113 
f 1999//2114 1925//2112 2054//2115 
f 2011//2116 1999//2114 2085//2117 
f 2022//2118 2011//2116 2116//2119 
f 2023//2120 2022//2118 2133//2121 
f 2009//2122 2023//2120 2147//2123 
f 2010//2124 2009//2122 2146//2125 
f 2021//2126 2010//2124 2118//2127 
f 2028//2128 2021//2126 2117//2129 
f 1994//2130 2028//2128 2120//2131 
f 1995//2132 1994//2130 2119//2133 
f 1964//2134 1995//2132 2065//2135 
f 1965//2136 1964//2134 2064//2137 
f 1982//2138 1965//2136 2040//2139 
f 1941//2140 1982//2138 2039//2141 
f 2019//2142 1941//2140 2048//2143 
f 2018//2144 2019//2142 2050//2145 
f 1992//2146 2018//2144 2049//2147 
f 1993//2148 1992//2146 2051//2149 
f 2007//2150 1993//2148 2035//2151 
f 2026//2152 2007//2150 2034//2153 
f 2027//2154 2026//2152 2041//2155 
f 2031//2156 2027//2154 2067//2157 
f 2032//2158 2031//2156 2066//2159 
f 2005//2160 2032//2158 2069//2161 
f 2006//2162 2005//2160 2068//2163 
f 2017//2164 2006//2162 2122//2165 
f 2025//2166 2017//2164 2121//2167 
f 2016//2168 2025//2166 2099//2169 
f 2003//2170 2016//2168 2098//2171 
f 2004//2172 2003//2170 2123//2173 
f 1920//2174 2004//2172 2134//2175 
f 1921//2176 1920//2174 2124//2177 
f 1917//2178 1921//2176 2101//2179 
f 2002//2180 1917//2178 2100//2181 
f 1988//2182 2002//2180 2143//2183 
f 1989//2184 1988//2182 2142//2185 
f 1974//2186 1989//2184 2136//2187 
f 1946//2188 1974//2186 2135//2189 
f 1947//2190 1946//2188 2102//2191 
f 1972//2192 1947//2190 2087//2193 
f 1973//2194 1972//2192 2086//2195 
f 1987//2196 1973//2194 2125//2197 
f 1971//2085 1987//2196 2126//2196 
f 2126//2196 2060//2085 1971//2085 
f 2125//2197 2126//2196 1987//2196 
f 2086//2195 2125//2197 1973//2194 
f 2087//2193 2086//2195 1972//2192 
f 2102//2191 2087//2193 1947//2190 
f 2135//2189 2102//2191 1946//2188 
f 2136//2187 2135//2189 1974//2186 
f 2142//2185 2136//2187 1989//2184 
f 2143//2183 2142//2185 1988//2182 
f 2100//2181 2143//2183 2002//2180 
f 2101//2179 2100//2181 1917//2178 
f 2124//2177 2101//2179 1921//2176 
f 2134//2175 2124//2177 1920//2174 
f 2123//2173 2134//2175 2004//2172 
f 2098//2171 2123//2173 2003//2170 
f 2099//2169 2098//2171 2016//2168 
f 2121//2167 2099//2169 2025//2166 
f 2122//2165 2121//2167 2017//2164 
f 2068//2163 2122//2165 2006//2162 
f 2069//2161 2068//2163 2005//2160 
f 2066//2159 2069//2161 2032//2158 
f 2067//2157 2066//2159 2031//2156 
f 2041//2155 2067//2157 2027//2154 
f 2034//2153 2041//2155 2026//2152 
f 2035//2151 2034//2153 2007//2150 
f 2051//2149 2035//2151 1993//2148 
f 2049//2147 2051//2149 1992//2146 
f 2050//2145 2049//2147 2018//2144 
f 2048//2143 2050//2145 2019//2142 
f 2039//2141 2048//2143 1941//2140 
f 2040//2139 2039//2141 1982//2138 
f 2064//2137 2040//2139 1965//2136 
f 2065//2135 2064//2137 1964//2134 
f 2119//2133 2065//2135 1995//2132 
f 2120//2131 2119//2133 1994//2130 
f 2117//2129 2120//2131 2028//2128 
f 2118//2127 2117//2129 2021//2126 
f 2146//2125 2118//2127 2010//2124 
f 2147//2123 2146//2125 2009//2122 
f 2133//2121 2147//2123 2023//2120 
f 2116//2119 2133//2121 2022//2118 
f 2085//2117 2116//2119 2011//2116 
f 2054//2115 2085//2117 1999//2114 
f 2063//2113 2054//2115 1925//2112 
f 2095//2111 2063//2113 1924//2110 
f 2141//2109 2095//2111 1970//2108 
f 2139//2107 2141//2109 1986//2106 
f 2140//2105 2139//2107 2024//2104 
f 2137//2103 2140//2105 2030//2102 
f 2138//2101 2137//2103 2029//2100 
f 2145//2099 2138//2101 2013//2098 
f 2148//2097 2145//2099 2012//2096 
f 2130//2095 2148//2097 2015//2094 
f 2131//2093 2130//2095 2014//2092 
f 2090//2091 2131//2093 2001//2090 
f 2091//2089 2090//2091 2000//2088 
f 2112//2087 2091//2089 1945//2086 
f 2060//2085 2112//2087 1944//2084 
o mesh67
f 1679//2198 2149//2198 2150//2198 
f 2150//2198 2151//2198 1679//2198 
f 1679//2198 2152//2198 2153//2198 
f 2153//2198 2149//2198 1679//2198 
f 2151//2198 2154//2198 1679//2198 
f 1679//2198 2155//2198 2156//2198 
f 1679//2198 2157//2198 2158//2198 
f 2156//2198 2152//2198 1679//2198 
f 1679//2198 2159//2198 2157//2198 
f 1679//2198 2160//2198 2161//2198 
f 2158//2198 2155//2198 1679//2198 
f 1679//2198 2162//2198 2160//2198 
f 2149//2198 2153//2198 2163//2198 
f 2161//2198 2159//2198 1679//2198 
f 1681//2198 2164//2198 2165//2198 
f 1681//2198 2166//2198 2167//2198 
f 1681//2198 2168//2198 2169//2198 
f 2170//2198 2171//2198 2172//2198 
f 2173//2198 2174//2198 2175//2198 
f 2176//2198 2177//2198 2178//2198 
f 2149//2198 2179//2198 2180//2198 
f 2154//2198 2181//2198 1679//2198 
f 1679//2198 2182//2198 2183//2198 
f 2184//2198 2185//2198 2186//2198 
f 2187//2198 2150//2198 2185//2198 
f 1681//2198 2188//2198 2189//2198 
f 2167//2198 2164//2198 1681//2198 
f 1681//2198 2190//2198 2191//2198 
f 2169//2198 2192//2198 1681//2198 
f 2190//2198 2193//2198 2194//2198 
f 2172//2198 2195//2198 2170//2198 
f 2175//2198 2178//2198 2173//2198 
f 2176//2198 2196//2198 2177//2198 
f 2197//2198 2198//2198 2199//2198 
f 2149//2198 2200//2198 2179//2198 
f 2183//2198 2162//2198 1679//2198 
f 1679//2198 2201//2198 2202//2198 
f 1677//2198 2203//2198 2204//2198 
f 2184//2198 2205//2198 2206//2198 
f 2186//2198 2207//2198 2184//2198 
f 2185//2198 2184//2198 2187//2198 
f 2208//2198 2209//2198 2210//2198 
f 1683//2198 2211//2198 2212//2198 
f 1683//2198 1681//2198 2213//2198 
f 1681//2198 2214//2198 2215//2198 
f 2165//2198 2188//2198 1681//2198 
f 2190//2198 2216//2198 2191//2198 
f 1681//2198 2217//2198 2168//2198 
f 2190//2198 2218//2198 2193//2198 
f 1677//2198 2219//2198 2220//2198 
f 2195//2198 2221//2198 2170//2198 
f 2170//2198 2222//2198 2223//2198 
f 2170//2198 2224//2198 2225//2198 
f 2226//2198 2227//2198 2174//2198 
f 2178//2198 2175//2198 2176//2198 
f 2197//2198 2220//2198 2198//2198 
f 2163//2198 2200//2198 2149//2198 
f 2202//2198 2228//2198 1679//2198 
f 1679//2198 1677//2198 2229//2198 
f 2204//2198 2230//2198 1677//2198 
f 1677//2198 2231//2198 2232//2198 
f 2184//2198 2233//2198 2205//2198 
f 2184//2198 2234//2198 2235//2198 
f 2184//2198 2236//2198 2237//2198 
f 2184//2198 2238//2198 2239//2198 
f 2184//2198 2240//2198 2241//2198 
f 2187//2198 2242//2198 2150//2198 
f 2208//2198 2243//2198 2209//2198 
f 2244//2198 2245//2198 2246//2198 
f 1683//2198 2247//2198 2248//2198 
f 1683//2198 2249//2198 2211//2198 
f 2213//2198 2250//2198 1683//2198 
f 1681//2198 2251//2198 2252//2198 
f 2215//2198 2253//2198 1681//2198 
f 1681//2198 2254//2198 2166//2198 
f 2192//2198 2190//2198 1681//2198 
f 2190//2198 2255//2198 2218//2198 
f 1679//2198 2256//2198 2257//2198 
f 1677//2198 2258//2198 2259//2198 
f 2220//2198 2260//2198 1677//2198 
f 2223//2198 2171//2198 2170//2198 
f 2225//2198 2261//2198 2170//2198 
f 2226//2198 2170//2198 2227//2198 
f 2176//2198 2262//2198 2196//2198 
f 2197//2198 2263//2198 2264//2198 
f 2197//2198 2265//2198 2266//2198 
f 2199//2198 2267//2198 2197//2198 
f 2228//2198 2182//2198 1679//2198 
f 1679//2198 2268//2198 2269//2198 
f 2229//2198 2270//2198 1679//2198 
f 1677//2198 2271//2198 2272//2198 
f 1677//2198 2273//2198 2274//2198 
f 1677//2198 2275//2198 2276//2198 
f 2232//2198 2203//2198 1677//2198 
f 2235//2198 2233//2198 2184//2198 
f 2237//2198 2277//2198 2184//2198 
f 2184//2198 2278//2198 2279//2198 
f 2184//2198 2280//2198 2281//2198 
f 2184//2198 2282//2198 2238//2198 
f 2207//2198 2240//2198 2184//2198 
f 2210//2198 2283//2198 2208//2198 
f 2246//2198 2284//2198 2244//2198 
f 2244//2198 1683//2198 2285//2198 
f 1683//2198 2286//2198 2247//2198 
f 1683//2198 2287//2198 2288//2198 
f 1683//2198 2289//2198 2290//2198 
f 2212//2198 2291//2198 1683//2198 
f 2250//2198 2292//2198 1683//2198 
f 1681//2198 2293//2198 2251//2198 
f 1681//2198 2294//2198 2214//2198 
f 1681//2198 2295//2198 2296//2198 
f 2191//2198 2254//2198 1681//2198 
f 2194//2198 2297//2198 2190//2198 
f 1679//2198 2298//2198 2217//2198 
f 2257//2198 2299//2198 1679//2198 
f 2260//2198 2258//2198 1677//2198 
f 2261//2198 2222//2198 2170//2198 
f 2170//2198 2300//2198 2301//2198 
f 2173//2198 2226//2198 2174//2198 
f 2197//2198 2302//2198 2196//2198 
f 2197//2198 2303//2198 2263//2198 
f 2267//2198 2265//2198 2197//2198 
f 2149//2198 2304//2198 2305//2198 
f 2269//2198 2201//2198 1679//2198 
f 2270//2198 2306//2198 1679//2198 
f 1677//2198 2307//2198 2271//2198 
f 1677//2198 2308//2198 2273//2198 
f 2230//2198 2275//2198 1677//2198 
f 2277//2198 2234//2198 2184//2198 
f 2184//2198 2309//2198 2310//2198 
f 2279//2198 2311//2198 2184//2198 
f 2184//2198 2312//2198 2280//2198 
f 2184//2198 2313//2198 2314//2198 
f 2241//2198 2282//2198 2184//2198 
f 1677//2198 2315//2198 2316//2198 
f 1683//2198 2317//2198 2315//2198 
f 2208//2198 2318//2198 2243//2198 
f 2210//2198 2319//2198 2320//2198 
f 2284//2198 2321//2198 2244//2198 
f 1683//2198 2322//2198 2285//2198 
f 2248//2198 2323//2198 1683//2198 
f 2288//2198 2324//2198 1683//2198 
f 2291//2198 2289//2198 1683//2198 
f 1683//2198 2325//2198 2326//2198 
f 2252//2198 2213//2198 1681//2198 
f 2296//2198 2294//2198 1681//2198 
f 2297//2198 2216//2198 2190//2198 
f 2255//2198 2190//2198 2327//2198 
f 2327//2198 2328//2198 2329//2198 
f 1679//2198 2330//2198 2298//2198 
f 2299//2198 2331//2198 1679//2198 
f 1679//2198 2332//2198 2333//2198 
f 1679//2198 2181//2198 2334//2198 
f 2259//2198 2335//2198 1677//2198 
f 2220//2198 2336//2198 2337//2198 
f 2220//2198 2338//2198 2339//2198 
f 2301//2198 2224//2198 2170//2198 
f 2262//2198 2197//2198 2196//2198 
f 2197//2198 2340//2198 2341//2198 
f 2266//2198 2303//2198 2197//2198 
f 2180//2198 2304//2198 2149//2198 
f 2272//2198 2229//2198 1677//2198 
f 1677//2198 2342//2198 2343//2198 
f 2276//2198 2308//2198 1677//2198 
f 1677//2198 2206//2198 2344//2198 
f 2310//2198 2236//2198 2184//2198 
f 2281//2198 2278//2198 2184//2198 
f 2239//2198 2313//2198 2184//2198 
f 1677//2198 2345//2198 2346//2198 
f 2315//2198 1677//2198 1683//2198 
f 2244//2198 2347//2198 2243//2198 
f 2210//2198 2348//2198 2319//2198 
f 2244//2198 2349//2198 2245//2198 
f 2323//2198 2322//2198 1683//2198 
f 2290//2198 2287//2198 1683//2198 
f 2292//2198 2325//2198 1683//2198 
f 2189//2198 2295//2198 1681//2198 
f 2329//2198 2350//2198 2327//2198 
f 2331//2198 2330//2198 1679//2198 
f 2334//2198 2332//2198 1679//2198 
f 2337//2198 2260//2198 2220//2198 
f 2339//2198 2351//2198 2220//2198 
f 2226//2198 2300//2198 2170//2198 
f 2264//2198 2340//2198 2197//2198 
f 2306//2198 2268//2198 1679//2198 
f 2274//2198 2342//2198 1677//2198 
f 2206//2198 1677//2198 2184//2198 
f 2314//2198 2312//2198 2184//2198 
f 2346//2198 2352//2198 1677//2198 
f 1677//2198 2353//2198 2354//2198 
f 2316//2198 2355//2198 1677//2198 
f 1683//2198 2356//2198 2357//2198 
f 1683//2198 2358//2198 2359//2198 
f 2320//2198 2283//2198 2210//2198 
f 2285//2198 2349//2198 2244//2198 
f 2326//2198 2249//2198 1683//2198 
f 1681//2198 2360//2198 2361//2198 
f 2327//2198 2350//2198 2255//2198 
f 2333//2198 2256//2198 1679//2198 
f 2351//2198 2336//2198 2220//2198 
f 2220//2198 2197//2198 2362//2198 
f 2341//2198 2302//2198 2197//2198 
f 2343//2198 2307//2198 1677//2198 
f 2150//2198 2242//2198 2363//2198 
f 2311//2198 2309//2198 2184//2198 
f 1677//2198 2364//2198 2345//2198 
f 2355//2198 2353//2198 1677//2198 
f 1683//2198 2365//2198 2356//2198 
f 1683//2198 2366//2198 2367//2198 
f 1683//2198 2368//2198 2358//2198 
f 1683//2198 2244//2198 2369//2198 
f 2321//2198 2347//2198 2244//2198 
f 2210//2198 2370//2198 2371//2198 
f 2210//2198 2327//2198 2372//2198 
f 2361//2198 2293//2198 1681//2198 
f 2217//2198 1681//2198 1679//2198 
f 2362//2198 2338//2198 2220//2198 
f 2305//2198 2170//2198 2149//2198 
f 2344//2198 2219//2198 1677//2198 
f 2354//2198 2364//2198 1677//2198 
f 2367//2198 2365//2198 1683//2198 
f 2359//2198 2373//2198 1683//2198 
f 2318//2198 2244//2198 2243//2198 
f 2210//2198 2374//2198 2375//2198 
f 2371//2198 2376//2198 2210//2198 
f 2372//2198 2377//2198 2210//2198 
f 2253//2198 2360//2198 1681//2198 
f 2327//2198 2210//2198 2378//2198 
f 2221//2198 2149//2198 2170//2198 
f 2352//2198 2184//2198 1677//2198 
f 2373//2198 2366//2198 1683//2198 
f 2375//2198 2348//2198 2210//2198 
f 2210//2198 2379//2198 2370//2198 
f 2377//2198 2380//2198 2210//2198 
f 2378//2198 2328//2198 2327//2198 
f 2363//2198 2151//2198 2150//2198 
f 2369//2198 2368//2198 1683//2198 
f 2380//2198 2379//2198 2210//2198 
f 2335//2198 2231//2198 1677//2198 
f 2376//2198 2374//2198 2210//2198 
f 2357//2198 2317//2198 1683//2198 
f 2324//2198 2286//2198 1683//2198 
o mesh68
f 1678//2199 2381//2199 2382//2199 
f 2382//2199 2383//2199 1678//2199 
f 2381//2199 1678//2199 2384//2199 
f 2384//2199 2385//2199 2381//2199 
f 1684//2199 2386//2199 2387//2199 
f 1684//2199 2388//2199 2389//2199 
f 2383//2199 2390//2199 1678//2199 
f 1678//2199 2391//2199 2392//2199 
f 1678//2199 2393//2199 2394//2199 
f 1684//2199 2395//2199 2396//2199 
f 2389//2199 2386//2199 1684//2199 
f 2397//2199 2398//2199 2399//2199 
f 1684//2199 2400//2199 2401//2199 
f 2397//2199 2402//2199 2403//2199 
f 2392//2199 2384//2199 1678//2199 
f 1678//2199 2404//2199 2393//2199 
f 1678//2199 2405//2199 2406//2199 
f 1684//2199 2407//2199 2408//2199 
f 2387//2199 2395//2199 1684//2199 
f 2397//2199 2409//2199 2398//2199 
f 2401//2199 2410//2199 1684//2199 
f 2397//2199 2411//2199 2402//2199 
f 2412//2199 2413//2199 2414//2199 
f 2415//2199 2416//2199 2414//2199 
f 2417//2199 2418//2199 2419//2199 
f 2394//2199 2391//2199 1678//2199 
f 1678//2199 2420//2199 2405//2199 
f 1684//2199 2421//2199 2422//2199 
f 2408//2199 2423//2199 1684//2199 
f 1684//2199 2399//2199 2388//2199 
f 2410//2199 2397//2199 1684//2199 
f 2397//2199 2424//2199 2411//2199 
f 1680//2199 2425//2199 2426//2199 
f 2427//2199 2428//2199 2429//2199 
f 2414//2199 2430//2199 2412//2199 
f 2414//2199 2413//2199 2415//2199 
f 2417//2199 2426//2199 2418//2199 
f 2381//2199 2385//2199 2431//2199 
f 2406//2199 2404//2199 1678//2199 
f 1680//2199 2432//2199 2433//2199 
f 2434//2199 2435//2199 2436//2199 
f 1682//2199 2422//2199 2437//2199 
f 1684//2199 2438//2199 2421//2199 
f 1684//2199 2439//2199 2407//2199 
f 1684//2199 2440//2199 2441//2199 
f 2399//2199 1684//2199 2397//2199 
f 2403//2199 2442//2199 2397//2199 
f 1678//2199 2443//2199 2444//2199 
f 1680//2199 2445//2199 2446//2199 
f 2426//2199 2447//2199 1680//2199 
f 2429//2199 2448//2199 2427//2199 
f 2449//2199 2450//2199 2412//2199 
f 2451//2199 2452//2199 2416//2199 
f 2417//2199 2453//2199 2454//2199 
f 2417//2199 2455//2199 2456//2199 
f 2419//2199 2457//2199 2417//2199 
f 2381//2199 2458//2199 2459//2199 
f 2390//2199 2460//2199 1678//2199 
f 1678//2199 2461//2199 2462//2199 
f 2433//2199 2463//2199 1680//2199 
f 1680//2199 2464//2199 2465//2199 
f 2434//2199 2466//2199 2435//2199 
f 2434//2199 2467//2199 2468//2199 
f 2434//2199 2469//2199 2470//2199 
f 2434//2199 2471//2199 2472//2199 
f 2473//2199 2382//2199 2471//2199 
f 2437//2199 2474//2199 1682//2199 
f 1684//2199 2475//2199 2438//2199 
f 2441//2199 2439//2199 1684//2199 
f 2442//2199 2409//2199 2397//2199 
f 2424//2199 2397//2199 2476//2199 
f 2476//2199 2477//2199 2478//2199 
f 1678//2199 2479//2199 2400//2199 
f 1678//2199 2480//2199 2481//2199 
f 1678//2199 2482//2199 2443//2199 
f 2447//2199 2445//2199 1680//2199 
f 2448//2199 2483//2199 2427//2199 
f 2427//2199 2484//2199 2485//2199 
f 2427//2199 2486//2199 2487//2199 
f 2449//2199 2427//2199 2450//2199 
f 2451//2199 2488//2199 2452//2199 
f 2417//2199 2489//2199 2453//2199 
f 2457//2199 2455//2199 2417//2199 
f 2381//2199 2490//2199 2458//2199 
f 2462//2199 2420//2199 1678//2199 
f 1678//2199 2491//2199 2492//2199 
f 1678//2199 1680//2199 2493//2199 
f 1680//2199 2494//2199 2495//2199 
f 1680//2199 2496//2199 2497//2199 
f 2465//2199 2432//2199 1680//2199 
f 2468//2199 2466//2199 2434//2199 
f 2470//2199 2498//2199 2434//2199 
f 2434//2199 2499//2199 2500//2199 
f 2434//2199 2501//2199 2502//2199 
f 2472//2199 2503//2199 2434//2199 
f 2471//2199 2434//2199 2473//2199 
f 2504//2199 2505//2199 2506//2199 
f 2477//2199 2507//2199 2506//2199 
f 1682//2199 2508//2199 2509//2199 
f 2422//2199 1682//2199 1684//2199 
f 1684//2199 2510//2199 2511//2199 
f 2396//2199 2440//2199 1684//2199 
f 2478//2199 2512//2199 2476//2199 
f 2481//2199 2479//2199 1678//2199 
f 2444//2199 2513//2199 1678//2199 
f 1678//2199 2514//2199 2515//2199 
f 1678//2199 2460//2199 2516//2199 
f 2446//2199 2517//2199 1680//2199 
f 2426//2199 2518//2199 2519//2199 
f 2426//2199 2520//2199 2521//2199 
f 2485//2199 2428//2199 2427//2199 
f 2487//2199 2522//2199 2427//2199 
f 2430//2199 2449//2199 2412//2199 
f 2415//2199 2451//2199 2416//2199 
f 2417//2199 2523//2199 2524//2199 
f 2456//2199 2489//2199 2417//2199 
f 2431//2199 2490//2199 2381//2199 
f 2492//2199 2525//2199 1678//2199 
f 2493//2199 2526//2199 1678//2199 
f 1680//2199 2527//2199 2528//2199 
f 1680//2199 2529//2199 2494//2199 
f 2463//2199 2496//2199 1680//2199 
f 2498//2199 2467//2199 2434//2199 
f 2434//2199 2530//2199 2531//2199 
f 2500//2199 2532//2199 2434//2199 
f 2434//2199 2533//2199 2501//2199 
f 2434//2199 2534//2199 2535//2199 
f 2434//2199 2536//2199 2537//2199 
f 2473//2199 2538//2199 2382//2199 
f 2506//2199 2539//2199 2504//2199 
f 2477//2199 2540//2199 2507//2199 
f 1682//2199 2541//2199 2508//2199 
f 2511//2199 2475//2199 1684//2199 
f 2476//2199 2512//2199 2424//2199 
f 2513//2199 2480//2199 1678//2199 
f 2516//2199 2514//2199 1678//2199 
f 2519//2199 2447//2199 2426//2199 
f 2521//2199 2542//2199 2426//2199 
f 2522//2199 2484//2199 2427//2199 
f 2427//2199 2543//2199 2544//2199 
f 2451//2199 2417//2199 2488//2199 
f 2454//2199 2523//2199 2417//2199 
f 2525//2199 2461//2199 1678//2199 
f 1678//2199 2545//2199 2546//2199 
f 2526//2199 2547//2199 1678//2199 
f 1680//2199 2548//2199 2527//2199 
f 1680//2199 2549//2199 2550//2199 
f 2497//2199 2529//2199 1680//2199 
f 2531//2199 2469//2199 2434//2199 
f 2502//2199 2499//2199 2434//2199 
f 2434//2199 2551//2199 2534//2199 
f 2503//2199 2536//2199 2434//2199 
f 1680//2199 2552//2199 2553//2199 
f 1682//2199 2554//2199 2552//2199 
f 2539//2199 2555//2199 2504//2199 
f 2477//2199 2556//2199 2540//2199 
f 2554//2199 2557//2199 2558//2199 
f 1682//2199 2559//2199 2560//2199 
f 1682//2199 2561//2199 2562//2199 
f 1682//2199 2563//2199 2564//2199 
f 2509//2199 2565//2199 1682//2199 
f 2423//2199 2510//2199 1684//2199 
f 2515//2199 2482//2199 1678//2199 
f 2542//2199 2518//2199 2426//2199 
f 2426//2199 2417//2199 2566//2199 
f 2544//2199 2486//2199 2427//2199 
f 2524//2199 2488//2199 2417//2199 
f 2381//2199 2567//2199 2568//2199 
f 2546//2199 2491//2199 1678//2199 
f 2528//2199 2493//2199 1680//2199 
f 2495//2199 2549//2199 1680//2199 
f 1680//2199 2436//2199 2569//2199 
f 2532//2199 2530//2199 2434//2199 
f 2434//2199 2570//2199 2571//2199 
f 2537//2199 2551//2199 2434//2199 
f 1680//2199 2572//2199 2573//2199 
f 2552//2199 1680//2199 1682//2199 
f 2506//2199 2505//2199 2477//2199 
f 2477//2199 2574//2199 2575//2199 
f 2477//2199 2576//2199 2577//2199 
f 2477//2199 2476//2199 2578//2199 
f 2579//2199 2580//2199 2581//2199 
f 2582//2199 2504//2199 2583//2199 
f 2558//2199 2584//2199 2554//2199 
f 2554//2199 1682//2199 2585//2199 
f 1682//2199 2586//2199 2559//2199 
f 2562//2199 2587//2199 1682//2199 
f 2565//2199 2563//2199 1682//2199 
f 1682//2199 2588//2199 2589//2199 
f 2400//2199 1684//2199 1678//2199 
f 2566//2199 2520//2199 2426//2199 
f 2449//2199 2543//2199 2427//2199 
f 2459//2199 2567//2199 2381//2199 
f 2550//2199 2548//2199 1680//2199 
f 2436//2199 1680//2199 2434//2199 
f 2535//2199 2570//2199 2434//2199 
f 1680//2199 2590//2199 2572//2199 
f 1680//2199 2591//2199 2592//2199 
f 2553//2199 2593//2199 1680//2199 
f 2504//2199 2594//2199 2595//2199 
f 2504//2199 2596//2199 2597//2199 
f 2575//2199 2556//2199 2477//2199 
f 2577//2199 2598//2199 2477//2199 
f 2578//2199 2599//2199 2477//2199 
f 2581//2199 2600//2199 2579//2199 
f 2579//2199 2601//2199 2602//2199 
f 2601//2199 2603//2199 2582//2199 
f 2584//2199 2604//2199 2554//2199 
f 2585//2199 2605//2199 2554//2199 
f 2560//2199 2606//2199 1682//2199 
f 2564//2199 2561//2199 1682//2199 
f 2474//2199 2588//2199 1682//2199 
f 2483//2199 2381//2199 2427//2199 
f 2547//2199 2545//2199 1678//2199 
f 2382//2199 2538//2199 2607//2199 
f 2571//2199 2533//2199 2434//2199 
f 1680//2199 2608//2199 2590//2199 
f 2593//2199 2591//2199 1680//2199 
f 2504//2199 2609//2199 2594//2199 
f 2555//2199 2596//2199 2504//2199 
f 2477//2199 2610//2199 2576//2199 
f 2599//2199 2611//2199 2477//2199 
f 2602//2199 2580//2199 2579//2199 
f 2601//2199 2579//2199 2603//2199 
f 2554//2199 2612//2199 2557//2199 
f 2606//2199 2585//2199 1682//2199 
f 2589//2199 2541//2199 1682//2199 
f 2568//2199 2427//2199 2381//2199 
f 2569//2199 2425//2199 1680//2199 
f 2592//2199 2608//2199 1680//2199 
f 2597//2199 2609//2199 2504//2199 
f 2611//2199 2610//2199 2477//2199 
f 2583//2199 2601//2199 2582//2199 
f 2605//2199 2612//2199 2554//2199 
f 2517//2199 2464//2199 1680//2199 
f 2573//2199 2434//2199 1680//2199 
f 2598//2199 2574//2199 2477//2199 
f 2604//2199 2579//2199 2554//2199 
f 2607//2199 2383//2199 2382//2199 
f 2600//2199 2554//2199 2579//2199 
f 2595//2199 2583//2199 2504//2199 
f 2587//2199 2586//2199 1682//2199 
o mesh69
f 2526//2200 2493//2201 2229//2201 
f 2547//2202 2526//2200 2272//2203 
f 2545//2204 2547//2202 2271//2205 
f 2546//2206 2545//2204 2307//2207 
f 2491//2208 2546//2206 2343//2209 
f 2492//2210 2491//2208 2342//2211 
f 2525//2212 2492//2210 2274//2213 
f 2461//2214 2525//2212 2273//2215 
f 2462//2216 2461//2214 2308//2217 
f 2420//2218 2462//2216 2276//2219 
f 2405//2220 2420//2218 2275//2221 
f 2406//2222 2405//2220 2230//2223 
f 2404//2224 2406//2222 2204//2225 
f 2393//2226 2404//2224 2203//2227 
f 2394//2228 2393//2226 2232//2229 
f 2391//2230 2394//2228 2231//2231 
f 2392//2232 2391//2230 2335//2233 
f 2384//2234 2392//2232 2259//2235 
f 2385//2236 2384//2234 2258//2237 
f 2431//2238 2385//2236 2260//2239 
f 2490//2240 2431//2238 2337//2241 
f 2458//2242 2490//2240 2336//2243 
f 2459//2244 2458//2242 2351//2245 
f 2567//2246 2459//2244 2339//2247 
f 2568//2248 2567//2246 2338//2249 
f 2427//2250 2568//2248 2362//2251 
f 2450//2252 2427//2250 2197//2253 
f 2412//2254 2450//2252 2262//2255 
f 2413//2256 2412//2254 2176//2257 
f 2415//2258 2413//2256 2175//2259 
f 2451//2260 2415//2258 2174//2261 
f 2417//2262 2451//2260 2227//2263 
f 2566//2264 2417//2262 2170//2265 
f 2520//2266 2566//2264 2305//2267 
f 2521//2268 2520//2266 2304//2269 
f 2542//2270 2521//2268 2180//2271 
f 2518//2272 2542//2270 2179//2273 
f 2519//2274 2518//2272 2200//2275 
f 2447//2276 2519//2274 2163//2277 
f 2445//2278 2447//2276 2153//2279 
f 2446//2280 2445//2278 2152//2281 
f 2517//2282 2446//2280 2156//2283 
f 2464//2284 2517//2282 2155//2285 
f 2465//2286 2464//2284 2158//2287 
f 2432//2288 2465//2286 2157//2289 
f 2433//2290 2432//2288 2159//2291 
f 2463//2292 2433//2290 2161//2293 
f 2496//2294 2463//2292 2160//2295 
f 2497//2296 2496//2294 2162//2297 
f 2529//2298 2497//2296 2183//2299 
f 2494//2300 2529//2298 2182//2301 
f 2495//2302 2494//2300 2228//2303 
f 2549//2304 2495//2302 2202//2305 
f 2550//2306 2549//2304 2201//2307 
f 2548//2308 2550//2306 2269//2309 
f 2527//2310 2548//2308 2268//2311 
f 2528//2312 2527//2310 2306//2313 
f 2493//2201 2528//2312 2270//2312 
f 2270//2312 2229//2201 2493//2201 
f 2306//2313 2270//2312 2528//2312 
f 2268//2311 2306//2313 2527//2310 
f 2269//2309 2268//2311 2548//2308 
f 2201//2307 2269//2309 2550//2306 
f 2202//2305 2201//2307 2549//2304 
f 2228//2303 2202//2305 2495//2302 
f 2182//2301 2228//2303 2494//2300 
f 2183//2299 2182//2301 2529//2298 
f 2162//2297 2183//2299 2497//2296 
f 2160//2295 2162//2297 2496//2294 
f 2161//2293 2160//2295 2463//2292 
f 2159//2291 2161//2293 2433//2290 
f 2157//2289 2159//2291 2432//2288 
f 2158//2287 2157//2289 2465//2286 
f 2155//2285 2158//2287 2464//2284 
f 2156//2283 2155//2285 2517//2282 
f 2152//2281 2156//2283 2446//2280 
f 2153//2279 2152//2281 2445//2278 
f 2163//2277 2153//2279 2447//2276 
f 2200//2275 2163//2277 2519//2274 
f 2179//2273 2200//2275 2518//2272 
f 2180//2271 2179//2273 2542//2270 
f 2304//2269 2180//2271 2521//2268 
f 2305//2267 2304//2269 2520//2266 
f 2170//2265 2305//2267 2566//2264 
f 2227//2263 2170//2265 2417//2262 
f 2174//2261 2227//2263 2451//2260 
f 2175//2259 2174//2261 2415//2258 
f 2176//2257 2175//2259 2413//2256 
f 2262//2255 2176//2257 2412//2254 
f 2197//2253 2262//2255 2450//2252 
f 2362//2251 2197//2253 2427//2250 
f 2338//2249 2362//2251 2568//2248 
f 2339//2247 2338//2249 2567//2246 
f 2351//2245 2339//2247 2459//2244 
f 2336//2243 2351//2245 2458//2242 
f 2337//2241 2336//2243 2490//2240 
f 2260//2239 2337//2241 2431//2238 
f 2258//2237 2260//2239 2385//2236 
f 2259//2235 2258//2237 2384//2234 
f 2335//2233 2259//2235 2392//2232 
f 2231//2231 2335//2233 2391//2230 
f 2232//2229 2231//2231 2394//2228 
f 2203//2227 2232//2229 2393//2226 
f 2204//2225 2203//2227 2404//2224 
f 2230//2223 2204//2225 2406//2222 
f 2275//2221 2230//2223 2405//2220 
f 2276//2219 2275//2221 2420//2218 
f 2308//2217 2276//2219 2462//2216 
f 2273//2215 2308//2217 2461//2214 
f 2274//2213 2273//2215 2525//2212 
f 2342//2211 2274//2213 2492//2210 
f 2343//2209 2342//2211 2491//2208 
f 2307//2207 2343//2209 2546//2206 
f 2271//2205 2307//2207 2545//2204 
f 2272//2203 2271//2205 2547//2202 
f 2229//2201 2272//2203 2526//2200 
o mesh70
f 2430//2314 2414//2315 2178//2315 
f 2449//2316 2430//2314 2177//2317 
f 2543//2318 2449//2316 2196//2319 
f 2544//2320 2543//2318 2302//2321 
f 2486//2322 2544//2320 2341//2323 
f 2487//2324 2486//2322 2340//2325 
f 2522//2326 2487//2324 2264//2327 
f 2484//2328 2522//2326 2263//2329 
f 2485//2330 2484//2328 2303//2331 
f 2428//2332 2485//2330 2266//2333 
f 2429//2334 2428//2332 2265//2335 
f 2448//2336 2429//2334 2267//2337 
f 2483//2338 2448//2336 2199//2339 
f 2381//2340 2483//2338 2198//2341 
f 2382//2342 2381//2340 2220//2343 
f 2471//2344 2382//2342 2219//2345 
f 2472//2346 2471//2344 2344//2347 
f 2503//2348 2472//2346 2206//2349 
f 2536//2350 2503//2348 2205//2351 
f 2537//2352 2536//2350 2233//2353 
f 2551//2354 2537//2352 2235//2355 
f 2534//2356 2551//2354 2234//2357 
f 2535//2358 2534//2356 2277//2359 
f 2570//2360 2535//2358 2237//2361 
f 2571//2362 2570//2360 2236//2363 
f 2533//2364 2571//2362 2310//2365 
f 2501//2366 2533//2364 2309//2367 
f 2502//2368 2501//2366 2311//2369 
f 2499//2370 2502//2368 2279//2371 
f 2500//2372 2499//2370 2278//2373 
f 2532//2374 2500//2372 2281//2375 
f 2530//2376 2532//2374 2280//2377 
f 2531//2378 2530//2376 2312//2379 
f 2469//2380 2531//2378 2314//2381 
f 2470//2382 2469//2380 2313//2383 
f 2498//2384 2470//2382 2239//2385 
f 2467//2386 2498//2384 2238//2387 
f 2468//2388 2467//2386 2282//2389 
f 2466//2390 2468//2388 2241//2391 
f 2435//2392 2466//2390 2240//2393 
f 2436//2394 2435//2392 2207//2395 
f 2569//2396 2436//2394 2186//2397 
f 2425//2398 2569//2396 2185//2399 
f 2426//2400 2425//2398 2150//2401 
f 2418//2402 2426//2400 2149//2403 
f 2419//2404 2418//2402 2221//2405 
f 2457//2406 2419//2404 2195//2407 
f 2455//2408 2457//2406 2172//2409 
f 2456//2410 2455//2408 2171//2411 
f 2489//2412 2456//2410 2223//2413 
f 2453//2414 2489//2412 2222//2415 
f 2454//2416 2453//2414 2261//2417 
f 2523//2418 2454//2416 2225//2419 
f 2524//2420 2523//2418 2224//2421 
f 2488//2422 2524//2420 2301//2423 
f 2452//2424 2488//2422 2300//2425 
f 2416//2426 2452//2424 2226//2427 
f 2414//2315 2416//2426 2173//2426 
f 2173//2426 2178//2315 2414//2315 
f 2226//2427 2173//2426 2416//2426 
f 2300//2425 2226//2427 2452//2424 
f 2301//2423 2300//2425 2488//2422 
f 2224//2421 2301//2423 2524//2420 
f 2225//2419 2224//2421 2523//2418 
f 2261//2417 2225//2419 2454//2416 
f 2222//2415 2261//2417 2453//2414 
f 2223//2413 2222//2415 2489//2412 
f 2171//2411 2223//2413 2456//2410 
f 2172//2409 2171//2411 2455//2408 
f 2195//2407 2172//2409 2457//2406 
f 2221//2405 2195//2407 2419//2404 
f 2149//2403 2221//2405 2418//2402 
f 2150//2401 2149//2403 2426//2400 
f 2185//2399 2150//2401 2425//2398 
f 2186//2397 2185//2399 2569//2396 
f 2207//2395 2186//2397 2436//2394 
f 2240//2393 2207//2395 2435//2392 
f 2241//2391 2240//2393 2466//2390 
f 2282//2389 2241//2391 2468//2388 
f 2238//2387 2282//2389 2467//2386 
f 2239//2385 2238//2387 2498//2384 
f 2313//2383 2239//2385 2470//2382 
f 2314//2381 2313//2383 2469//2380 
f 2312//2379 2314//2381 2531//2378 
f 2280//2377 2312//2379 2530//2376 
f 2281//2375 2280//2377 2532//2374 
f 2278//2373 2281//2375 2500//2372 
f 2279//2371 2278//2373 2499//2370 
f 2311//2369 2279//2371 2502//2368 
f 2309//2367 2311//2369 2501//2366 
f 2310//2365 2309//2367 2533//2364 
f 2236//2363 2310//2365 2571//2362 
f 2237//2361 2236//2363 2570//2360 
f 2277//2359 2237//2361 2535//2358 
f 2234//2357 2277//2359 2534//2356 
f 2235//2355 2234//2357 2551//2354 
f 2233//2353 2235//2355 2537//2352 
f 2205//2351 2233//2353 2536//2350 
f 2206//2349 2205//2351 2503//2348 
f 2344//2347 2206//2349 2472//2346 
f 2219//2345 2344//2347 2471//2344 
f 2220//2343 2219//2345 2382//2342 
f 2198//2341 2220//2343 2381//2340 
f 2199//2339 2198//2341 2483//2338 
f 2267//2337 2199//2339 2448//2336 
f 2265//2335 2267//2337 2429//2334 
f 2266//2333 2265//2335 2428//2332 
f 2303//2331 2266//2333 2485//2330 
f 2263//2329 2303//2331 2484//2328 
f 2264//2327 2263//2329 2522//2326 
f 2340//2325 2264//2327 2487//2324 
f 2341//2323 2340//2325 2486//2322 
f 2302//2321 2341//2323 2544//2320 
f 2196//2319 2302//2321 2543//2318 
f 2177//2317 2196//2319 2449//2316 
f 2178//2315 2177//2317 2430//2314 
o mesh71
f 2208//2428 2283//2429 2506//2429 
f 2318//2430 2208//2428 2507//2431 
f 2244//2432 2318//2430 2540//2433 
f 2369//2434 2244//2432 2556//2435 
f 2368//2436 2369//2434 2575//2437 
f 2358//2438 2368//2436 2574//2439 
f 2359//2440 2358//2438 2598//2441 
f 2373//2442 2359//2440 2577//2443 
f 2366//2444 2373//2442 2576//2445 
f 2367//2446 2366//2444 2610//2447 
f 2365//2448 2367//2446 2611//2449 
f 2356//2450 2365//2448 2599//2451 
f 2357//2452 2356//2450 2578//2453 
f 2317//2454 2357//2452 2476//2455 
f 2315//2456 2317//2454 2397//2457 
f 2316//2458 2315//2456 2410//2459 
f 2355//2460 2316//2458 2401//2461 
f 2353//2462 2355//2460 2400//2463 
f 2354//2464 2353//2462 2479//2465 
f 2364//2466 2354//2464 2481//2467 
f 2345//2468 2364//2466 2480//2469 
f 2346//2470 2345//2468 2513//2471 
f 2352//2472 2346//2470 2444//2473 
f 2184//2474 2352//2472 2443//2475 
f 2187//2476 2184//2474 2482//2477 
f 2242//2478 2187//2476 2515//2479 
f 2363//2480 2242//2478 2514//2481 
f 2151//2482 2363//2480 2516//2483 
f 2154//2484 2151//2482 2460//2485 
f 2181//2486 2154//2484 2390//2487 
f 2334//2488 2181//2486 2383//2489 
f 2332//2490 2334//2488 2607//2491 
f 2333//2492 2332//2490 2538//2493 
f 2256//2494 2333//2492 2473//2495 
f 2257//2496 2256//2494 2434//2497 
f 2299//2498 2257//2496 2573//2499 
f 2331//2500 2299//2498 2572//2501 
f 2330//2502 2331//2500 2590//2503 
f 2298//2504 2330//2502 2608//2505 
f 2217//2506 2298//2504 2592//2507 
f 2168//2508 2217//2506 2591//2509 
f 2169//2510 2168//2508 2593//2511 
f 2192//2512 2169//2510 2553//2513 
f 2190//2514 2192//2512 2552//2515 
f 2327//2516 2190//2514 2554//2517 
f 2372//2518 2327//2516 2600//2519 
f 2377//2520 2372//2518 2581//2521 
f 2380//2522 2377//2520 2580//2523 
f 2379//2524 2380//2522 2602//2525 
f 2370//2526 2379//2524 2601//2527 
f 2371//2528 2370//2526 2583//2529 
f 2376//2530 2371//2528 2595//2531 
f 2374//2532 2376//2530 2594//2533 
f 2375//2534 2374//2532 2609//2535 
f 2348//2536 2375//2534 2597//2537 
f 2319//2538 2348//2536 2596//2539 
f 2320//2540 2319//2538 2555//2541 
f 2283//2429 2320//2540 2539//2540 
f 2539//2540 2506//2429 2283//2429 
f 2555//2541 2539//2540 2320//2540 
f 2596//2539 2555//2541 2319//2538 
f 2597//2537 2596//2539 2348//2536 
f 2609//2535 2597//2537 2375//2534 
f 2594//2533 2609//2535 2374//2532 
f 2595//2531 2594//2533 2376//2530 
f 2583//2529 2595//2531 2371//2528 
f 2601//2527 2583//2529 2370//2526 
f 2602//2525 2601//2527 2379//2524 
f 2580//2523 2602//2525 2380//2522 
f 2581//2521 2580//2523 2377//2520 
f 2600//2519 2581//2521 2372//2518 
f 2554//2517 2600//2519 2327//2516 
f 2552//2515 2554//2517 2190//2514 
f 2553//2513 2552//2515 2192//2512 
f 2593//2511 2553//2513 2169//2510 
f 2591//2509 2593//2511 2168//2508 
f 2592//2507 2591//2509 2217//2506 
f 2608//2505 2592//2507 2298//2504 
f 2590//2503 2608//2505 2330//2502 
f 2572//2501 2590//2503 2331//2500 
f 2573//2499 2572//2501 2299//2498 
f 2434//2497 2573//2499 2257//2496 
f 2473//2495 2434//2497 2256//2494 
f 2538//2493 2473//2495 2333//2492 
f 2607//2491 2538//2493 2332//2490 
f 2383//2489 2607//2491 2334//2488 
f 2390//2487 2383//2489 2181//2486 
f 2460//2485 2390//2487 2154//2484 
f 2516//2483 2460//2485 2151//2482 
f 2514//2481 2516//2483 2363//2480 
f 2515//2479 2514//2481 2242//2478 
f 2482//2477 2515//2479 2187//2476 
f 2443//2475 2482//2477 2184//2474 
f 2444//2473 2443//2475 2352//2472 
f 2513//2471 2444//2473 2346//2470 
f 2480//2469 2513//2471 2345//2468 
f 2481//2467 2480//2469 2364//2466 
f 2479//2465 2481//2467 2354//2464 
f 2400//2463 2479//2465 2353//2462 
f 2401//2461 2400//2463 2355//2460 
f 2410//2459 2401//2461 2316//2458 
f 2397//2457 2410//2459 2315//2456 
f 2476//2455 2397//2457 2317//2454 
f 2578//2453 2476//2455 2357//2452 
f 2599//2451 2578//2453 2356//2450 
f 2611//2449 2599//2451 2365//2448 
f 2610//2447 2611//2449 2367//2446 
f 2576//2445 2610//2447 2366//2444 
f 2577//2443 2576//2445 2373//2442 
f 2598//2441 2577//2443 2359//2440 
f 2574//2439 2598//2441 2358//2438 
f 2575//2437 2574//2439 2368//2436 
f 2556//2435 2575//2437 2369//2434 
f 2540//2433 2556//2435 2244//2432 
f 2507//2431 2540//2433 2318//2430 
f 2506//2429 2507//2431 2208//2428 
o mesh72
f 2250//2542 2213//2543 2422//2543 
f 2292//2544 2250//2542 2421//2545 
f 2325//2546 2292//2544 2438//2547 
f 2326//2548 2325//2546 2475//2549 
f 2249//2550 2326//2548 2511//2551 
f 2211//2552 2249//2550 2510//2553 
f 2212//2554 2211//2552 2423//2555 
f 2291//2556 2212//2554 2408//2557 
f 2289//2558 2291//2556 2407//2559 
f 2290//2560 2289//2558 2439//2561 
f 2287//2562 2290//2560 2441//2563 
f 2288//2564 2287//2562 2440//2565 
f 2324//2566 2288//2564 2396//2567 
f 2286//2568 2324//2566 2395//2569 
f 2247//2570 2286//2568 2387//2571 
f 2248//2572 2247//2570 2386//2573 
f 2323//2574 2248//2572 2389//2575 
f 2322//2576 2323//2574 2388//2577 
f 2285//2578 2322//2576 2399//2579 
f 2349//2580 2285//2578 2398//2581 
f 2245//2582 2349//2580 2409//2583 
f 2246//2584 2245//2582 2442//2585 
f 2284//2586 2246//2584 2403//2587 
f 2321//2588 2284//2586 2402//2589 
f 2347//2590 2321//2588 2411//2591 
f 2243//2592 2347//2590 2424//2593 
f 2209//2594 2243//2592 2512//2595 
f 2210//2596 2209//2594 2478//2597 
f 2378//2598 2210//2596 2477//2599 
f 2328//2600 2378//2598 2505//2601 
f 2329//2602 2328//2600 2504//2603 
f 2350//2604 2329//2602 2582//2605 
f 2255//2606 2350//2604 2603//2607 
f 2218//2608 2255//2606 2579//2609 
f 2193//2610 2218//2608 2604//2611 
f 2194//2612 2193//2610 2584//2613 
f 2297//2614 2194//2612 2558//2615 
f 2216//2616 2297//2614 2557//2617 
f 2191//2618 2216//2616 2612//2619 
f 2254//2620 2191//2618 2605//2621 
f 2166//2622 2254//2620 2585//2623 
f 2167//2624 2166//2622 2606//2625 
f 2164//2626 2167//2624 2560//2627 
f 2165//2628 2164//2626 2559//2629 
f 2188//2630 2165//2628 2586//2631 
f 2189//2632 2188//2630 2587//2633 
f 2295//2634 2189//2632 2562//2635 
f 2296//2636 2295//2634 2561//2637 
f 2294//2638 2296//2636 2564//2639 
f 2214//2640 2294//2638 2563//2641 
f 2215//2642 2214//2640 2565//2643 
f 2253//2644 2215//2642 2509//2645 
f 2360//2646 2253//2644 2508//2647 
f 2361//2648 2360//2646 2541//2649 
f 2293//2650 2361//2648 2589//2651 
f 2251//2652 2293//2650 2588//2653 
f 2252//2654 2251//2652 2474//2655 
f 2213//2543 2252//2654 2437//2654 
f 2437//2654 2422//2543 2213//2543 
f 2474//2655 2437//2654 2252//2654 
f 2588//2653 2474//2655 2251//2652 
f 2589//2651 2588//2653 2293//2650 
f 2541//2649 2589//2651 2361//2648 
f 2508//2647 2541//2649 2360//2646 
f 2509//2645 2508//2647 2253//2644 
f 2565//2643 2509//2645 2215//2642 
f 2563//2641 2565//2643 2214//2640 
f 2564//2639 2563//2641 2294//2638 
f 2561//2637 2564//2639 2296//2636 
f 2562//2635 2561//2637 2295//2634 
f 2587//2633 2562//2635 2189//2632 
f 2586//2631 2587//2633 2188//2630 
f 2559//2629 2586//2631 2165//2628 
f 2560//2627 2559//2629 2164//2626 
f 2606//2625 2560//2627 2167//2624 
f 2585//2623 2606//2625 2166//2622 
f 2605//2621 2585//2623 2254//2620 
f 2612//2619 2605//2621 2191//2618 
f 2557//2617 2612//2619 2216//2616 
f 2558//2615 2557//2617 2297//2614 
f 2584//2613 2558//2615 2194//2612 
f 2604//2611 2584//2613 2193//2610 
f 2579//2609 2604//2611 2218//2608 
f 2603//2607 2579//2609 2255//2606 
f 2582//2605 2603//2607 2350//2604 
f 2504//2603 2582//2605 2329//2602 
f 2505//2601 2504//2603 2328//2600 
f 2477//2599 2505//2601 2378//2598 
f 2478//2597 2477//2599 2210//2596 
f 2512//2595 2478//2597 2209//2594 
f 2424//2593 2512//2595 2243//2592 
f 2411//2591 2424//2593 2347//2590 
f 2402//2589 2411//2591 2321//2588 
f 2403//2587 2402//2589 2284//2586 
f 2442//2585 2403//2587 2246//2584 
f 2409//2583 2442//2585 2245//2582 
f 2398//2581 2409//2583 2349//2580 
f 2399//2579 2398//2581 2285//2578 
f 2388//2577 2399//2579 2322//2576 
f 2389//2575 2388//2577 2323//2574 
f 2386//2573 2389//2575 2248//2572 
f 2387//2571 2386//2573 2247//2570 
f 2395//2569 2387//2571 2286//2568 
f 2396//2567 2395//2569 2324//2566 
f 2440//2565 2396//2567 2288//2564 
f 2441//2563 2440//2565 2287//2562 
f 2439//2561 2441//2563 2290//2560 
f 2407//2559 2439//2561 2289//2558 
f 2408//2557 2407//2559 2291//2556 
f 2423//2555 2408//2557 2212//2554 
f 2510//2553 2423//2555 2211//2552 
f 2511//2551 2510//2553 2249//2550 
f 2475//2549 2511//2551 2326//2548 
f 2438//2547 2475//2549 2325//2546 
f 2421//2545 2438//2547 2292//2544 
f 2422//2543 2421//2545 2250//2542 
g am-5883: Panel Sticker
v -0.333036 0.0473551 1.00466 
v -0.333021 0.0472428 1.00491 
v -0.333021 0.0474749 1.00501 
v -0.333081 0.047466 1.00441 
v -0.333036 0.0475871 1.00476 
v -0.333155 0.0475743 1.00416 
v -0.333081 0.0476981 1.00451 
v -0.333257 0.0476788 1.00393 
v -0.333155 0.0478064 1.00427 
v -0.333387 0.0477781 1.00371 
v -0.333257 0.0479108 1.00403 
v -0.333542 0.0478712 1.0035 
v -0.333387 0.0480101 1.00381 
v -0.333721 0.0479568 1.00331 
v -0.333542 0.0481032 1.0036 
v -0.333921 0.0480342 1.00313 
v -0.333721 0.0481889 1.00341 
v -0.334142 0.0481022 1.00298 
v -0.333921 0.0482662 1.00324 
v -0.334378 0.0481601 1.00285 
v -0.334142 0.0483342 1.00308 
v -0.334629 0.0482074 1.00274 
v -0.334378 0.0483922 1.00295 
v -0.334891 0.0482432 1.00266 
v -0.334629 0.0484394 1.00285 
v -0.335161 0.0482674 1.00261 
v -0.334891 0.0484753 1.00277 
v -0.335436 0.0482796 1.00258 
v -0.335161 0.0484995 1.00271 
v -0.335712 0.0482796 1.00258 
v -0.335436 0.0485116 1.00268 
v -0.335987 0.0482674 1.00261 
v -0.335712 0.0485116 1.00268 
v -0.336257 0.0482432 1.00266 
v -0.335987 0.0484995 1.00271 
v -0.336519 0.0482074 1.00274 
v -0.336257 0.0484753 1.00277 
v -0.33677 0.0481601 1.00285 
v -0.336519 0.0484394 1.00285 
v -0.337007 0.0481022 1.00298 
v -0.33677 0.0483922 1.00295 
v -0.337227 0.0480342 1.00313 
v -0.337007 0.0483342 1.00308 
v -0.337427 0.0479568 1.00331 
v -0.337227 0.0482662 1.00324 
v -0.337606 0.0478712 1.0035 
v -0.337427 0.0481889 1.00341 
v -0.337761 0.0477781 1.00371 
v -0.337606 0.0481032 1.0036 
v -0.337891 0.0476788 1.00393 
v -0.337761 0.0480101 1.00381 
v -0.337993 0.0475743 1.00416 
v -0.337891 0.0479108 1.00403 
v -0.338067 0.047466 1.00441 
v -0.337993 0.0478064 1.00427 
v -0.338112 0.0473551 1.00466 
v -0.338067 0.0476981 1.00451 
v -0.338127 0.0472428 1.00491 
v -0.338112 0.0475871 1.00476 
v -0.338112 0.0471306 1.00516 
v -0.338127 0.0474749 1.00501 
v -0.338067 0.0470196 1.00541 
v -0.338112 0.0473626 1.00526 
v -0.337993 0.0469113 1.00565 
v -0.338067 0.0472517 1.00551 
v -0.337891 0.0468069 1.00589 
v -0.337993 0.0471433 1.00576 
v -0.337761 0.0467075 1.00611 
v -0.337891 0.0470389 1.00599 
v -0.337606 0.0466145 1.00632 
v -0.337761 0.0469396 1.00621 
v -0.337427 0.0465288 1.00651 
v -0.337606 0.0468465 1.00642 
v -0.337227 0.0464515 1.00669 
v -0.337427 0.0467608 1.00662 
v -0.337007 0.0463834 1.00684 
v -0.337227 0.0466835 1.00679 
v -0.33677 0.0463255 1.00697 
v -0.337007 0.0466155 1.00694 
v -0.336519 0.0462783 1.00708 
v -0.33677 0.0465575 1.00707 
v -0.336257 0.0462424 1.00716 
v -0.336519 0.0465103 1.00718 
v -0.335987 0.0462182 1.00721 
v -0.336257 0.0464744 1.00726 
v -0.335712 0.0462061 1.00724 
v -0.335987 0.0464503 1.00731 
v -0.335436 0.0462061 1.00724 
v -0.335712 0.0464381 1.00734 
v -0.335161 0.0462182 1.00721 
v -0.335436 0.0464381 1.00734 
v -0.334891 0.0462424 1.00716 
v -0.335161 0.0464503 1.00731 
v -0.334629 0.0462783 1.00708 
v -0.334891 0.0464744 1.00726 
v -0.334378 0.0463255 1.00697 
v -0.334629 0.0465103 1.00718 
v -0.334142 0.0463834 1.00684 
v -0.334378 0.0465575 1.00707 
v -0.333921 0.0464515 1.00669 
v -0.334142 0.0466155 1.00694 
v -0.333721 0.0465288 1.00651 
v -0.333921 0.0466835 1.00679 
v -0.333542 0.0466145 1.00632 
v -0.333721 0.0467608 1.00662 
v -0.333387 0.0467075 1.00611 
v -0.333542 0.0468465 1.00642 
v -0.333257 0.0468069 1.00589 
v -0.333387 0.0469396 1.00621 
v -0.333155 0.0469113 1.00565 
v -0.333257 0.0470389 1.00599 
v -0.333081 0.0470196 1.00541 
v -0.333155 0.0471433 1.00576 
v -0.333036 0.0471306 1.00516 
v -0.333081 0.0472517 1.00551 
v -0.333036 0.0473626 1.00526 
v -0.338148 0.0424165 1.01637 
v -0.336868 0.0423362 1.01655 
v -0.342872 0.0432475 1.01451 
v -0.341776 0.0429671 1.01514 
v -0.340615 0.0427336 1.01566 
v -0.339401 0.0425494 1.01608 
v -0.335574 0.0423093 1.01661 
v 0.370653 0.102824 0.880695 
v 0.336634 0.0484753 1.00277 
v 0.336896 0.0484394 1.00285 
v -0.382461 0.102612 0.881174 
v -0.370277 0.102824 0.880695 
v -0.370552 0.102837 0.880668 
v -0.346398 0.0447729 1.01108 
v -0.345665 0.0443385 1.01206 
v -0.344827 0.0439368 1.01296 
v 0.333763 0.0469396 1.00621 
v 0.333634 0.0470389 1.00599 
v 0.335951 0.0423093 1.01661 
v 0.334518 0.0466155 1.00694 
v 0.334298 0.0466835 1.00679 
v 0.335813 0.0464381 1.00734 
v 0.335538 0.0464503 1.00731 
v 0.337244 0.0423362 1.01655 
v 0.336089 0.0464381 1.00734 
v 0.338524 0.0424165 1.01637 
v 0.336364 0.0464503 1.00731 
v 0.339778 0.0425494 1.01608 
v 0.336634 0.0464744 1.00726 
v 0.335813 0.0485116 1.00268 
v 0.370377 0.102824 0.880695 
v 0.370102 0.102837 0.880668 
v 0.337146 0.0483922 1.00295 
v 0.336089 0.0485116 1.00268 
v 0.336364 0.0484995 1.00271 
v -0.370822 0.102861 0.880614 
v -0.36772 0.10353 0.879111 
v -0.367822 0.103425 0.879346 
v -0.347897 0.0462252 1.00782 
v -0.34752 0.0457212 1.00895 
v -0.343893 0.0435718 1.01378 
v 0.334755 0.0465575 1.00707 
v 0.335268 0.0464744 1.00726 
v 0.335006 0.0465103 1.00718 
v 0.340991 0.0427336 1.01566 
v 0.336896 0.0465103 1.00718 
v 0.342152 0.0429671 1.01514 
v 0.337146 0.0465575 1.00707 
v 0.343249 0.0432475 1.01451 
v 0.337383 0.0466155 1.00694 
v 0.34427 0.0435718 1.01378 
v 0.337603 0.0466835 1.00679 
v 0.369832 0.102861 0.880614 
v 0.337804 0.0481889 1.00341 
v 0.337983 0.0481032 1.0036 
v 0.337383 0.0483342 1.00308 
v 0.338138 0.0480101 1.00381 
v 0.37146 0.102897 0.880533 
v 0.371198 0.102861 0.880614 
v 0.333413 0.0475871 1.00476 
v -0.371334 0.102944 0.880427 
v -0.371571 0.103002 0.880297 
v -0.371084 0.102897 0.880533 
v -0.368943 0.102944 0.880427 
v -0.369194 0.102897 0.880533 
v -0.347018 0.0452354 1.01004 
v 0.382838 0.102612 0.881174 
v 0.338267 0.0479108 1.00403 
v 0.36932 0.102944 0.880427 
v 0.369083 0.103002 0.880297 
v 0.36957 0.102897 0.880533 
v 0.337603 0.0482662 1.00324 
v 0.371711 0.102944 0.880427 
v 0.372168 0.10307 0.880144 
v 0.371948 0.103002 0.880297 
v 0.333398 0.0474749 1.00501 
v -0.370139 0.109027 0.866765 
v -0.37 0.102824 0.880695 
v -0.369456 0.102861 0.880614 
v -0.369726 0.102837 0.880668 
v -0.368706 0.103002 0.880297 
v 0.333532 0.0471433 1.00576 
v 0.334097 0.0467608 1.00662 
v 0.333919 0.0468465 1.00642 
v 0.345204 0.0439368 1.01296 
v 0.346042 0.0443385 1.01206 
v 0.337983 0.0468465 1.00642 
v 0.346775 0.0447729 1.01108 
v 0.338138 0.0469396 1.00621 
v 0.348273 0.0462252 1.00782 
v 0.370928 0.102837 0.880668 
v 0.333532 0.0478064 1.00427 
v 0.333634 0.0479108 1.00403 
v 0.333458 0.0476981 1.00451 
v 0.333763 0.0480101 1.00381 
v -0.371992 0.103147 0.879971 
v -0.372171 0.103233 0.879778 
v -0.367951 0.103326 0.879569 
v -0.368106 0.103233 0.879778 
v 0.333458 0.0472517 1.00551 
v 0.333413 0.0473626 1.00526 
v 0.337804 0.0467608 1.00662 
v 0.347395 0.0452354 1.01004 
v 0.338267 0.0470389 1.00599 
v 0.347896 0.0457212 1.00895 
v 0.33837 0.0471433 1.00576 
v 0.338444 0.0476981 1.00451 
v 0.338488 0.0475871 1.00476 
v 0.33837 0.0478064 1.00427 
v 0.370515 0.109027 0.866765 
v 0.369832 0.104862 0.87612 
v 0.370102 0.104886 0.876066 
v 0.334755 0.0483922 1.00295 
v 0.335006 0.0484394 1.00285 
v 0.334298 0.0482662 1.00324 
v 0.334518 0.0483342 1.00308 
v 0.333919 0.0481032 1.0036 
v -0.371791 0.10307 0.880144 
v -0.368285 0.103147 0.879971 
v 0.338444 0.0472517 1.00551 
v 0.368662 0.103147 0.879971 
v 0.368483 0.103233 0.879778 
v 0.36957 0.104826 0.8762 
v 0.335268 0.0484753 1.00277 
v 0.335538 0.0484995 1.00271 
v -0.368486 0.10307 0.880144 
v 0.338503 0.0474749 1.00501 
v 0.338488 0.0473626 1.00526 
v 0.368863 0.10307 0.880144 
v 0.372703 0.103326 0.879569 
v 0.372547 0.103233 0.879778 
v 0.373207 0.108909 0.867028 
v 0.370928 0.104886 0.876066 
v 0.371198 0.104862 0.87612 
v 0.371869 0.108997 0.866831 
v 0.370653 0.104898 0.876038 
v -0.371492 0.108997 0.866831 
v -0.37283 0.108909 0.867028 
v -0.370552 0.104886 0.876066 
v -0.374138 0.108764 0.867355 
v -0.370822 0.104862 0.87612 
v 0.36932 0.104778 0.876306 
v 0.368863 0.104653 0.876589 
v 0.369083 0.104721 0.876437 
v 0.368328 0.104396 0.877165 
v 0.368483 0.10449 0.876956 
v 0.367978 0.103973 0.878115 
v 0.368022 0.104084 0.877866 
v 0.368096 0.10353 0.879111 
v 0.368022 0.103638 0.878868 
v 0.334097 0.0481889 1.00341 
v -0.372326 0.103326 0.879569 
v -0.372455 0.103425 0.879346 
v 0.372369 0.103147 0.879971 
v 0.374514 0.108764 0.867355 
v 0.37146 0.104826 0.8762 
v -0.375399 0.108563 0.867807 
v -0.371084 0.104826 0.8762 
v 0.368662 0.104575 0.876763 
v 0.367963 0.103861 0.878367 
v 0.367978 0.103749 0.878619 
v 0.368328 0.103326 0.879569 
v 0.368199 0.103425 0.879346 
v 0.378106 0.108002 0.869065 
v 0.371948 0.104721 0.876437 
v 0.372168 0.104653 0.876589 
v 0.376978 0.108308 0.868379 
v 0.371711 0.104778 0.876306 
v 0.375776 0.108563 0.867807 
v -0.37 0.104898 0.876038 
v -0.369726 0.104886 0.876066 
v -0.376601 0.108308 0.868379 
v -0.371334 0.104778 0.876306 
v -0.37773 0.108002 0.869065 
v -0.371571 0.104721 0.876437 
v -0.378771 0.10765 0.869857 
v -0.371791 0.104653 0.876589 
v -0.379715 0.107254 0.870746 
v -0.380549 0.10682 0.871722 
v -0.372171 0.10449 0.876956 
v -0.381265 0.106352 0.872773 
v -0.372326 0.104396 0.877165 
v 0.368096 0.104193 0.877622 
v 0.368199 0.104297 0.877388 
v 0.372934 0.10353 0.879111 
v 0.372832 0.103425 0.879346 
v 0.383095 0.103153 0.879958 
v 0.373053 0.103749 0.878619 
v 0.373008 0.103638 0.878868 
v 0.383004 0.1048 0.876258 
v 0.373008 0.104084 0.877866 
v 0.373053 0.103973 0.878115 
v 0.382687 0.105336 0.875055 
v 0.372934 0.104193 0.877622 
v 0.380926 0.10682 0.871722 
v 0.372547 0.10449 0.876956 
v 0.372703 0.104396 0.877165 
v 0.380092 0.107254 0.870746 
v 0.372369 0.104575 0.876763 
v -0.36772 0.104193 0.877622 
v -0.367646 0.104084 0.877866 
v -0.369456 0.104862 0.87612 
v -0.371992 0.104575 0.876763 
v -0.38231 0.105336 0.875055 
v -0.382627 0.1048 0.876258 
v -0.372632 0.104084 0.877866 
v -0.382802 0.104253 0.877486 
v -0.372676 0.103973 0.878115 
v -0.382719 0.103153 0.879958 
v -0.372632 0.103638 0.878868 
v -0.372558 0.10353 0.879111 
v 0.383209 0.103702 0.878724 
v 0.373068 0.103861 0.878367 
v 0.383179 0.104253 0.877486 
v 0.379148 0.10765 0.869857 
v 0.370377 0.104898 0.876038 
v -0.367601 0.103973 0.878115 
v -0.368943 0.104778 0.876306 
v -0.368706 0.104721 0.876437 
v -0.369194 0.104826 0.8762 
v -0.381854 0.105855 0.873888 
v -0.372455 0.104297 0.877388 
v -0.372558 0.104193 0.877622 
v -0.382833 0.103702 0.878724 
v -0.372691 0.103861 0.878367 
v -0.372676 0.103749 0.878619 
v 0.382231 0.105855 0.873888 
v 0.372832 0.104297 0.877388 
v 0.381642 0.106352 0.872773 
v -0.368285 0.104575 0.876763 
v -0.368106 0.10449 0.876956 
v -0.370277 0.104898 0.876038 
v -0.367601 0.103749 0.878619 
v -0.367646 0.103638 0.878868 
v -0.368486 0.104653 0.876589 
v -0.367586 0.103861 0.878367 
v -0.367951 0.104396 0.877165 
v -0.367822 0.104297 0.877388 
v -0.370277 0.102592 0.880592 
v 0.368096 0.103298 0.879008 
v 0.335268 0.0482432 1.00266 
v 0.335006 0.0482074 1.00274 
v 0.336634 0.0482432 1.00266 
v 0.336364 0.0482674 1.00261 
v 0.370515 0.108795 0.866662 
v 0.370377 0.104666 0.875935 
v 0.370102 0.104654 0.875962 
v 0.371869 0.108765 0.866728 
v 0.373207 0.108677 0.866925 
v 0.370928 0.104654 0.875962 
v 0.374514 0.108532 0.867252 
v 0.371198 0.10463 0.876017 
v -0.369726 0.102605 0.880565 
v -0.335574 0.0420773 1.01651 
v 0.334755 0.0481601 1.00285 
v 0.334518 0.0481022 1.00298 
v 0.335813 0.0482796 1.00258 
v 0.335538 0.0482674 1.00261 
v 0.336089 0.0482796 1.00258 
v 0.337603 0.0480342 1.00313 
v 0.337383 0.0481022 1.00298 
v 0.369832 0.10463 0.876017 
v 0.375776 0.108331 0.867704 
v 0.37146 0.104594 0.876097 
v -0.37 0.102592 0.880592 
v 0.337146 0.0481601 1.00285 
v 0.337983 0.0478712 1.0035 
v 0.368199 0.103193 0.879243 
v 0.36932 0.104546 0.876203 
v 0.369083 0.104488 0.876333 
v 0.36957 0.104594 0.876097 
v 0.376978 0.108076 0.868276 
v 0.371711 0.104546 0.876203 
v 0.378106 0.10777 0.868962 
v 0.371948 0.104488 0.876333 
v 0.379148 0.107418 0.869754 
v 0.372168 0.10442 0.876486 
v -0.347897 0.0459932 1.00772 
v -0.369456 0.102629 0.880511 
v -0.374138 0.108532 0.867252 
v -0.370822 0.10463 0.876017 
v -0.371084 0.104594 0.876097 
v -0.370277 0.104666 0.875935 
v -0.370552 0.104654 0.875962 
v 0.334097 0.0479568 1.00331 
v 0.333919 0.0478712 1.0035 
v 0.336896 0.0482074 1.00274 
v 0.338138 0.0477781 1.00371 
v 0.370653 0.104666 0.875935 
v -0.339401 0.0423174 1.01597 
v -0.340615 0.0425016 1.01556 
v -0.341776 0.042735 1.01503 
v -0.342872 0.0430154 1.0144 
v -0.343893 0.0433398 1.01368 
v -0.368943 0.102712 0.880324 
v -0.368706 0.10277 0.880194 
v -0.369194 0.102665 0.88043 
v -0.37773 0.10777 0.868962 
v -0.371571 0.104488 0.876333 
v -0.371791 0.10442 0.876486 
v -0.376601 0.108076 0.868276 
v -0.371334 0.104546 0.876203 
v -0.375399 0.108331 0.867704 
v -0.369456 0.10463 0.876017 
v -0.369726 0.104654 0.875962 
v 0.333763 0.0477781 1.00371 
v 0.333634 0.0476788 1.00393 
v 0.334298 0.0480342 1.00313 
v 0.368328 0.103094 0.879466 
v 0.348273 0.0459932 1.00772 
v 0.338267 0.0476788 1.00393 
v -0.36772 0.103961 0.877519 
v 0.368662 0.104343 0.87666 
v 0.368483 0.104257 0.876852 
v 0.368863 0.10442 0.876486 
v 0.380092 0.107022 0.870643 
v 0.380926 0.106588 0.871619 
v 0.372547 0.104257 0.876852 
v 0.381642 0.10612 0.87267 
v 0.372703 0.104164 0.877061 
v -0.336868 0.0421041 1.01645 
v -0.338148 0.0421844 1.01627 
v -0.344827 0.0437047 1.01286 
v -0.345665 0.0441065 1.01195 
v -0.346398 0.0445409 1.01098 
v -0.347018 0.0450034 1.00994 
v -0.34752 0.0454891 1.00885 
v -0.369194 0.104594 0.876097 
v 0.335951 0.0420773 1.01651 
v 0.334755 0.0463255 1.00697 
v 0.335006 0.0462783 1.00708 
v 0.334298 0.0464515 1.00669 
v 0.334518 0.0463834 1.00684 
v 0.36932 0.102712 0.880324 
v 0.36957 0.102665 0.88043 
v 0.368483 0.103001 0.879675 
v 0.333458 0.047466 1.00441 
v 0.333413 0.0473551 1.00466 
v 0.333532 0.0475743 1.00416 
v 0.337804 0.0479568 1.00331 
v 0.33837 0.0475743 1.00416 
v 0.343249 0.0430154 1.0144 
v 0.337383 0.0463834 1.00684 
v 0.337603 0.0464515 1.00669 
v 0.342152 0.042735 1.01503 
v 0.337146 0.0463255 1.00697 
v 0.340991 0.0425016 1.01556 
v 0.336896 0.0462783 1.00708 
v 0.339778 0.0423174 1.01597 
v 0.336634 0.0462424 1.00716 
v 0.338524 0.0421844 1.01627 
v 0.336364 0.0462182 1.00721 
v 0.337244 0.0421041 1.01645 
v 0.336089 0.0462061 1.00724 
v 0.367978 0.103517 0.878516 
v -0.36772 0.103298 0.879008 
v -0.367646 0.103406 0.878765 
v -0.367601 0.103741 0.878011 
v 0.368096 0.103961 0.877519 
v 0.368022 0.103852 0.877762 
v 0.372369 0.104343 0.87666 
v -0.368285 0.102915 0.879867 
v -0.368106 0.103001 0.879675 
v -0.368486 0.102838 0.880041 
v -0.380549 0.106588 0.871619 
v -0.372171 0.104257 0.876852 
v -0.372326 0.104164 0.877061 
v -0.379715 0.107022 0.870643 
v -0.371992 0.104343 0.87666 
v -0.368943 0.104546 0.876203 
v -0.368486 0.10442 0.876486 
v -0.368706 0.104488 0.876333 
v 0.335268 0.0462424 1.00716 
v 0.335538 0.0462182 1.00721 
v 0.333763 0.0467075 1.00611 
v 0.333919 0.0466145 1.00632 
v 0.333458 0.0470196 1.00541 
v 0.333532 0.0469113 1.00565 
v 0.333413 0.0471306 1.00516 
v 0.369832 0.102629 0.880511 
v 0.370102 0.102605 0.880565 
v 0.369083 0.10277 0.880194 
v 0.368662 0.102915 0.879867 
v 0.338444 0.047466 1.00441 
v 0.338503 0.0472428 1.00491 
v 0.338488 0.0473551 1.00466 
v 0.347896 0.0454891 1.00885 
v 0.347395 0.0450034 1.00994 
v 0.338267 0.0468069 1.00589 
v 0.346775 0.0445409 1.01098 
v 0.338138 0.0467075 1.00611 
v 0.346042 0.0441065 1.01195 
v 0.337983 0.0466145 1.00632 
v 0.345204 0.0437047 1.01286 
v 0.337804 0.0465288 1.00651 
v 0.335813 0.0462061 1.00724 
v 0.367963 0.103629 0.878264 
v -0.367586 0.103629 0.878264 
v -0.378771 0.107418 0.869754 
v -0.37 0.104666 0.875935 
v 0.334097 0.0465288 1.00651 
v 0.333634 0.0468069 1.00589 
v 0.333398 0.0472428 1.00491 
v 0.368863 0.102838 0.880041 
v 0.33837 0.0469113 1.00565 
v 0.34427 0.0433398 1.01368 
v 0.368022 0.103406 0.878765 
v -0.367601 0.103517 0.878516 
v -0.367646 0.103852 0.877762 
v 0.367978 0.103741 0.878011 
v 0.368328 0.104164 0.877061 
v 0.368199 0.104065 0.877284 
v 0.382231 0.105623 0.873785 
v 0.372832 0.104065 0.877284 
v 0.382687 0.105104 0.874951 
v 0.372934 0.103961 0.877519 
v -0.367951 0.103094 0.879466 
v -0.367822 0.103193 0.879243 
v 0.382838 0.102379 0.88107 
v 0.370653 0.102592 0.880592 
v 0.370928 0.102605 0.880565 
v -0.371084 0.102665 0.88043 
v -0.370822 0.102629 0.880511 
v -0.367951 0.104164 0.877061 
v -0.368106 0.104257 0.876852 
v -0.367822 0.104065 0.877284 
v 0.338444 0.0470196 1.00541 
v 0.338488 0.0471306 1.00516 
v 0.371198 0.102629 0.880511 
v -0.371334 0.102712 0.880324 
v -0.382461 0.102379 0.88107 
v -0.371791 0.102838 0.880041 
v -0.371571 0.10277 0.880194 
v -0.382719 0.102921 0.879855 
v -0.372676 0.103517 0.878516 
v -0.372632 0.103406 0.878765 
v -0.382627 0.104568 0.876155 
v -0.372632 0.103852 0.877762 
v -0.372676 0.103741 0.878011 
v -0.38231 0.105104 0.874951 
v -0.372558 0.103961 0.877519 
v -0.381854 0.105623 0.873785 
v -0.372455 0.104065 0.877284 
v -0.381265 0.10612 0.87267 
v -0.368285 0.104343 0.87666 
v -0.371492 0.108765 0.866728 
v -0.370139 0.108795 0.866662 
v 0.383004 0.104568 0.876155 
v 0.373008 0.103852 0.877762 
v 0.383179 0.104021 0.877383 
v 0.373053 0.103741 0.878011 
v 0.383095 0.102921 0.879855 
v 0.373008 0.103406 0.878765 
v 0.371711 0.102712 0.880324 
v 0.371948 0.10277 0.880194 
v 0.37146 0.102665 0.88043 
v -0.370552 0.102605 0.880565 
v -0.372326 0.103094 0.879466 
v -0.372171 0.103001 0.879675 
v -0.382833 0.10347 0.878621 
v -0.372691 0.103629 0.878264 
v -0.382802 0.104021 0.877383 
v -0.37283 0.108677 0.866925 
v 0.370377 0.102592 0.880592 
v 0.383209 0.10347 0.878621 
v 0.373068 0.103629 0.878264 
v 0.373053 0.103517 0.878516 
v 0.372934 0.103298 0.879008 
v 0.372369 0.102915 0.879867 
v 0.372547 0.103001 0.879675 
v -0.371992 0.102915 0.879867 
v 0.372168 0.102838 0.880041 
v -0.372558 0.103298 0.879008 
v -0.372455 0.103193 0.879243 
v 0.372703 0.103094 0.879466 
v 0.372832 0.103193 0.879243 
vn -0.994138 -0.043976 0.0987716 
vn -1 1.62891e-15 -5.45968e-15 
vn -0.976621 -0.0874364 0.196385 
vn -0.994138 -0.043976 0.0987716 
vn -0.947653 -0.129872 0.291696 
vn -0.976621 -0.0874364 0.196385 
vn -0.907575 -0.170784 0.383588 
vn -0.947653 -0.129872 0.291696 
vn -0.856857 -0.209695 0.470982 
vn -0.907575 -0.170784 0.383588 
vn -0.796093 -0.246147 0.552854 
vn -0.856857 -0.209695 0.470982 
vn -0.725995 -0.279713 0.628245 
vn -0.796093 -0.246147 0.552854 
vn -0.647386 -0.309999 0.69627 
vn -0.725995 -0.279713 0.628245 
vn -0.561187 -0.336651 0.756132 
vn -0.647386 -0.309999 0.69627 
vn -0.468408 -0.359357 0.807128 
vn -0.561187 -0.336651 0.756132 
vn -0.370138 -0.377849 0.848662 
vn -0.468408 -0.359357 0.807128 
vn -0.267528 -0.391911 0.880247 
vn -0.370138 -0.377849 0.848662 
vn -0.161782 -0.401379 0.901511 
vn -0.267528 -0.391911 0.880247 
vn -0.0541389 -0.40614 0.912206 
vn -0.161782 -0.401379 0.901511 
vn 0.0541389 -0.40614 0.912206 
vn -0.0541389 -0.40614 0.912206 
vn 0.161782 -0.401379 0.901511 
vn 0.0541389 -0.40614 0.912206 
vn 0.267528 -0.391911 0.880247 
vn 0.161782 -0.401379 0.901511 
vn 0.370138 -0.377849 0.848662 
vn 0.267528 -0.391911 0.880247 
vn 0.468408 -0.359357 0.807128 
vn 0.370138 -0.377849 0.848662 
vn 0.561187 -0.336651 0.756132 
vn 0.468408 -0.359357 0.807128 
vn 0.647386 -0.309999 0.69627 
vn 0.561187 -0.336651 0.756132 
vn 0.725995 -0.279713 0.628245 
vn 0.647386 -0.309999 0.69627 
vn 0.796093 -0.246147 0.552854 
vn 0.725995 -0.279713 0.628245 
vn 0.856857 -0.209695 0.470982 
vn 0.796093 -0.246147 0.552854 
vn 0.907575 -0.170784 0.383588 
vn 0.856857 -0.209695 0.470982 
vn 0.947653 -0.129872 0.291696 
vn 0.907575 -0.170784 0.383588 
vn 0.976621 -0.0874364 0.196385 
vn 0.947653 -0.129872 0.291696 
vn 0.994138 -0.043976 0.0987716 
vn 0.976621 -0.0874364 0.196385 
vn 1 -1.67872e-15 5.57156e-15 
vn 0.994138 -0.043976 0.0987716 
vn 0.994138 0.043976 -0.0987716 
vn 1 -1.67872e-15 5.57156e-15 
vn 0.976621 0.0874364 -0.196385 
vn 0.994138 0.043976 -0.0987716 
vn 0.947653 0.129872 -0.291696 
vn 0.976621 0.0874364 -0.196385 
vn 0.907575 0.170784 -0.383588 
vn 0.947653 0.129872 -0.291696 
vn 0.856857 0.209695 -0.470982 
vn 0.907575 0.170784 -0.383588 
vn 0.796093 0.246147 -0.552854 
vn 0.856857 0.209695 -0.470982 
vn 0.725995 0.279713 -0.628245 
vn 0.796093 0.246147 -0.552854 
vn 0.647386 0.309999 -0.69627 
vn 0.725995 0.279713 -0.628245 
vn 0.561187 0.336651 -0.756132 
vn 0.647386 0.309999 -0.69627 
vn 0.468408 0.359357 -0.807128 
vn 0.561187 0.336651 -0.756132 
vn 0.370138 0.377849 -0.848662 
vn 0.468408 0.359357 -0.807128 
vn 0.267528 0.391911 -0.880247 
vn 0.370138 0.377849 -0.848662 
vn 0.161782 0.401379 -0.901511 
vn 0.267528 0.391911 -0.880247 
vn 0.0541389 0.40614 -0.912206 
vn 0.161782 0.401379 -0.901511 
vn -0.0541389 0.40614 -0.912206 
vn 0.0541389 0.40614 -0.912206 
vn -0.161782 0.401379 -0.901511 
vn -0.0541389 0.40614 -0.912206 
vn -0.267528 0.391911 -0.880247 
vn -0.161782 0.401379 -0.901511 
vn -0.370138 0.377849 -0.848662 
vn -0.267528 0.391911 -0.880247 
vn -0.468408 0.359357 -0.807128 
vn -0.370138 0.377849 -0.848662 
vn -0.561187 0.336651 -0.756132 
vn -0.468408 0.359357 -0.807128 
vn -0.647386 0.309999 -0.69627 
vn -0.561187 0.336651 -0.756132 
vn -0.725995 0.279713 -0.628245 
vn -0.647386 0.309999 -0.69627 
vn -0.796093 0.246147 -0.552854 
vn -0.725995 0.279713 -0.628245 
vn -0.856857 0.209695 -0.470982 
vn -0.796093 0.246147 -0.552854 
vn -0.907575 0.170784 -0.383588 
vn -0.856857 0.209695 -0.470982 
vn -0.947653 0.129872 -0.291696 
vn -0.907575 0.170784 -0.383588 
vn -0.976621 0.0874364 -0.196385 
vn -0.947653 0.129872 -0.291696 
vn -0.994138 0.043976 -0.0987716 
vn -0.976621 0.0874364 -0.196385 
vn -7.32572e-16 0.913545 0.406737 
vn 7.32572e-16 -0.913545 -0.406737 
vn 5.71143e-15 0.406737 -0.913545 
vn 0.10657 0.40442 -0.908343 
vn 0.211927 0.397498 -0.892795 
vn 0.31487 0.386048 -0.867078 
vn 0.414226 0.370201 -0.831485 
vn 0.508865 0.350138 -0.786422 
vn 0.597707 0.326087 -0.732402 
vn 0.679743 0.298321 -0.670041 
vn 0.754036 0.267158 -0.600047 
vn 0.81974 0.232952 -0.52322 
vn 0.876109 0.196093 -0.440433 
vn 0.922498 0.157001 -0.352629 
vn 0.958381 0.11612 -0.26081 
vn 0.983348 0.0739166 -0.166019 
vn 0.997115 0.0308713 -0.0693382 
vn 0.999526 -0.0125255 0.0281327 
vn 0.990552 -0.0557796 0.125283 
vn 0.970296 -0.0983985 0.221007 
vn -5.77469e-15 -0.406737 0.913545 
vn 5.78743e-15 0.406737 -0.913545 
vn -0.970296 -0.0983985 0.221007 
vn -5.8339e-15 -0.406737 0.913545 
vn -0.101858 -0.404621 0.908794 
vn -0.202656 -0.398297 0.894589 
vn -0.301346 -0.387829 0.871079 
vn -0.396901 -0.373328 0.838508 
vn -0.488328 -0.354943 0.797215 
vn -0.574676 -0.332866 0.747628 
vn -0.655045 -0.307326 0.690266 
vn -0.728601 -0.27859 0.625722 
vn -0.794578 -0.246955 0.554671 
vn -0.852289 -0.212752 0.477849 
vn -0.901135 -0.176336 0.396057 
vn -0.940608 -0.138085 0.310145 
vn -0.970296 -0.0983985 0.221007 
vn 0.970296 -0.0983985 0.221007 
vn 0.940608 -0.138085 0.310145 
vn 0.901135 -0.176336 0.396057 
vn 0.852289 -0.212752 0.477849 
vn 0.794578 -0.246955 0.554671 
vn 0.728601 -0.27859 0.625722 
vn 0.655045 -0.307326 0.690266 
vn 0.574676 -0.332866 0.747628 
vn 0.488328 -0.354943 0.797215 
vn 0.396901 -0.373328 0.838508 
vn 0.301346 -0.387829 0.871079 
vn 0.202656 -0.398297 0.894589 
vn 0.101858 -0.404621 0.908794 
vn -5.8339e-15 -0.406737 0.913545 
vn -0.970296 -0.0983985 0.221007 
vn -0.990552 -0.0557796 0.125283 
vn -0.999526 -0.0125255 0.0281327 
vn -0.997115 0.0308713 -0.0693382 
vn -0.983348 0.0739166 -0.166019 
vn -0.958381 0.11612 -0.26081 
vn -0.922498 0.157001 -0.352629 
vn -0.876109 0.196093 -0.440433 
vn -0.81974 0.232952 -0.52322 
vn -0.754036 0.267158 -0.600047 
vn -0.679743 0.298321 -0.670041 
vn -0.597707 0.326087 -0.732402 
vn -0.508865 0.350138 -0.786422 
vn -0.414226 0.370201 -0.831485 
vn -0.31487 0.386048 -0.867078 
vn -0.211927 0.397498 -0.892795 
vn -0.10657 0.40442 -0.908343 
vn 5.71143e-15 0.406737 -0.913545 
vn -0.994138 -0.043976 0.0987716 
vn -1 1.62891e-15 -5.45968e-15 
vn -0.976621 -0.0874364 0.196385 
vn -0.994138 -0.043976 0.0987716 
vn -0.947653 -0.129872 0.291696 
vn -0.976621 -0.0874364 0.196385 
vn -0.907575 -0.170784 0.383588 
vn -0.947653 -0.129872 0.291696 
vn -0.856857 -0.209695 0.470982 
vn -0.907575 -0.170784 0.383588 
vn -0.796093 -0.246147 0.552854 
vn -0.856857 -0.209695 0.470982 
vn -0.725995 -0.279713 0.628245 
vn -0.796093 -0.246147 0.552854 
vn -0.647386 -0.309999 0.69627 
vn -0.725995 -0.279713 0.628245 
vn -0.561187 -0.336651 0.756132 
vn -0.647386 -0.309999 0.69627 
vn -0.468408 -0.359357 0.807128 
vn -0.561187 -0.336651 0.756132 
vn -0.370138 -0.377849 0.848662 
vn -0.468408 -0.359357 0.807128 
vn -0.267528 -0.391911 0.880247 
vn -0.370138 -0.377849 0.848662 
vn -0.161782 -0.401379 0.901511 
vn -0.267528 -0.391911 0.880247 
vn -0.0541389 -0.40614 0.912206 
vn -0.161782 -0.401379 0.901511 
vn 0.0541389 -0.40614 0.912206 
vn -0.0541389 -0.40614 0.912206 
vn 0.161782 -0.401379 0.901511 
vn 0.0541389 -0.40614 0.912206 
vn 0.267528 -0.391911 0.880247 
vn 0.161782 -0.401379 0.901511 
vn 0.370138 -0.377849 0.848662 
vn 0.267528 -0.391911 0.880247 
vn 0.468408 -0.359357 0.807128 
vn 0.370138 -0.377849 0.848662 
vn 0.561187 -0.336651 0.756132 
vn 0.468408 -0.359357 0.807128 
vn 0.647386 -0.309999 0.69627 
vn 0.561187 -0.336651 0.756132 
vn 0.725995 -0.279713 0.628245 
vn 0.647386 -0.309999 0.69627 
vn 0.796093 -0.246147 0.552854 
vn 0.725995 -0.279713 0.628245 
vn 0.856857 -0.209695 0.470982 
vn 0.796093 -0.246147 0.552854 
vn 0.907575 -0.170784 0.383588 
vn 0.856857 -0.209695 0.470982 
vn 0.947653 -0.129872 0.291696 
vn 0.907575 -0.170784 0.383588 
vn 0.976621 -0.0874364 0.196385 
vn 0.947653 -0.129872 0.291696 
vn 0.994138 -0.043976 0.0987716 
vn 0.976621 -0.0874364 0.196385 
vn 1 -1.67872e-15 5.57156e-15 
vn 0.994138 -0.043976 0.0987716 
vn 0.994138 0.043976 -0.0987716 
vn 1 -1.67872e-15 5.57156e-15 
vn 0.976621 0.0874364 -0.196385 
vn 0.994138 0.043976 -0.0987716 
vn 0.947653 0.129872 -0.291696 
vn 0.976621 0.0874364 -0.196385 
vn 0.907575 0.170784 -0.383588 
vn 0.947653 0.129872 -0.291696 
vn 0.856857 0.209695 -0.470982 
vn 0.907575 0.170784 -0.383588 
vn 0.796093 0.246147 -0.552854 
vn 0.856857 0.209695 -0.470982 
vn 0.725995 0.279713 -0.628245 
vn 0.796093 0.246147 -0.552854 
vn 0.647386 0.309999 -0.69627 
vn 0.725995 0.279713 -0.628245 
vn 0.561187 0.336651 -0.756132 
vn 0.647386 0.309999 -0.69627 
vn 0.468408 0.359357 -0.807128 
vn 0.561187 0.336651 -0.756132 
vn 0.370138 0.377849 -0.848662 
vn 0.468408 0.359357 -0.807128 
vn 0.267528 0.391911 -0.880247 
vn 0.370138 0.377849 -0.848662 
vn 0.161782 0.401379 -0.901511 
vn 0.267528 0.391911 -0.880247 
vn 0.0541389 0.40614 -0.912206 
vn 0.161782 0.401379 -0.901511 
vn -0.0541389 0.40614 -0.912206 
vn 0.0541389 0.40614 -0.912206 
vn -0.161782 0.401379 -0.901511 
vn -0.0541389 0.40614 -0.912206 
vn -0.267528 0.391911 -0.880247 
vn -0.161782 0.401379 -0.901511 
vn -0.370138 0.377849 -0.848662 
vn -0.267528 0.391911 -0.880247 
vn -0.468408 0.359357 -0.807128 
vn -0.370138 0.377849 -0.848662 
vn -0.561187 0.336651 -0.756132 
vn -0.468408 0.359357 -0.807128 
vn -0.647386 0.309999 -0.69627 
vn -0.561187 0.336651 -0.756132 
vn -0.725995 0.279713 -0.628245 
vn -0.647386 0.309999 -0.69627 
vn -0.796093 0.246147 -0.552854 
vn -0.725995 0.279713 -0.628245 
vn -0.856857 0.209695 -0.470982 
vn -0.796093 0.246147 -0.552854 
vn -0.907575 0.170784 -0.383588 
vn -0.856857 0.209695 -0.470982 
vn -0.947653 0.129872 -0.291696 
vn -0.907575 0.170784 -0.383588 
vn -0.976621 0.0874364 -0.196385 
vn -0.947653 0.129872 -0.291696 
vn -0.994138 0.043976 -0.0987716 
vn -0.976621 0.0874364 -0.196385 
vn -0.994138 -0.043976 0.0987716 
vn -1 1.62891e-15 -5.45968e-15 
vn -0.976621 -0.0874364 0.196385 
vn -0.994138 -0.043976 0.0987716 
vn -0.947653 -0.129872 0.291696 
vn -0.976621 -0.0874364 0.196385 
vn -0.907575 -0.170784 0.383588 
vn -0.947653 -0.129872 0.291696 
vn -0.856857 -0.209695 0.470982 
vn -0.907575 -0.170784 0.383588 
vn -0.796093 -0.246147 0.552854 
vn -0.856857 -0.209695 0.470982 
vn -0.725995 -0.279713 0.628245 
vn -0.796093 -0.246147 0.552854 
vn -0.647386 -0.309999 0.69627 
vn -0.725995 -0.279713 0.628245 
vn -0.561187 -0.336651 0.756132 
vn -0.647386 -0.309999 0.69627 
vn -0.468408 -0.359357 0.807128 
vn -0.561187 -0.336651 0.756132 
vn -0.370138 -0.377849 0.848662 
vn -0.468408 -0.359357 0.807128 
vn -0.267528 -0.391911 0.880247 
vn -0.370138 -0.377849 0.848662 
vn -0.161782 -0.401379 0.901511 
vn -0.267528 -0.391911 0.880247 
vn -0.0541389 -0.40614 0.912206 
vn -0.161782 -0.401379 0.901511 
vn 0.0541389 -0.40614 0.912206 
vn -0.0541389 -0.40614 0.912206 
vn 0.161782 -0.401379 0.901511 
vn 0.0541389 -0.40614 0.912206 
vn 0.267528 -0.391911 0.880247 
vn 0.161782 -0.401379 0.901511 
vn 0.370138 -0.377849 0.848662 
vn 0.267528 -0.391911 0.880247 
vn 0.468408 -0.359357 0.807128 
vn 0.370138 -0.377849 0.848662 
vn 0.561187 -0.336651 0.756132 
vn 0.468408 -0.359357 0.807128 
vn 0.647386 -0.309999 0.69627 
vn 0.561187 -0.336651 0.756132 
vn 0.725995 -0.279713 0.628245 
vn 0.647386 -0.309999 0.69627 
vn 0.796093 -0.246147 0.552854 
vn 0.725995 -0.279713 0.628245 
vn 0.856857 -0.209695 0.470982 
vn 0.796093 -0.246147 0.552854 
vn 0.907575 -0.170784 0.383588 
vn 0.856857 -0.209695 0.470982 
vn 0.947653 -0.129872 0.291696 
vn 0.907575 -0.170784 0.383588 
vn 0.976621 -0.0874364 0.196385 
vn 0.947653 -0.129872 0.291696 
vn 0.994138 -0.043976 0.0987716 
vn 0.976621 -0.0874364 0.196385 
vn 1 -1.67872e-15 5.57156e-15 
vn 0.994138 -0.043976 0.0987716 
vn 0.994138 0.043976 -0.0987716 
vn 1 -1.67872e-15 5.57156e-15 
vn 0.976621 0.0874364 -0.196385 
vn 0.994138 0.043976 -0.0987716 
vn 0.947653 0.129872 -0.291696 
vn 0.976621 0.0874364 -0.196385 
vn 0.907575 0.170784 -0.383588 
vn 0.947653 0.129872 -0.291696 
vn 0.856857 0.209695 -0.470982 
vn 0.907575 0.170784 -0.383588 
vn 0.796093 0.246147 -0.552854 
vn 0.856857 0.209695 -0.470982 
vn 0.725995 0.279713 -0.628245 
vn 0.796093 0.246147 -0.552854 
vn 0.647386 0.309999 -0.69627 
vn 0.725995 0.279713 -0.628245 
vn 0.561187 0.336651 -0.756132 
vn 0.647386 0.309999 -0.69627 
vn 0.468408 0.359357 -0.807128 
vn 0.561187 0.336651 -0.756132 
vn 0.370138 0.377849 -0.848662 
vn 0.468408 0.359357 -0.807128 
vn 0.267528 0.391911 -0.880247 
vn 0.370138 0.377849 -0.848662 
vn 0.161782 0.401379 -0.901511 
vn 0.267528 0.391911 -0.880247 
vn 0.0541389 0.40614 -0.912206 
vn 0.161782 0.401379 -0.901511 
vn -0.0541389 0.40614 -0.912206 
vn 0.0541389 0.40614 -0.912206 
vn -0.161782 0.401379 -0.901511 
vn -0.0541389 0.40614 -0.912206 
vn -0.267528 0.391911 -0.880247 
vn -0.161782 0.401379 -0.901511 
vn -0.370138 0.377849 -0.848662 
vn -0.267528 0.391911 -0.880247 
vn -0.468408 0.359357 -0.807128 
vn -0.370138 0.377849 -0.848662 
vn -0.561187 0.336651 -0.756132 
vn -0.468408 0.359357 -0.807128 
vn -0.647386 0.309999 -0.69627 
vn -0.561187 0.336651 -0.756132 
vn -0.725995 0.279713 -0.628245 
vn -0.647386 0.309999 -0.69627 
vn -0.796093 0.246147 -0.552854 
vn -0.725995 0.279713 -0.628245 
vn -0.856857 0.209695 -0.470982 
vn -0.796093 0.246147 -0.552854 
vn -0.907575 0.170784 -0.383588 
vn -0.856857 0.209695 -0.470982 
vn -0.947653 0.129872 -0.291696 
vn -0.907575 0.170784 -0.383588 
vn -0.976621 0.0874364 -0.196385 
vn -0.947653 0.129872 -0.291696 
vn -0.994138 0.043976 -0.0987716 
vn -0.976621 0.0874364 -0.196385 
vn -0.994138 -0.043976 0.0987716 
vn -1 1.62891e-15 -5.45968e-15 
vn -0.976621 -0.0874364 0.196385 
vn -0.994138 -0.043976 0.0987716 
vn -0.947653 -0.129872 0.291696 
vn -0.976621 -0.0874364 0.196385 
vn -0.907575 -0.170784 0.383588 
vn -0.947653 -0.129872 0.291696 
vn -0.856857 -0.209695 0.470982 
vn -0.907575 -0.170784 0.383588 
vn -0.796093 -0.246147 0.552854 
vn -0.856857 -0.209695 0.470982 
vn -0.725995 -0.279713 0.628245 
vn -0.796093 -0.246147 0.552854 
vn -0.647386 -0.309999 0.69627 
vn -0.725995 -0.279713 0.628245 
vn -0.561187 -0.336651 0.756132 
vn -0.647386 -0.309999 0.69627 
vn -0.468408 -0.359357 0.807128 
vn -0.561187 -0.336651 0.756132 
vn -0.370138 -0.377849 0.848662 
vn -0.468408 -0.359357 0.807128 
vn -0.267528 -0.391911 0.880247 
vn -0.370138 -0.377849 0.848662 
vn -0.161782 -0.401379 0.901511 
vn -0.267528 -0.391911 0.880247 
vn -0.0541389 -0.40614 0.912206 
vn -0.161782 -0.401379 0.901511 
vn 0.0541389 -0.40614 0.912206 
vn -0.0541389 -0.40614 0.912206 
vn 0.161782 -0.401379 0.901511 
vn 0.0541389 -0.40614 0.912206 
vn 0.267528 -0.391911 0.880247 
vn 0.161782 -0.401379 0.901511 
vn 0.370138 -0.377849 0.848662 
vn 0.267528 -0.391911 0.880247 
vn 0.468408 -0.359357 0.807128 
vn 0.370138 -0.377849 0.848662 
vn 0.561187 -0.336651 0.756132 
vn 0.468408 -0.359357 0.807128 
vn 0.647386 -0.309999 0.69627 
vn 0.561187 -0.336651 0.756132 
vn 0.725995 -0.279713 0.628245 
vn 0.647386 -0.309999 0.69627 
vn 0.796093 -0.246147 0.552854 
vn 0.725995 -0.279713 0.628245 
vn 0.856857 -0.209695 0.470982 
vn 0.796093 -0.246147 0.552854 
vn 0.907575 -0.170784 0.383588 
vn 0.856857 -0.209695 0.470982 
vn 0.947653 -0.129872 0.291696 
vn 0.907575 -0.170784 0.383588 
vn 0.976621 -0.0874364 0.196385 
vn 0.947653 -0.129872 0.291696 
vn 0.994138 -0.043976 0.0987716 
vn 0.976621 -0.0874364 0.196385 
vn 1 -1.67872e-15 5.57156e-15 
vn 0.994138 -0.043976 0.0987716 
vn 0.994138 0.043976 -0.0987716 
vn 1 -1.67872e-15 5.57156e-15 
vn 0.976621 0.0874364 -0.196385 
vn 0.994138 0.043976 -0.0987716 
vn 0.947653 0.129872 -0.291696 
vn 0.976621 0.0874364 -0.196385 
vn 0.907575 0.170784 -0.383588 
vn 0.947653 0.129872 -0.291696 
vn 0.856857 0.209695 -0.470982 
vn 0.907575 0.170784 -0.383588 
vn 0.796093 0.246147 -0.552854 
vn 0.856857 0.209695 -0.470982 
vn 0.725995 0.279713 -0.628245 
vn 0.796093 0.246147 -0.552854 
vn 0.647386 0.309999 -0.69627 
vn 0.725995 0.279713 -0.628245 
vn 0.561187 0.336651 -0.756132 
vn 0.647386 0.309999 -0.69627 
vn 0.468408 0.359357 -0.807128 
vn 0.561187 0.336651 -0.756132 
vn 0.370138 0.377849 -0.848662 
vn 0.468408 0.359357 -0.807128 
vn 0.267528 0.391911 -0.880247 
vn 0.370138 0.377849 -0.848662 
vn 0.161782 0.401379 -0.901511 
vn 0.267528 0.391911 -0.880247 
vn 0.0541389 0.40614 -0.912206 
vn 0.161782 0.401379 -0.901511 
vn -0.0541389 0.40614 -0.912206 
vn 0.0541389 0.40614 -0.912206 
vn -0.161782 0.401379 -0.901511 
vn -0.0541389 0.40614 -0.912206 
vn -0.267528 0.391911 -0.880247 
vn -0.161782 0.401379 -0.901511 
vn -0.370138 0.377849 -0.848662 
vn -0.267528 0.391911 -0.880247 
vn -0.468408 0.359357 -0.807128 
vn -0.370138 0.377849 -0.848662 
vn -0.561187 0.336651 -0.756132 
vn -0.468408 0.359357 -0.807128 
vn -0.647386 0.309999 -0.69627 
vn -0.561187 0.336651 -0.756132 
vn -0.725995 0.279713 -0.628245 
vn -0.647386 0.309999 -0.69627 
vn -0.796093 0.246147 -0.552854 
vn -0.725995 0.279713 -0.628245 
vn -0.856857 0.209695 -0.470982 
vn -0.796093 0.246147 -0.552854 
vn -0.907575 0.170784 -0.383588 
vn -0.856857 0.209695 -0.470982 
vn -0.947653 0.129872 -0.291696 
vn -0.907575 0.170784 -0.383588 
vn -0.976621 0.0874364 -0.196385 
vn -0.947653 0.129872 -0.291696 
vn -0.994138 0.043976 -0.0987716 
vn -0.976621 0.0874364 -0.196385 
usemtl 1.000000_1.000000_1.000000_0.000000_0.000000
o mesh73
f 2613//2656 2614//2657 2615//2657 
f 2616//2658 2613//2656 2617//2659 
f 2618//2660 2616//2658 2619//2661 
f 2620//2662 2618//2660 2621//2663 
f 2622//2664 2620//2662 2623//2665 
f 2624//2666 2622//2664 2625//2667 
f 2626//2668 2624//2666 2627//2669 
f 2628//2670 2626//2668 2629//2671 
f 2630//2672 2628//2670 2631//2673 
f 2632//2674 2630//2672 2633//2675 
f 2634//2676 2632//2674 2635//2677 
f 2636//2678 2634//2676 2637//2679 
f 2638//2680 2636//2678 2639//2681 
f 2640//2682 2638//2680 2641//2683 
f 2642//2684 2640//2682 2643//2685 
f 2644//2686 2642//2684 2645//2687 
f 2646//2688 2644//2686 2647//2689 
f 2648//2690 2646//2688 2649//2691 
f 2650//2692 2648//2690 2651//2693 
f 2652//2694 2650//2692 2653//2695 
f 2654//2696 2652//2694 2655//2697 
f 2656//2698 2654//2696 2657//2699 
f 2658//2700 2656//2698 2659//2701 
f 2660//2702 2658//2700 2661//2703 
f 2662//2704 2660//2702 2663//2705 
f 2664//2706 2662//2704 2665//2707 
f 2666//2708 2664//2706 2667//2709 
f 2668//2710 2666//2708 2669//2711 
f 2670//2712 2668//2710 2671//2713 
f 2672//2714 2670//2712 2673//2715 
f 2674//2716 2672//2714 2675//2717 
f 2676//2718 2674//2716 2677//2719 
f 2678//2720 2676//2718 2679//2721 
f 2680//2722 2678//2720 2681//2723 
f 2682//2724 2680//2722 2683//2725 
f 2684//2726 2682//2724 2685//2727 
f 2686//2728 2684//2726 2687//2729 
f 2688//2730 2686//2728 2689//2731 
f 2690//2732 2688//2730 2691//2733 
f 2692//2734 2690//2732 2693//2735 
f 2694//2736 2692//2734 2695//2737 
f 2696//2738 2694//2736 2697//2739 
f 2698//2740 2696//2738 2699//2741 
f 2700//2742 2698//2740 2701//2743 
f 2702//2744 2700//2742 2703//2745 
f 2704//2746 2702//2744 2705//2747 
f 2706//2748 2704//2746 2707//2749 
f 2708//2750 2706//2748 2709//2751 
f 2710//2752 2708//2750 2711//2753 
f 2712//2754 2710//2752 2713//2755 
f 2714//2756 2712//2754 2715//2757 
f 2716//2758 2714//2756 2717//2759 
f 2718//2760 2716//2758 2719//2761 
f 2720//2762 2718//2760 2721//2763 
f 2722//2764 2720//2762 2723//2765 
f 2724//2766 2722//2764 2725//2767 
f 2726//2768 2724//2766 2727//2769 
f 2614//2657 2726//2768 2728//2768 
f 2728//2768 2615//2657 2614//2657 
f 2727//2769 2728//2768 2726//2768 
f 2725//2767 2727//2769 2724//2766 
f 2723//2765 2725//2767 2722//2764 
f 2721//2763 2723//2765 2720//2762 
f 2719//2761 2721//2763 2718//2760 
f 2717//2759 2719//2761 2716//2758 
f 2715//2757 2717//2759 2714//2756 
f 2713//2755 2715//2757 2712//2754 
f 2711//2753 2713//2755 2710//2752 
f 2709//2751 2711//2753 2708//2750 
f 2707//2749 2709//2751 2706//2748 
f 2705//2747 2707//2749 2704//2746 
f 2703//2745 2705//2747 2702//2744 
f 2701//2743 2703//2745 2700//2742 
f 2699//2741 2701//2743 2698//2740 
f 2697//2739 2699//2741 2696//2738 
f 2695//2737 2697//2739 2694//2736 
f 2693//2735 2695//2737 2692//2734 
f 2691//2733 2693//2735 2690//2732 
f 2689//2731 2691//2733 2688//2730 
f 2687//2729 2689//2731 2686//2728 
f 2685//2727 2687//2729 2684//2726 
f 2683//2725 2685//2727 2682//2724 
f 2681//2723 2683//2725 2680//2722 
f 2679//2721 2681//2723 2678//2720 
f 2677//2719 2679//2721 2676//2718 
f 2675//2717 2677//2719 2674//2716 
f 2673//2715 2675//2717 2672//2714 
f 2671//2713 2673//2715 2670//2712 
f 2669//2711 2671//2713 2668//2710 
f 2667//2709 2669//2711 2666//2708 
f 2665//2707 2667//2709 2664//2706 
f 2663//2705 2665//2707 2662//2704 
f 2661//2703 2663//2705 2660//2702 
f 2659//2701 2661//2703 2658//2700 
f 2657//2699 2659//2701 2656//2698 
f 2655//2697 2657//2699 2654//2696 
f 2653//2695 2655//2697 2652//2694 
f 2651//2693 2653//2695 2650//2692 
f 2649//2691 2651//2693 2648//2690 
f 2647//2689 2649//2691 2646//2688 
f 2645//2687 2647//2689 2644//2686 
f 2643//2685 2645//2687 2642//2684 
f 2641//2683 2643//2685 2640//2682 
f 2639//2681 2641//2683 2638//2680 
f 2637//2679 2639//2681 2636//2678 
f 2635//2677 2637//2679 2634//2676 
f 2633//2675 2635//2677 2632//2674 
f 2631//2673 2633//2675 2630//2672 
f 2629//2671 2631//2673 2628//2670 
f 2627//2669 2629//2671 2626//2668 
f 2625//2667 2627//2669 2624//2666 
f 2623//2665 2625//2667 2622//2664 
f 2621//2663 2623//2665 2620//2662 
f 2619//2661 2621//2663 2618//2660 
f 2617//2659 2619//2661 2616//2658 
f 2615//2657 2617//2659 2613//2656 
o mesh74
f 2729//2770 2699//2770 2697//2770 
f 2730//2770 2701//2770 2699//2770 
f 2731//2770 2691//2770 2689//2770 
f 2732//2770 2693//2770 2691//2770 
f 2733//2770 2695//2770 2693//2770 
f 2734//2770 2697//2770 2695//2770 
f 2699//2770 2729//2770 2730//2770 
f 2735//2770 2703//2770 2701//2770 
f 2691//2770 2731//2770 2732//2770 
f 2695//2770 2733//2770 2734//2770 
f 2701//2770 2730//2770 2735//2770 
f 2735//2770 2707//2770 2705//2770 
f 2736//2770 2737//2770 2738//2770 
f 2739//2770 2740//2770 2741//2770 
f 2742//2770 2743//2770 2685//2770 
f 2744//2770 2687//2770 2685//2770 
f 2693//2770 2732//2770 2733//2770 
f 2705//2770 2703//2770 2735//2770 
f 2735//2770 2711//2770 2709//2770 
f 2735//2770 2715//2770 2713//2770 
f 2728//2770 2745//2770 2746//2770 
f 2747//2770 2748//2770 2749//2770 
f 2747//2770 2750//2770 2751//2770 
f 2747//2770 2752//2770 2753//2770 
f 2752//2770 2754//2770 2755//2770 
f 2754//2770 2756//2770 2757//2770 
f 2758//2770 2759//2770 2760//2770 
f 2738//2770 2761//2770 2736//2770 
f 2736//2770 2762//2770 2763//2770 
f 2762//2770 2736//2770 2759//2770 
f 2741//2770 2764//2770 2739//2770 
f 2677//2770 2765//2770 2766//2770 
f 2767//2770 2768//2770 2679//2770 
f 2685//2770 2743//2770 2744//2770 
f 2769//2770 2689//2770 2687//2770 
f 2697//2770 2734//2770 2729//2770 
f 2713//2770 2711//2770 2735//2770 
f 2745//2770 2721//2770 2719//2770 
f 2746//2770 2615//2770 2728//2770 
f 2747//2770 2770//2770 2748//2770 
f 2747//2770 2771//2770 2772//2770 
f 2753//2770 2750//2770 2747//2770 
f 2757//2770 2755//2770 2754//2770 
f 2756//2770 2773//2770 2774//2770 
f 2773//2770 2775//2770 2776//2770 
f 2775//2770 2777//2770 2778//2770 
f 2777//2770 2779//2770 2780//2770 
f 2760//2770 2781//2770 2758//2770 
f 2736//2770 2782//2770 2783//2770 
f 2761//2770 2784//2770 2736//2770 
f 2759//2770 2758//2770 2762//2770 
f 2785//2770 2786//2770 2787//2770 
f 2788//2770 2625//2770 2623//2770 
f 2739//2770 2789//2770 2790//2770 
f 2764//2770 2791//2770 2739//2770 
f 2767//2770 2792//2770 2793//2770 
f 2679//2770 2677//2770 2767//2770 
f 2768//2770 2794//2770 2681//2770 
f 2794//2770 2742//2770 2683//2770 
f 2687//2770 2744//2770 2769//2770 
f 2709//2770 2707//2770 2735//2770 
f 2719//2770 2735//2770 2745//2770 
f 2745//2770 2725//2770 2723//2770 
f 2728//2770 2727//2770 2745//2770 
f 2772//2770 2770//2770 2747//2770 
f 2755//2770 2753//2770 2752//2770 
f 2776//2770 2774//2770 2773//2770 
f 2780//2770 2778//2770 2777//2770 
f 2795//2770 2785//2770 2796//2770 
f 2758//2770 2797//2770 2798//2770 
f 2781//2770 2799//2770 2758//2770 
f 2736//2770 2800//2770 2782//2770 
f 2763//2770 2737//2770 2736//2770 
f 2785//2770 2801//2770 2786//2770 
f 2795//2770 2802//2770 2803//2770 
f 2623//2770 2804//2770 2788//2770 
f 2805//2770 2639//2770 2637//2770 
f 2791//2770 2789//2770 2739//2770 
f 2767//2770 2806//2770 2740//2770 
f 2767//2770 2807//2770 2808//2770 
f 2767//2770 2809//2770 2792//2770 
f 2766//2770 2767//2770 2677//2770 
f 2683//2770 2681//2770 2794//2770 
f 2689//2770 2769//2770 2731//2770 
f 2719//2770 2717//2770 2735//2770 
f 2745//2770 2727//2770 2725//2770 
f 2746//2770 2810//2770 2615//2770 
f 2735//2770 2811//2770 2812//2770 
f 2751//2770 2771//2770 2747//2770 
f 2778//2770 2776//2770 2775//2770 
f 2813//2770 2814//2770 2815//2770 
f 2816//2770 2817//2770 2815//2770 
f 2796//2770 2818//2770 2795//2770 
f 2799//2770 2797//2770 2758//2770 
f 2784//2770 2800//2770 2736//2770 
f 2787//2770 2819//2770 2785//2770 
f 2803//2770 2785//2770 2795//2770 
f 2625//2770 2820//2770 2821//2770 
f 2788//2770 2822//2770 2625//2770 
f 2823//2770 2635//2770 2633//2770 
f 2637//2770 2823//2770 2805//2770 
f 2805//2770 2643//2770 2641//2770 
f 2739//2770 2824//2770 2825//2770 
f 2740//2770 2739//2770 2767//2770 
f 2793//2770 2807//2770 2767//2770 
f 2767//2770 2826//2770 2827//2770 
f 2681//2770 2679//2770 2768//2770 
f 2717//2770 2715//2770 2735//2770 
f 2615//2770 2828//2770 2829//2770 
f 2810//2770 2828//2770 2615//2770 
f 2735//2770 2749//2770 2811//2770 
f 2774//2770 2757//2770 2756//2770 
f 2779//2770 2813//2770 2830//2770 
f 2815//2770 2814//2770 2816//2770 
f 2831//2770 2832//2770 2817//2770 
f 2833//2770 2834//2770 2832//2770 
f 2818//2770 2835//2770 2836//2770 
f 2796//2770 2837//2770 2818//2770 
f 2783//2770 2785//2770 2736//2770 
f 2803//2770 2801//2770 2785//2770 
f 2838//2770 2839//2770 2840//2770 
f 2838//2770 2841//2770 2842//2770 
f 2838//2770 2843//2770 2844//2770 
f 2805//2770 2823//2770 2845//2770 
f 2625//2770 2822//2770 2820//2770 
f 2623//2770 2621//2770 2804//2770 
f 2823//2770 2629//2770 2627//2770 
f 2637//2770 2635//2770 2823//2770 
f 2805//2770 2645//2770 2643//2770 
f 2739//2770 2846//2770 2824//2770 
f 2808//2770 2806//2770 2767//2770 
f 2827//2770 2847//2770 2767//2770 
f 2685//2770 2683//2770 2742//2770 
f 2723//2770 2721//2770 2745//2770 
f 2749//2770 2735//2770 2747//2770 
f 2815//2770 2830//2770 2813//2770 
f 2832//2770 2831//2770 2833//2770 
f 2818//2770 2848//2770 2834//2770 
f 2758//2770 2849//2770 2850//2770 
f 2837//2770 2835//2770 2818//2770 
f 2819//2770 2736//2770 2785//2770 
f 2838//2770 2851//2770 2839//2770 
f 2838//2770 2852//2770 2853//2770 
f 2844//2770 2841//2770 2838//2770 
f 2845//2770 2838//2770 2805//2770 
f 2804//2770 2619//2770 2617//2770 
f 2621//2770 2619//2770 2804//2770 
f 2823//2770 2631//2770 2629//2770 
f 2641//2770 2639//2770 2805//2770 
f 2790//2770 2846//2770 2739//2770 
f 2847//2770 2854//2770 2767//2770 
f 2829//2770 2804//2770 2615//2770 
f 2830//2770 2780//2770 2779//2770 
f 2834//2770 2833//2770 2818//2770 
f 2818//2770 2855//2770 2856//2770 
f 2758//2770 2857//2770 2849//2770 
f 2798//2770 2857//2770 2758//2770 
f 2795//2770 2858//2770 2859//2770 
f 2860//2770 2861//2770 2862//2770 
f 2863//2770 2864//2770 2861//2770 
f 2865//2770 2866//2770 2867//2770 
f 2866//2770 2868//2770 2869//2770 
f 2838//2770 2870//2770 2851//2770 
f 2838//2770 2871//2770 2872//2770 
f 2838//2770 2873//2770 2874//2770 
f 2758//2770 2875//2770 2876//2770 
f 2758//2770 2877//2770 2878//2770 
f 2842//2770 2852//2770 2838//2770 
f 2845//2770 2879//2770 2838//2770 
f 2821//2770 2823//2770 2625//2770 
f 2633//2770 2631//2770 2823//2770 
f 2739//2770 2880//2770 2881//2770 
f 2854//2770 2809//2770 2767//2770 
f 2812//2770 2745//2770 2735//2770 
f 2856//2770 2848//2770 2818//2770 
f 2836//2770 2855//2770 2818//2770 
f 2859//2770 2882//2770 2795//2770 
f 2883//2770 2862//2770 2884//2770 
f 2861//2770 2860//2770 2863//2770 
f 2869//2770 2867//2770 2866//2770 
f 2868//2770 2885//2770 2886//2770 
f 2872//2770 2870//2770 2838//2770 
f 2874//2770 2887//2770 2838//2770 
f 2758//2770 2888//2770 2875//2770 
f 2878//2770 2889//2770 2758//2770 
f 2879//2770 2843//2770 2838//2770 
f 2627//2770 2625//2770 2823//2770 
f 2825//2770 2880//2770 2739//2770 
f 2817//2770 2816//2770 2831//2770 
f 2758//2770 2890//2770 2891//2770 
f 2882//2770 2802//2770 2795//2770 
f 2892//2770 2893//2770 2894//2770 
f 2895//2770 2896//2770 2893//2770 
f 2897//2770 2884//2770 2896//2770 
f 2862//2770 2883//2770 2860//2770 
f 2805//2770 2653//2770 2651//2770 
f 2805//2770 2667//2770 2665//2770 
f 2805//2770 2898//2770 2899//2770 
f 2886//2770 2869//2770 2868//2770 
f 2885//2770 2900//2770 2901//2770 
f 2900//2770 2902//2770 2903//2770 
f 2902//2770 2904//2770 2905//2770 
f 2906//2770 2907//2770 2908//2770 
f 2907//2770 2909//2770 2910//2770 
f 2887//2770 2871//2770 2838//2770 
f 2838//2770 2911//2770 2912//2770 
f 2889//2770 2888//2770 2758//2770 
f 2617//2770 2615//2770 2804//2770 
f 2766//2770 2826//2770 2767//2770 
f 2850//2770 2890//2770 2758//2770 
f 2795//2770 2913//2770 2914//2770 
f 2915//2770 2916//2770 2917//2770 
f 2918//2770 2919//2770 2920//2770 
f 2921//2770 2922//2770 2919//2770 
f 2923//2770 2924//2770 2925//2770 
f 2926//2770 2927//2770 2924//2770 
f 2893//2770 2892//2770 2895//2770 
f 2884//2770 2897//2770 2883//2770 
f 2651//2770 2649//2770 2805//2770 
f 2805//2770 2657//2770 2655//2770 
f 2805//2770 2661//2770 2659//2770 
f 2805//2770 2669//2770 2667//2770 
f 2805//2770 2673//2770 2671//2770 
f 2805//2770 2928//2770 2929//2770 
f 2899//2770 2930//2770 2805//2770 
f 2901//2770 2886//2770 2885//2770 
f 2905//2770 2903//2770 2902//2770 
f 2904//2770 2906//2770 2931//2770 
f 2910//2770 2908//2770 2907//2770 
f 2932//2770 2933//2770 2934//2770 
f 2933//2770 2935//2770 2936//2770 
f 2937//2770 2739//2770 2938//2770 
f 2912//2770 2873//2770 2838//2770 
f 2876//2770 2838//2770 2758//2770 
f 2881//2770 2939//2770 2739//2770 
f 2914//2770 2858//2770 2795//2770 
f 2917//2770 2795//2770 2915//2770 
f 2940//2770 2941//2770 2916//2770 
f 2942//2770 2920//2770 2941//2770 
f 2919//2770 2918//2770 2921//2770 
f 2924//2770 2923//2770 2926//2770 
f 2943//2770 2894//2770 2927//2770 
f 2896//2770 2895//2770 2897//2770 
f 2838//2770 2944//2770 2864//2770 
f 2649//2770 2647//2770 2805//2770 
f 2659//2770 2657//2770 2805//2770 
f 2671//2770 2669//2770 2805//2770 
f 2929//2770 2675//2770 2805//2770 
f 2675//2770 2929//2770 2945//2770 
f 2805//2770 2946//2770 2947//2770 
f 2930//2770 2948//2770 2805//2770 
f 2903//2770 2901//2770 2900//2770 
f 2908//2770 2931//2770 2906//2770 
f 2909//2770 2949//2770 2950//2770 
f 2949//2770 2932//2770 2951//2770 
f 2936//2770 2934//2770 2933//2770 
f 2935//2770 2952//2770 2953//2770 
f 2952//2770 2937//2770 2954//2770 
f 2739//2770 2939//2770 2938//2770 
f 2876//2770 2911//2770 2838//2770 
f 2891//2770 2877//2770 2758//2770 
f 2916//2770 2915//2770 2940//2770 
f 2920//2770 2942//2770 2918//2770 
f 2955//2770 2956//2770 2922//2770 
f 2957//2770 2925//2770 2956//2770 
f 2927//2770 2926//2770 2943//2770 
f 2864//2770 2863//2770 2838//2770 
f 2655//2770 2653//2770 2805//2770 
f 2665//2770 2663//2770 2805//2770 
f 2945//2770 2677//2770 2675//2770 
f 2805//2770 2958//2770 2959//2770 
f 2948//2770 2946//2770 2805//2770 
f 2805//2770 2865//2770 2960//2770 
f 2931//2770 2905//2770 2904//2770 
f 2951//2770 2950//2770 2949//2770 
f 2953//2770 2936//2770 2935//2770 
f 2938//2770 2954//2770 2937//2770 
f 2853//2770 2758//2770 2838//2770 
f 2941//2770 2940//2770 2942//2770 
f 2956//2770 2955//2770 2957//2770 
f 2894//2770 2943//2770 2892//2770 
f 2677//2770 2961//2770 2962//2770 
f 2663//2770 2661//2770 2805//2770 
f 2675//2770 2673//2770 2805//2770 
f 2805//2770 2963//2770 2958//2770 
f 2960//2770 2898//2770 2805//2770 
f 2950//2770 2910//2770 2909//2770 
f 2954//2770 2953//2770 2952//2770 
f 2917//2770 2913//2770 2795//2770 
f 2925//2770 2957//2770 2923//2770 
f 2677//2770 2964//2770 2961//2770 
f 2945//2770 2964//2770 2677//2770 
f 2805//2770 2965//2770 2966//2770 
f 2947//2770 2963//2770 2805//2770 
f 2934//2770 2951//2770 2932//2770 
f 2922//2770 2921//2770 2955//2770 
f 2647//2770 2645//2770 2805//2770 
f 2959//2770 2965//2770 2805//2770 
f 2840//2770 2944//2770 2838//2770 
f 2966//2770 2928//2770 2805//2770 
f 2962//2770 2765//2770 2677//2770 
f 2867//2770 2960//2770 2865//2770 
o mesh75
f 2967//2771 2646//2771 2648//2771 
f 2648//2771 2650//2771 2967//2771 
f 2967//2771 2642//2771 2644//2771 
f 2968//2771 2969//2771 2970//2771 
f 2968//2771 2971//2771 2972//2771 
f 2973//2771 2974//2771 2975//2771 
f 2976//2771 2977//2771 2978//2771 
f 2977//2771 2979//2771 2980//2771 
f 2650//2771 2652//2771 2967//2771 
f 2967//2771 2640//2771 2642//2771 
f 2967//2771 2636//2771 2638//2771 
f 2967//2771 2632//2771 2634//2771 
f 2981//2771 2616//2771 2618//2771 
f 2982//2771 2983//2771 2984//2771 
f 2970//2771 2982//2771 2968//2771 
f 2968//2771 2985//2771 2986//2771 
f 2972//2771 2987//2771 2968//2771 
f 2968//2771 2988//2771 2989//2771 
f 2975//2771 2990//2771 2973//2771 
f 2980//2771 2978//2771 2977//2771 
f 2979//2771 2991//2771 2992//2771 
f 2967//2771 2660//2771 2662//2771 
f 2967//2771 2656//2771 2658//2771 
f 2644//2771 2646//2771 2967//2771 
f 2634//2771 2636//2771 2967//2771 
f 2967//2771 2622//2771 2624//2771 
f 2618//2771 2993//2771 2981//2771 
f 2970//2771 2983//2771 2982//2771 
f 2987//2771 2985//2771 2968//2771 
f 2989//2771 2994//2771 2968//2771 
f 2995//2771 2968//2771 2996//2771 
f 2973//2771 2997//2771 2998//2771 
f 2990//2771 2999//2771 2973//2771 
f 2992//2771 2980//2771 2979//2771 
f 2991//2771 3000//2771 3001//2771 
f 3000//2771 3002//2771 3003//2771 
f 3002//2771 3004//2771 3005//2771 
f 2662//2771 3006//2771 2967//2771 
f 2967//2771 2654//2771 2656//2771 
f 2638//2771 2640//2771 2967//2771 
f 2967//2771 2628//2771 2630//2771 
f 2624//2771 2626//2771 2967//2771 
f 2981//2771 3007//2771 2616//2771 
f 3008//2771 3009//2771 3010//2771 
f 3008//2771 3011//2771 3012//2771 
f 2982//2771 3013//2771 3014//2771 
f 2986//2771 2969//2771 2968//2771 
f 2994//2771 3015//2771 2968//2771 
f 2996//2771 3016//2771 2995//2771 
f 2999//2771 2997//2771 2973//2771 
f 2973//2771 2976//2771 3017//2771 
f 3001//2771 2992//2771 2991//2771 
f 3005//2771 3003//2771 3002//2771 
f 3018//2771 3019//2771 2692//2771 
f 3019//2771 3020//2771 2690//2771 
f 3020//2771 3021//2771 2688//2771 
f 3021//2771 3022//2771 2686//2771 
f 2968//2771 2613//2771 2616//2771 
f 3006//2771 2666//2771 2668//2771 
f 2662//2771 2664//2771 3006//2771 
f 2652//2771 2654//2771 2967//2771 
f 2626//2771 2628//2771 2967//2771 
f 2616//2771 3023//2771 3024//2771 
f 3007//2771 3025//2771 2616//2771 
f 2993//2771 2618//2771 2620//2771 
f 3026//2771 3027//2771 3028//2771 
f 3029//2771 3030//2771 3027//2771 
f 3031//2771 3010//2771 3030//2771 
f 3012//2771 3009//2771 3008//2771 
f 3008//2771 3032//2771 3033//2771 
f 2982//2771 3034//2771 3035//2771 
f 2982//2771 3036//2771 3013//2771 
f 3015//2771 2971//2771 2968//2771 
f 2996//2771 3037//2771 3016//2771 
f 3037//2771 3038//2771 3039//2771 
f 3040//2771 3041//2771 3042//2771 
f 3040//2771 2973//2771 3043//2771 
f 3017//2771 2974//2771 2973//2771 
f 3003//2771 3001//2771 3000//2771 
f 3044//2771 3045//2771 3046//2771 
f 3045//2771 3047//2771 3048//2771 
f 3049//2771 3050//2771 2696//2771 
f 3050//2771 3018//2771 2694//2771 
f 2690//2771 2692//2771 3019//2771 
f 2686//2771 2688//2771 3021//2771 
f 3051//2771 3052//2771 2682//2771 
f 3053//2771 2680//2771 2682//2771 
f 3054//2771 2678//2771 2680//2771 
f 3055//2771 2676//2771 2678//2771 
f 2968//2771 2614//2771 2613//2771 
f 2664//2771 2666//2771 3006//2771 
f 2630//2771 2632//2771 2967//2771 
f 3025//2771 3023//2771 2616//2771 
f 2620//2771 2967//2771 2993//2771 
f 3027//2771 3026//2771 3029//2771 
f 3010//2771 3031//2771 3008//2771 
f 3008//2771 3056//2771 3032//2771 
f 3057//2771 3058//2771 3059//2771 
f 3057//2771 3060//2771 3061//2771 
f 3038//2771 3062//2771 3063//2771 
f 3038//2771 3037//2771 3064//2771 
f 2982//2771 3065//2771 3066//2771 
f 3035//2771 3067//2771 2982//2771 
f 2984//2771 3036//2771 2982//2771 
f 2995//2771 3068//2771 2968//2771 
f 3038//2771 3069//2771 3039//2771 
f 3070//2771 3071//2771 3072//2771 
f 3073//2771 3074//2771 3071//2771 
f 3075//2771 3076//2771 3074//2771 
f 3077//2771 3078//2771 3076//2771 
f 3079//2771 3080//2771 3078//2771 
f 3081//2771 3082//2771 3080//2771 
f 3083//2771 3084//2771 3085//2771 
f 3086//2771 3087//2771 3088//2771 
f 3043//2771 3041//2771 3040//2771 
f 2978//2771 3017//2771 2976//2771 
f 3004//2771 3044//2771 3089//2771 
f 3048//2771 3046//2771 3045//2771 
f 2694//2771 2696//2771 3050//2771 
f 2688//2771 2690//2771 3020//2771 
f 3022//2771 3051//2771 2684//2771 
f 2682//2771 3052//2771 3053//2771 
f 2678//2771 3054//2771 3055//2771 
f 3006//2771 2674//2771 2676//2771 
f 2968//2771 3090//2771 3091//2771 
f 2616//2771 3092//2771 2968//2771 
f 2658//2771 2660//2771 2967//2771 
f 2620//2771 2622//2771 2967//2771 
f 2982//2771 2708//2771 2710//2771 
f 2982//2771 2704//2771 2706//2771 
f 2982//2771 2700//2771 2702//2771 
f 2982//2771 3049//2771 2698//2771 
f 3093//2771 3094//2771 3095//2771 
f 3096//2771 3097//2771 3094//2771 
f 3030//2771 3029//2771 3031//2771 
f 3008//2771 3098//2771 3056//2771 
f 3008//2771 3099//2771 3100//2771 
f 3057//2771 3101//2771 3102//2771 
f 3061//2771 3058//2771 3057//2771 
f 3057//2771 3103//2771 3104//2771 
f 3057//2771 3105//2771 3106//2771 
f 2982//2771 3107//2771 3105//2771 
f 3038//2771 3108//2771 3109//2771 
f 3038//2771 3110//2771 3062//2771 
f 3064//2771 3111//2771 3038//2771 
f 3067//2771 3065//2771 2982//2771 
f 3068//2771 2988//2771 2968//2771 
f 3038//2771 3112//2771 3069//2771 
f 3038//2771 3113//2771 3114//2771 
f 3115//2771 3116//2771 3117//2771 
f 3116//2771 3118//2771 3119//2771 
f 3118//2771 3120//2771 3121//2771 
f 3122//2771 3123//2771 3121//2771 
f 3071//2771 3070//2771 3073//2771 
f 3076//2771 3075//2771 3077//2771 
f 3080//2771 3079//2771 3081//2771 
f 3057//2771 3124//2771 3082//2771 
f 3085//2771 3125//2771 3083//2771 
f 3088//2771 3126//2771 3086//2771 
f 2998//2771 3043//2771 2973//2771 
f 3046//2771 3089//2771 3044//2771 
f 2692//2771 2694//2771 3018//2771 
f 2682//2771 2684//2771 3051//2771 
f 2676//2771 3055//2771 3006//2771 
f 3006//2771 2670//2771 2672//2771 
f 3092//2771 3090//2771 2968//2771 
f 3024//2771 3092//2771 2616//2771 
f 2968//2771 2718//2771 2720//2771 
f 2968//2771 2714//2771 2716//2771 
f 2982//2771 2712//2771 2714//2771 
f 2706//2771 2708//2771 2982//2771 
f 2698//2771 2700//2771 2982//2771 
f 3094//2771 3093//2771 3096//2771 
f 3127//2771 3028//2771 3097//2771 
f 3008//2771 3128//2771 3011//2771 
f 3100//2771 3098//2771 3008//2771 
f 3059//2771 3101//2771 3057//2771 
f 3104//2771 3129//2771 3057//2771 
f 3106//2771 3130//2771 3057//2771 
f 2982//2771 3131//2771 3107//2771 
f 3063//2771 3108//2771 3038//2771 
f 3111//2771 3132//2771 3038//2771 
f 3014//2771 3034//2771 2982//2771 
f 3114//2771 3112//2771 3038//2771 
f 3038//2771 3115//2771 3133//2771 
f 3119//2771 3117//2771 3116//2771 
f 3121//2771 3120//2771 3122//2771 
f 3134//2771 3072//2771 3123//2771 
f 3074//2771 3073//2771 3075//2771 
f 3082//2771 3081//2771 3057//2771 
f 3084//2771 3083//2771 3135//2771 
f 3085//2771 3136//2771 3125//2771 
f 3087//2771 3086//2771 3137//2771 
f 3088//2771 3138//2771 3126//2771 
f 3040//2771 3139//2771 3140//2771 
f 3089//2771 3005//2771 3004//2771 
f 3047//2771 3141//2771 3142//2771 
f 3141//2771 3143//2771 3144//2771 
f 2684//2771 2686//2771 3022//2771 
f 2672//2771 2674//2771 3006//2771 
f 2968//2771 3145//2771 3146//2771 
f 2668//2771 2670//2771 3006//2771 
f 2968//2771 2724//2771 2726//2771 
f 2720//2771 2722//2771 2968//2771 
f 2714//2771 2968//2771 2982//2771 
f 2702//2771 2704//2771 2982//2771 
f 3147//2771 3148//2771 3149//2771 
f 3006//2771 3150//2771 3151//2771 
f 3097//2771 3096//2771 3127//2771 
f 3033//2771 3128//2771 3008//2771 
f 3008//2771 3152//2771 3153//2771 
f 2973//2771 3040//2771 3154//2771 
f 3129//2771 3060//2771 3057//2771 
f 3105//2771 3057//2771 2982//2771 
f 3132//2771 3110//2771 3038//2771 
f 3039//2771 3016//2771 3037//2771 
f 3038//2771 3155//2771 3156//2771 
f 3117//2771 3133//2771 3115//2771 
f 3123//2771 3122//2771 3134//2771 
f 3078//2771 3077//2771 3079//2771 
f 3136//2771 3126//2771 3125//2771 
f 3138//2771 3125//2771 3126//2771 
f 3042//2771 3139//2771 3040//2771 
f 3144//2771 3142//2771 3141//2771 
f 2680//2771 3053//2771 3054//2771 
f 3091//2771 3145//2771 2968//2771 
f 2722//2771 2724//2771 2968//2771 
f 2710//2771 2712//2771 2982//2771 
f 3149//2771 3157//2771 3147//2771 
f 3006//2771 3158//2771 3150//2771 
f 3159//2771 3160//2771 3161//2771 
f 3162//2771 3163//2771 3164//2771 
f 3165//2771 3166//2771 3167//2771 
f 3168//2771 3169//2771 3166//2771 
f 3170//2771 3171//2771 3169//2771 
f 3172//2771 3095//2771 3171//2771 
f 3028//2771 3127//2771 3026//2771 
f 3153//2771 3173//2771 3008//2771 
f 3154//2771 3174//2771 3175//2771 
f 3130//2771 3103//2771 3057//2771 
f 3066//2771 3131//2771 2982//2771 
f 3133//2771 3155//2771 3038//2771 
f 3072//2771 3134//2771 3070//2771 
f 3137//2771 3040//2771 3087//2771 
f 3142//2771 3048//2771 3047//2771 
f 3146//2771 3084//2771 2968//2771 
f 2716//2771 2718//2771 2968//2771 
f 3143//2771 3176//2771 3177//2771 
f 3176//2771 3178//2771 3179//2771 
f 3180//2771 3147//2771 3181//2771 
f 3147//2771 3182//2771 3183//2771 
f 3157//2771 3184//2771 3147//2771 
f 3151//2771 3185//2771 3006//2771 
f 3161//2771 3006//2771 3159//2771 
f 3159//2771 3186//2771 3187//2771 
f 3164//2771 3159//2771 3162//2771 
f 3188//2771 3189//2771 3163//2771 
f 3190//2771 3167//2771 3189//2771 
f 3166//2771 3165//2771 3168//2771 
f 3171//2771 3170//2771 3172//2771 
f 3173//2771 3099//2771 3008//2771 
f 3191//2771 3154//2771 3152//2771 
f 3154//2771 3175//2771 2973//2771 
f 3109//2771 3192//2771 3038//2771 
f 3121//2771 3119//2771 3118//2771 
f 3140//2771 3087//2771 3040//2771 
f 2726//2771 2614//2771 2968//2771 
f 3179//2771 3177//2771 3176//2771 
f 3178//2771 3193//2771 3194//2771 
f 3193//2771 3180//2771 3195//2771 
f 3147//2771 3196//2771 3181//2771 
f 3147//2771 3197//2771 3198//2771 
f 3184//2771 3182//2771 3147//2771 
f 3038//2771 3192//2771 3148//2771 
f 3161//2771 3158//2771 3006//2771 
f 3187//2771 3199//2771 3159//2771 
f 3163//2771 3162//2771 3188//2771 
f 3167//2771 3190//2771 3165//2771 
f 3095//2771 3172//2771 3093//2771 
f 3154//2771 3191//2771 3174//2771 
f 3156//2771 3113//2771 3038//2771 
f 2696//2771 2698//2771 3049//2771 
f 3194//2771 3179//2771 3178//2771 
f 3181//2771 3195//2771 3180//2771 
f 3147//2771 3200//2771 3197//2771 
f 3148//2771 3147//2771 3038//2771 
f 3199//2771 3160//2771 3159//2771 
f 3159//2771 3201//2771 3202//2771 
f 3189//2771 3188//2771 3190//2771 
f 3152//2771 3008//2771 3191//2771 
f 3135//2771 2968//2771 3084//2771 
f 3195//2771 3194//2771 3193//2771 
f 3147//2771 3203//2771 3204//2771 
f 3183//2771 3200//2771 3147//2771 
f 3202//2771 3186//2771 3159//2771 
f 3169//2771 3168//2771 3170//2771 
f 3177//2771 3144//2771 3143//2771 
f 3198//2771 3203//2771 3147//2771 
f 3164//2771 3201//2771 3159//2771 
f 3204//2771 3196//2771 3147//2771 
f 3102//2771 3124//2771 3057//2771 
f 3185//2771 2967//2771 3006//2771 
o mesh76
f 2973//2772 2838//2772 2863//2773 
f 2976//2773 2863//2773 2860//2774 
f 2977//2774 2860//2774 2883//2775 
f 2979//2775 2883//2775 2897//2776 
f 2991//2776 2897//2776 2895//2777 
f 3000//2777 2895//2777 2892//2778 
f 3002//2778 2892//2778 2943//2779 
f 3004//2779 2943//2779 2926//2780 
f 3044//2780 2926//2780 2923//2781 
f 3045//2781 2923//2781 2957//2782 
f 3047//2782 2957//2782 2955//2783 
f 3141//2783 2955//2783 2921//2784 
f 3143//2784 2921//2784 2918//2785 
f 3176//2785 2918//2785 2942//2786 
f 3178//2786 2942//2786 2940//2787 
f 3193//2787 2940//2787 2915//2788 
f 3180//2788 2915//2788 2795//2789 
f 2795//2789 3147//2789 3180//2788 
f 2915//2788 3180//2788 3193//2787 
f 2940//2787 3193//2787 3178//2786 
f 2942//2786 3178//2786 3176//2785 
f 2918//2785 3176//2785 3143//2784 
f 2921//2784 3143//2784 3141//2783 
f 2955//2783 3141//2783 3047//2782 
f 2957//2782 3047//2782 3045//2781 
f 2923//2781 3045//2781 3044//2780 
f 2926//2780 3044//2780 3004//2779 
f 2943//2779 3004//2779 3002//2778 
f 2892//2778 3002//2778 3000//2777 
f 2895//2777 3000//2777 2991//2776 
f 2897//2776 2991//2776 2979//2775 
f 2883//2775 2979//2775 2977//2774 
f 2860//2774 2977//2774 2976//2773 
f 2863//2773 2976//2773 2973//2772 
o mesh77
f 3057//2790 2747//2790 2735//2790 
f 2735//2790 2982//2790 3057//2790 
o mesh78
f 3147//2789 2795//2789 2818//2789 
f 2818//2789 3038//2789 3147//2789 
o mesh79
f 2838//2791 2973//2791 3175//2791 
f 3175//2791 2805//2791 2838//2791 
o mesh80
f 2739//2792 3159//2792 3006//2792 
f 3006//2792 2767//2792 2739//2792 
o mesh81
f 2982//2793 2735//2793 2730//2794 
f 3049//2794 2730//2794 2729//2795 
f 3050//2795 2729//2795 2734//2796 
f 3018//2796 2734//2796 2733//2797 
f 3019//2797 2733//2797 2732//2798 
f 3020//2798 2732//2798 2731//2799 
f 3021//2799 2731//2799 2769//2800 
f 3022//2800 2769//2800 2744//2801 
f 3051//2801 2744//2801 2743//2802 
f 3052//2802 2743//2802 2742//2803 
f 3053//2803 2742//2803 2794//2804 
f 3054//2804 2794//2804 2768//2805 
f 3055//2805 2768//2805 2767//2806 
f 2767//2806 3006//2806 3055//2805 
f 2768//2805 3055//2805 3054//2804 
f 2794//2804 3054//2804 3053//2803 
f 2742//2803 3053//2803 3052//2802 
f 2743//2802 3052//2802 3051//2801 
f 2744//2801 3051//2801 3022//2800 
f 2769//2800 3022//2800 3021//2799 
f 2731//2799 3021//2799 3020//2798 
f 2732//2798 3020//2798 3019//2797 
f 2733//2797 3019//2797 3018//2796 
f 2734//2796 3018//2796 3050//2795 
f 2729//2795 3050//2795 3049//2794 
f 2730//2794 3049//2794 2982//2793 
o mesh82
f 3038//2807 2818//2807 2833//2808 
f 3115//2808 2833//2808 2831//2809 
f 3116//2809 2831//2809 2816//2810 
f 3118//2810 2816//2810 2814//2811 
f 3120//2811 2814//2811 2813//2812 
f 3122//2812 2813//2812 2779//2813 
f 3134//2813 2779//2813 2777//2814 
f 3070//2814 2777//2814 2775//2815 
f 3073//2815 2775//2815 2773//2816 
f 3075//2816 2773//2816 2756//2817 
f 3077//2817 2756//2817 2754//2818 
f 3079//2818 2754//2818 2752//2819 
f 3081//2819 2752//2819 2747//2820 
f 2747//2820 3057//2820 3081//2819 
f 2752//2819 3081//2819 3079//2818 
f 2754//2818 3079//2818 3077//2817 
f 2756//2817 3077//2817 3075//2816 
f 2773//2816 3075//2816 3073//2815 
f 2775//2815 3073//2815 3070//2814 
f 2777//2814 3070//2814 3134//2813 
f 2779//2813 3134//2813 3122//2812 
f 2813//2812 3122//2812 3120//2811 
f 2814//2811 3120//2811 3118//2810 
f 2816//2810 3118//2810 3116//2809 
f 2831//2809 3116//2809 3115//2808 
f 2833//2808 3115//2808 3038//2807 
o mesh83
f 3159//2821 2739//2821 2937//2822 
f 3162//2822 2937//2822 2952//2823 
f 3188//2823 2952//2823 2935//2824 
f 3190//2824 2935//2824 2933//2825 
f 3165//2825 2933//2825 2932//2826 
f 3168//2826 2932//2826 2949//2827 
f 3170//2827 2949//2827 2909//2828 
f 3172//2828 2909//2828 2907//2829 
f 3093//2829 2907//2829 2906//2830 
f 3096//2830 2906//2830 2904//2831 
f 3127//2831 2904//2831 2902//2832 
f 3026//2832 2902//2832 2900//2833 
f 3029//2833 2900//2833 2885//2834 
f 3031//2834 2885//2834 2868//2835 
f 3008//2835 2868//2835 2866//2836 
f 3191//2836 2866//2836 2865//2837 
f 3174//2837 2865//2837 2805//2838 
f 2805//2838 3175//2838 3174//2837 
f 2865//2837 3174//2837 3191//2836 
f 2866//2836 3191//2836 3008//2835 
f 2868//2835 3008//2835 3031//2834 
f 2885//2834 3031//2834 3029//2833 
f 2900//2833 3029//2833 3026//2832 
f 2902//2832 3026//2832 3127//2831 
f 2904//2831 3127//2831 3096//2830 
f 2906//2830 3096//2830 3093//2829 
f 2907//2829 3093//2829 3172//2828 
f 2909//2828 3172//2828 3170//2827 
f 2949//2827 3170//2827 3168//2826 
f 2932//2826 3168//2826 3165//2825 
f 2933//2825 3165//2825 3190//2824 
f 2935//2824 3190//2824 3188//2823 
f 2952//2823 3188//2823 3162//2822 
f 2937//2822 3162//2822 3159//2821 
o mesh84
f 3086//2839 3126//2840 2964//2840 
f 3137//2841 3086//2839 2945//2842 
f 3040//2843 3137//2841 2929//2844 
f 3154//2845 3040//2843 2928//2846 
f 3152//2847 3154//2845 2966//2848 
f 3153//2849 3152//2847 2965//2850 
f 3173//2851 3153//2849 2959//2852 
f 3099//2853 3173//2851 2958//2854 
f 3100//2855 3099//2853 2963//2856 
f 3098//2857 3100//2855 2947//2858 
f 3056//2859 3098//2857 2946//2860 
f 3032//2861 3056//2859 2948//2862 
f 3033//2863 3032//2861 2930//2864 
f 3128//2865 3033//2863 2899//2866 
f 3011//2867 3128//2865 2898//2868 
f 3012//2869 3011//2867 2960//2870 
f 3009//2871 3012//2869 2867//2872 
f 3010//2873 3009//2871 2869//2874 
f 3030//2875 3010//2873 2886//2876 
f 3027//2877 3030//2875 2901//2878 
f 3028//2879 3027//2877 2903//2880 
f 3097//2881 3028//2879 2905//2882 
f 3094//2883 3097//2881 2931//2884 
f 3095//2885 3094//2883 2908//2886 
f 3171//2887 3095//2885 2910//2888 
f 3169//2889 3171//2887 2950//2890 
f 3166//2891 3169//2889 2951//2892 
f 3167//2893 3166//2891 2934//2894 
f 3189//2895 3167//2893 2936//2896 
f 3163//2897 3189//2895 2953//2898 
f 3164//2899 3163//2897 2954//2900 
f 3201//2901 3164//2899 2938//2902 
f 3202//2903 3201//2901 2939//2904 
f 3186//2905 3202//2903 2881//2906 
f 3187//2907 3186//2905 2880//2908 
f 3199//2909 3187//2907 2825//2910 
f 3160//2911 3199//2909 2824//2912 
f 3161//2913 3160//2911 2846//2914 
f 3158//2915 3161//2913 2790//2916 
f 3150//2917 3158//2915 2789//2918 
f 3151//2919 3150//2917 2791//2920 
f 3185//2921 3151//2919 2764//2922 
f 2967//2923 3185//2921 2741//2924 
f 2993//2925 2967//2923 2740//2926 
f 2981//2927 2993//2925 2806//2928 
f 3007//2929 2981//2927 2808//2930 
f 3025//2931 3007//2929 2807//2932 
f 3023//2933 3025//2931 2793//2934 
f 3024//2935 3023//2933 2792//2936 
f 3092//2937 3024//2935 2809//2938 
f 3090//2939 3092//2937 2854//2940 
f 3091//2941 3090//2939 2847//2942 
f 3145//2943 3091//2941 2827//2944 
f 3146//2945 3145//2943 2826//2946 
f 3084//2947 3146//2945 2766//2948 
f 3085//2949 3084//2947 2765//2950 
f 3136//2951 3085//2949 2962//2952 
f 3126//2840 3136//2951 2961//2951 
f 2961//2951 2964//2840 3126//2840 
f 2962//2952 2961//2951 3136//2951 
f 2765//2950 2962//2952 3085//2949 
f 2766//2948 2765//2950 3084//2947 
f 2826//2946 2766//2948 3146//2945 
f 2827//2944 2826//2946 3145//2943 
f 2847//2942 2827//2944 3091//2941 
f 2854//2940 2847//2942 3090//2939 
f 2809//2938 2854//2940 3092//2937 
f 2792//2936 2809//2938 3024//2935 
f 2793//2934 2792//2936 3023//2933 
f 2807//2932 2793//2934 3025//2931 
f 2808//2930 2807//2932 3007//2929 
f 2806//2928 2808//2930 2981//2927 
f 2740//2926 2806//2928 2993//2925 
f 2741//2924 2740//2926 2967//2923 
f 2764//2922 2741//2924 3185//2921 
f 2791//2920 2764//2922 3151//2919 
f 2789//2918 2791//2920 3150//2917 
f 2790//2916 2789//2918 3158//2915 
f 2846//2914 2790//2916 3161//2913 
f 2824//2912 2846//2914 3160//2911 
f 2825//2910 2824//2912 3199//2909 
f 2880//2908 2825//2910 3187//2907 
f 2881//2906 2880//2908 3186//2905 
f 2939//2904 2881//2906 3202//2903 
f 2938//2902 2939//2904 3201//2901 
f 2954//2900 2938//2902 3164//2899 
f 2953//2898 2954//2900 3163//2897 
f 2936//2896 2953//2898 3189//2895 
f 2934//2894 2936//2896 3167//2893 
f 2951//2892 2934//2894 3166//2891 
f 2950//2890 2951//2892 3169//2889 
f 2910//2888 2950//2890 3171//2887 
f 2908//2886 2910//2888 3095//2885 
f 2931//2884 2908//2886 3094//2883 
f 2905//2882 2931//2884 3097//2881 
f 2903//2880 2905//2882 3028//2879 
f 2901//2878 2903//2880 3027//2877 
f 2886//2876 2901//2878 3030//2875 
f 2869//2874 2886//2876 3010//2873 
f 2867//2872 2869//2874 3009//2871 
f 2960//2870 2867//2872 3012//2869 
f 2898//2868 2960//2870 3011//2867 
f 2899//2866 2898//2868 3128//2865 
f 2930//2864 2899//2866 3033//2863 
f 2948//2862 2930//2864 3032//2861 
f 2946//2860 2948//2862 3056//2859 
f 2947//2858 2946//2860 3098//2857 
f 2963//2856 2947//2858 3100//2855 
f 2958//2854 2963//2856 3099//2853 
f 2959//2852 2958//2854 3173//2851 
f 2965//2850 2959//2852 3153//2849 
f 2966//2848 2965//2850 3152//2847 
f 2928//2846 2966//2848 3154//2845 
f 2929//2844 2928//2846 3040//2843 
f 2945//2842 2929//2844 3137//2841 
f 2964//2840 2945//2842 3086//2839 
o mesh85
f 3179//2953 3194//2954 2941//2954 
f 3177//2955 3179//2953 2920//2956 
f 3144//2957 3177//2955 2919//2958 
f 3142//2959 3144//2957 2922//2960 
f 3048//2961 3142//2959 2956//2962 
f 3046//2963 3048//2961 2925//2964 
f 3089//2965 3046//2963 2924//2966 
f 3005//2967 3089//2965 2927//2968 
f 3003//2969 3005//2967 2894//2970 
f 3001//2971 3003//2969 2893//2972 
f 2992//2973 3001//2971 2896//2974 
f 2980//2975 2992//2973 2884//2976 
f 2978//2977 2980//2975 2862//2978 
f 3017//2979 2978//2977 2861//2980 
f 2974//2981 3017//2979 2864//2982 
f 2975//2983 2974//2981 2944//2984 
f 2990//2985 2975//2983 2840//2986 
f 2999//2987 2990//2985 2839//2988 
f 2997//2989 2999//2987 2851//2990 
f 2998//2991 2997//2989 2870//2992 
f 3043//2993 2998//2991 2872//2994 
f 3041//2995 3043//2993 2871//2996 
f 3042//2997 3041//2995 2887//2998 
f 3139//2999 3042//2997 2874//3000 
f 3140//3001 3139//2999 2873//3002 
f 3087//3003 3140//3001 2912//3004 
f 3088//3005 3087//3003 2911//3006 
f 3138//3007 3088//3005 2876//3008 
f 3125//3009 3138//3007 2875//3010 
f 3083//3011 3125//3009 2888//3012 
f 3135//3013 3083//3011 2889//3014 
f 2968//3015 3135//3013 2878//3016 
f 2996//3017 2968//3015 2877//3018 
f 3037//3019 2996//3017 2891//3020 
f 3064//3021 3037//3019 2890//3022 
f 3111//3023 3064//3021 2850//3024 
f 3132//3025 3111//3023 2849//3026 
f 3110//3027 3132//3025 2857//3028 
f 3062//3029 3110//3027 2798//3030 
f 3063//3031 3062//3029 2797//3032 
f 3108//3033 3063//3031 2799//3034 
f 3109//3035 3108//3033 2781//3036 
f 3192//3037 3109//3035 2760//3038 
f 3148//3039 3192//3037 2759//3040 
f 3149//3041 3148//3039 2736//3042 
f 3157//3043 3149//3041 2819//3044 
f 3184//3045 3157//3043 2787//3046 
f 3182//3047 3184//3045 2786//3048 
f 3183//3049 3182//3047 2801//3050 
f 3200//3051 3183//3049 2803//3052 
f 3197//3053 3200//3051 2802//3054 
f 3198//3055 3197//3053 2882//3056 
f 3203//3057 3198//3055 2859//3058 
f 3204//3059 3203//3057 2858//3060 
f 3196//3061 3204//3059 2914//3062 
f 3181//3063 3196//3061 2913//3064 
f 3195//3065 3181//3063 2917//3066 
f 3194//2954 3195//3065 2916//3065 
f 2916//3065 2941//2954 3194//2954 
f 2917//3066 2916//3065 3195//3065 
f 2913//3064 2917//3066 3181//3063 
f 2914//3062 2913//3064 3196//3061 
f 2858//3060 2914//3062 3204//3059 
f 2859//3058 2858//3060 3203//3057 
f 2882//3056 2859//3058 3198//3055 
f 2802//3054 2882//3056 3197//3053 
f 2803//3052 2802//3054 3200//3051 
f 2801//3050 2803//3052 3183//3049 
f 2786//3048 2801//3050 3182//3047 
f 2787//3046 2786//3048 3184//3045 
f 2819//3044 2787//3046 3157//3043 
f 2736//3042 2819//3044 3149//3041 
f 2759//3040 2736//3042 3148//3039 
f 2760//3038 2759//3040 3192//3037 
f 2781//3036 2760//3038 3109//3035 
f 2799//3034 2781//3036 3108//3033 
f 2797//3032 2799//3034 3063//3031 
f 2798//3030 2797//3032 3062//3029 
f 2857//3028 2798//3030 3110//3027 
f 2849//3026 2857//3028 3132//3025 
f 2850//3024 2849//3026 3111//3023 
f 2890//3022 2850//3024 3064//3021 
f 2891//3020 2890//3022 3037//3019 
f 2877//3018 2891//3020 2996//3017 
f 2878//3016 2877//3018 2968//3015 
f 2889//3014 2878//3016 3135//3013 
f 2888//3012 2889//3014 3083//3011 
f 2875//3010 2888//3012 3125//3009 
f 2876//3008 2875//3010 3138//3007 
f 2911//3006 2876//3008 3088//3005 
f 2912//3004 2911//3006 3087//3003 
f 2873//3002 2912//3004 3140//3001 
f 2874//3000 2873//3002 3139//2999 
f 2887//2998 2874//3000 3042//2997 
f 2871//2996 2887//2998 3041//2995 
f 2872//2994 2871//2996 3043//2993 
f 2870//2992 2872//2994 2998//2991 
f 2851//2990 2870//2992 2997//2989 
f 2839//2988 2851//2990 2999//2987 
f 2840//2986 2839//2988 2990//2985 
f 2944//2984 2840//2986 2975//2983 
f 2864//2982 2944//2984 2974//2981 
f 2861//2980 2864//2982 3017//2979 
f 2862//2978 2861//2980 2978//2977 
f 2884//2976 2862//2978 2980//2975 
f 2896//2974 2884//2976 2992//2973 
f 2893//2972 2896//2974 3001//2971 
f 2894//2970 2893//2972 3003//2969 
f 2927//2968 2894//2970 3005//2967 
f 2924//2966 2927//2968 3089//2965 
f 2925//2964 2924//2966 3046//2963 
f 2956//2962 2925//2964 3048//2961 
f 2922//2960 2956//2962 3142//2959 
f 2919//2958 2922//2960 3144//2957 
f 2920//2956 2919//2958 3177//2955 
f 2941//2954 2920//2956 3179//2953 
o mesh86
f 3114//3067 3113//3068 2855//3068 
f 3112//3069 3114//3067 2836//3070 
f 3069//3071 3112//3069 2835//3072 
f 3039//3073 3069//3071 2837//3074 
f 3016//3075 3039//3073 2796//3076 
f 2995//3077 3016//3075 2785//3078 
f 3068//3079 2995//3077 2783//3080 
f 2988//3081 3068//3079 2782//3082 
f 2989//3083 2988//3081 2800//3084 
f 2994//3085 2989//3083 2784//3086 
f 3015//3087 2994//3085 2761//3088 
f 2971//3089 3015//3087 2738//3090 
f 2972//3091 2971//3089 2737//3092 
f 2987//3093 2972//3091 2763//3094 
f 2985//3095 2987//3093 2762//3096 
f 2986//3097 2985//3095 2758//3098 
f 2969//3099 2986//3097 2853//3100 
f 2970//3101 2969//3099 2852//3102 
f 2983//3103 2970//3101 2842//3104 
f 2984//3105 2983//3103 2841//3106 
f 3036//3107 2984//3105 2844//3108 
f 3013//3109 3036//3107 2843//3110 
f 3014//3111 3013//3109 2879//3112 
f 3034//3113 3014//3111 2845//3114 
f 3035//3115 3034//3113 2823//3116 
f 3067//3117 3035//3115 2821//3118 
f 3065//3119 3067//3117 2820//3120 
f 3066//3121 3065//3119 2822//3122 
f 3131//3123 3066//3121 2788//3124 
f 3107//3125 3131//3123 2804//3126 
f 3105//3127 3107//3125 2829//3128 
f 3106//3129 3105//3127 2828//3130 
f 3130//3131 3106//3129 2810//3132 
f 3103//3133 3130//3131 2746//3134 
f 3104//3135 3103//3133 2745//3136 
f 3129//3137 3104//3135 2812//3138 
f 3060//3139 3129//3137 2811//3140 
f 3061//3141 3060//3139 2749//3142 
f 3058//3143 3061//3141 2748//3144 
f 3059//3145 3058//3143 2770//3146 
f 3101//3147 3059//3145 2772//3148 
f 3102//3149 3101//3147 2771//3150 
f 3124//3151 3102//3149 2751//3152 
f 3082//3153 3124//3151 2750//3154 
f 3080//3155 3082//3153 2753//3156 
f 3078//3157 3080//3155 2755//3158 
f 3076//3159 3078//3157 2757//3160 
f 3074//3161 3076//3159 2774//3162 
f 3071//3163 3074//3161 2776//3164 
f 3072//3165 3071//3163 2778//3166 
f 3123//3167 3072//3165 2780//3168 
f 3121//3169 3123//3167 2830//3170 
f 3119//3171 3121//3169 2815//3172 
f 3117//3173 3119//3171 2817//3174 
f 3133//3175 3117//3173 2832//3176 
f 3155//3177 3133//3175 2834//3178 
f 3156//3179 3155//3177 2848//3180 
f 3113//3068 3156//3179 2856//3179 
f 2856//3179 2855//3068 3113//3068 
f 2848//3180 2856//3179 3156//3179 
f 2834//3178 2848//3180 3155//3177 
f 2832//3176 2834//3178 3133//3175 
f 2817//3174 2832//3176 3117//3173 
f 2815//3172 2817//3174 3119//3171 
f 2830//3170 2815//3172 3121//3169 
f 2780//3168 2830//3170 3123//3167 
f 2778//3166 2780//3168 3072//3165 
f 2776//3164 2778//3166 3071//3163 
f 2774//3162 2776//3164 3074//3161 
f 2757//3160 2774//3162 3076//3159 
f 2755//3158 2757//3160 3078//3157 
f 2753//3156 2755//3158 3080//3155 
f 2750//3154 2753//3156 3082//3153 
f 2751//3152 2750//3154 3124//3151 
f 2771//3150 2751//3152 3102//3149 
f 2772//3148 2771//3150 3101//3147 
f 2770//3146 2772//3148 3059//3145 
f 2748//3144 2770//3146 3058//3143 
f 2749//3142 2748//3144 3061//3141 
f 2811//3140 2749//3142 3060//3139 
f 2812//3138 2811//3140 3129//3137 
f 2745//3136 2812//3138 3104//3135 
f 2746//3134 2745//3136 3103//3133 
f 2810//3132 2746//3134 3130//3131 
f 2828//3130 2810//3132 3106//3129 
f 2829//3128 2828//3130 3105//3127 
f 2804//3126 2829//3128 3107//3125 
f 2788//3124 2804//3126 3131//3123 
f 2822//3122 2788//3124 3066//3121 
f 2820//3120 2822//3122 3065//3119 
f 2821//3118 2820//3120 3067//3117 
f 2823//3116 2821//3118 3035//3115 
f 2845//3114 2823//3116 3034//3113 
f 2879//3112 2845//3114 3014//3111 
f 2843//3110 2879//3112 3013//3109 
f 2844//3108 2843//3110 3036//3107 
f 2841//3106 2844//3108 2984//3105 
f 2842//3104 2841//3106 2983//3103 
f 2852//3102 2842//3104 2970//3101 
f 2853//3100 2852//3102 2969//3099 
f 2758//3098 2853//3100 2986//3097 
f 2762//3096 2758//3098 2985//3095 
f 2763//3094 2762//3096 2987//3093 
f 2737//3092 2763//3094 2972//3091 
f 2738//3090 2737//3092 2971//3089 
f 2761//3088 2738//3090 3015//3087 
f 2784//3086 2761//3088 2994//3085 
f 2800//3084 2784//3086 2989//3083 
f 2782//3082 2800//3084 2988//3081 
f 2783//3080 2782//3082 3068//3079 
f 2785//3078 2783//3080 2995//3077 
f 2796//3076 2785//3078 3016//3075 
f 2837//3074 2796//3076 3039//3073 
f 2835//3072 2837//3074 3069//3071 
f 2836//3070 2835//3072 3112//3069 
f 2855//3068 2836//3070 3114//3067 
g am-5876: A-Frame Leg
v 0.616187 -0.468958 0.0197995 
v 0.616191 -0.468712 0.019674 
v 0.61465 -0.468868 0.0193231 
v 0.616176 -0.46919 0.0199501 
v 0.614647 -0.469114 0.0194486 
v 0.616158 -0.469404 0.0201239 
v 0.614636 -0.469346 0.0195992 
v 0.616133 -0.469598 0.0203191 
v 0.614618 -0.46956 0.0197731 
v 0.616102 -0.46977 0.0205331 
v 0.614593 -0.469754 0.0199682 
v 0.616065 -0.469918 0.0207637 
v 0.614562 -0.469926 0.0201823 
v 0.616021 -0.47004 0.021008 
v 0.614524 -0.470074 0.0204128 
v 0.615973 -0.470134 0.0212632 
v 0.614481 -0.470196 0.0206571 
v 0.61592 -0.4702 0.0215262 
v 0.614432 -0.47029 0.0209123 
v 0.615862 -0.470237 0.0217941 
v 0.614379 -0.470356 0.0211754 
v 0.615802 -0.470244 0.0220637 
v 0.614322 -0.470393 0.0214433 
v 0.615738 -0.470221 0.0223318 
v 0.614261 -0.4704 0.0217129 
v 0.615673 -0.470169 0.0225952 
v 0.614198 -0.470377 0.0219809 
v 0.615606 -0.470088 0.0228509 
v 0.614133 -0.470325 0.0222444 
v 0.61554 -0.469979 0.023096 
v 0.614066 -0.470244 0.0225001 
v 0.615473 -0.469843 0.0233274 
v 0.613999 -0.470135 0.0227451 
v 0.615408 -0.469682 0.0235425 
v 0.613933 -0.469999 0.0229765 
v 0.615344 -0.469498 0.0237388 
v 0.613867 -0.469838 0.0231916 
v 0.615284 -0.469293 0.0239139 
v 0.613804 -0.469654 0.0233879 
v 0.615226 -0.469069 0.0240659 
v 0.613743 -0.469449 0.0235631 
v 0.615173 -0.46883 0.0241929 
v 0.613686 -0.469226 0.023715 
v 0.615125 -0.468577 0.0242935 
v 0.613633 -0.468986 0.023842 
v 0.615081 -0.468314 0.0243664 
v 0.613584 -0.468733 0.0239426 
v 0.615044 -0.468044 0.0244108 
v 0.613541 -0.46847 0.0240155 
v 0.615012 -0.467769 0.0244263 
v 0.613503 -0.4682 0.02406 
v 0.614988 -0.467495 0.0244125 
v 0.613472 -0.467926 0.0240754 
v 0.61497 -0.467222 0.0243697 
v 0.613447 -0.467651 0.0240617 
v 0.614959 -0.466955 0.0242984 
v 0.61343 -0.467378 0.0240189 
v 0.614955 -0.466697 0.0241994 
v 0.613419 -0.467111 0.0239476 
v 0.614959 -0.466451 0.0240739 
v 0.613415 -0.466853 0.0238486 
v 0.61497 -0.466219 0.0239233 
v 0.613419 -0.466607 0.0237231 
v 0.614988 -0.466005 0.0237495 
v 0.61343 -0.466376 0.0235725 
v 0.615012 -0.465811 0.0235543 
v 0.613447 -0.466162 0.0233986 
v 0.615044 -0.465639 0.0233403 
v 0.613472 -0.465967 0.0232035 
v 0.615081 -0.465491 0.0231097 
v 0.613503 -0.465795 0.0229894 
v 0.615125 -0.465369 0.0228654 
v 0.613541 -0.465648 0.0227589 
v 0.615173 -0.465275 0.0226102 
v 0.613584 -0.465526 0.0225146 
v 0.615226 -0.465209 0.0223471 
v 0.613633 -0.465431 0.0222594 
v 0.615284 -0.465172 0.0220793 
v 0.613686 -0.465365 0.0219963 
v 0.615344 -0.465165 0.0218097 
v 0.613743 -0.465329 0.0217284 
v 0.615408 -0.465188 0.0215416 
v 0.613804 -0.465322 0.0214588 
v 0.615473 -0.46524 0.0212782 
v 0.613867 -0.465344 0.0211908 
v 0.61554 -0.465321 0.0210224 
v 0.613933 -0.465397 0.0209273 
v 0.615606 -0.465431 0.0207774 
v 0.613999 -0.465478 0.0206716 
v 0.615673 -0.465566 0.020546 
v 0.614066 -0.465587 0.0204266 
v 0.615738 -0.465727 0.0203309 
v 0.614133 -0.465723 0.0201952 
v 0.615802 -0.465911 0.0201346 
v 0.614198 -0.465883 0.0199801 
v 0.615862 -0.466116 0.0199595 
v 0.614261 -0.466067 0.0197838 
v 0.61592 -0.46634 0.0198075 
v 0.614322 -0.466272 0.0196086 
v 0.615973 -0.466579 0.0196805 
v 0.614379 -0.466496 0.0194567 
v 0.616021 -0.466832 0.0195799 
v 0.614432 -0.466736 0.0193296 
v 0.616065 -0.467095 0.019507 
v 0.614481 -0.466988 0.0192291 
v 0.616102 -0.467366 0.0194626 
v 0.614524 -0.467252 0.0191562 
v 0.616133 -0.46764 0.0194471 
v 0.614562 -0.467522 0.0191117 
v 0.616158 -0.467915 0.0194609 
v 0.614593 -0.467796 0.0190963 
v 0.616176 -0.468187 0.0195037 
v 0.614618 -0.468071 0.01911 
v 0.616187 -0.468454 0.019575 
v 0.614636 -0.468343 0.0191528 
v 0.614647 -0.46861 0.0192241 
v 0.617109 -0.481813 0.0214736 
v 0.609395 -0.459954 0.0456107 
v 0.609328 -0.459819 0.0458422 
v 0.609462 -0.460064 0.0453657 
v 0.335984 -0.0232041 1.05153 
v 0.609263 -0.459658 0.0460573 
v 0.6092 -0.459474 0.0462536 
v 0.609139 -0.459269 0.0464287 
v 0.609082 -0.459045 0.0465807 
v 0.60898 -0.458553 0.0468082 
v 0.608937 -0.45829 0.0468812 
v 0.609028 -0.458806 0.0467077 
v 0.610046 -0.458688 0.0421888 
v 0.610042 -0.45843 0.0420898 
v 0.609528 -0.455542 0.0430608 
v 0.609593 -0.455703 0.0428457 
v 0.617109 -0.458609 0.0111424 
v 0.609395 -0.455297 0.0435372 
v 0.609462 -0.455406 0.0432922 
v 0.609717 -0.460213 0.0443089 
v 0.609657 -0.46022 0.0445785 
v 0.610042 -0.458934 0.0423143 
v 0.335984 -2.89872e-15 1.04119 
v 0.6092 -0.455141 0.0443245 
v 0.609263 -0.455164 0.0440564 
v 0.609593 -0.460197 0.0448466 
v 0.610031 -0.459166 0.0424649 
v 0.610031 -0.458163 0.0420185 
v 0.609876 -0.456808 0.0420947 
v 0.60992 -0.457071 0.0420218 
v 0.609717 -0.456092 0.0424743 
v 0.609775 -0.456316 0.0423223 
v 0.609657 -0.455887 0.0426494 
v 0.609139 -0.455148 0.044594 
v 0.609028 -0.455251 0.045125 
v 0.609082 -0.455185 0.0448619 
v 0.608899 -0.455615 0.045855 
v 0.608937 -0.455467 0.0456245 
v 0.608899 -0.458019 0.0469256 
v 0.609528 -0.460145 0.04511 
v 0.609828 -0.46011 0.043778 
v 0.609775 -0.460176 0.044041 
v 0.609957 -0.459746 0.0430479 
v 0.60992 -0.459894 0.0432785 
v 0.610013 -0.45789 0.0419757 
v 0.609828 -0.456555 0.0421953 
v 0.60898 -0.455345 0.0453802 
v 0.609876 -0.460015 0.0435228 
v 0.609957 -0.457341 0.0419774 
v 0.609989 -0.457616 0.0419619 
v 0.608843 -0.455981 0.0462643 
v 0.608868 -0.455787 0.0460691 
v 0.608811 -0.456673 0.0467142 
v 0.608814 -0.456427 0.0465887 
v 0.608825 -0.457198 0.0468845 
v 0.608814 -0.456931 0.0468132 
v 0.608843 -0.45747 0.0469273 
v 0.608868 -0.457745 0.0469411 
v 0.610013 -0.45938 0.0426387 
v 0.609989 -0.459574 0.0428338 
v 0.609328 -0.455216 0.043793 
v 0.608825 -0.456195 0.0464381 
v 0.608505 -0.458844 0.0418379 
v 0.608502 -0.45909 0.0419634 
v 0.608491 -0.459322 0.042114 
v 0.608473 -0.459536 0.0422879 
v 0.608448 -0.45973 0.042483 
v 0.608417 -0.459902 0.0426971 
v 0.608379 -0.46005 0.0429276 
v 0.608336 -0.460172 0.0431719 
v 0.608288 -0.460266 0.0434271 
v 0.608234 -0.460332 0.0436902 
v 0.608177 -0.460369 0.0439581 
v 0.608116 -0.460376 0.0442277 
v 0.608053 -0.460353 0.0444957 
v 0.607988 -0.460301 0.0447592 
v 0.607921 -0.46022 0.0450149 
v 0.607854 -0.460111 0.0452599 
v 0.607788 -0.459975 0.0454913 
v 0.607723 -0.459814 0.0457064 
v 0.607659 -0.45963 0.0459027 
v 0.607599 -0.459425 0.0460779 
v 0.607541 -0.459201 0.0462298 
v 0.607488 -0.458962 0.0463568 
v 0.607439 -0.458709 0.0464574 
v 0.607396 -0.458446 0.0465303 
v 0.607359 -0.458176 0.0465748 
v 0.607327 -0.457901 0.0465902 
v 0.607303 -0.457626 0.0465765 
v 0.607285 -0.457354 0.0465337 
v 0.607274 -0.457087 0.0464624 
v 0.60727 -0.456829 0.0463634 
v 0.607274 -0.456583 0.0462379 
v 0.607285 -0.456351 0.0460873 
v 0.607303 -0.456137 0.0459134 
v 0.607327 -0.455943 0.0457183 
v 0.607359 -0.455771 0.0455042 
v 0.607396 -0.455623 0.0452737 
v 0.607439 -0.455501 0.0450294 
v 0.607488 -0.455407 0.0447742 
v 0.607541 -0.455341 0.0445111 
v 0.607599 -0.455304 0.0442432 
v 0.607659 -0.455297 0.0439736 
v 0.607723 -0.45532 0.0437056 
v 0.607788 -0.455372 0.0434421 
v 0.607854 -0.455453 0.0431864 
v 0.607921 -0.455563 0.0429414 
v 0.607988 -0.455698 0.04271 
v 0.608053 -0.455859 0.0424949 
v 0.608116 -0.456043 0.0422986 
v 0.608177 -0.456248 0.0421234 
v 0.608234 -0.456472 0.0419715 
v 0.608288 -0.456711 0.0418444 
v 0.608336 -0.456964 0.0417439 
v 0.608379 -0.457227 0.041671 
v 0.608417 -0.457498 0.0416265 
v 0.608448 -0.457772 0.0416111 
v 0.608473 -0.458047 0.0416248 
v 0.608491 -0.458319 0.0416676 
v 0.608502 -0.458586 0.0417389 
v 0.615569 -0.460215 0.0114373 
v 0.334443 -0.00160646 1.04149 
v 0.615569 -0.480519 0.020477 
v 0.334443 -0.02191 1.05053 
v 0.592464 -0.484312 0.01586 
v 0.594004 -0.482706 0.0155651 
v 0.592464 -0.461108 0.00552887 
v 0.594004 -0.462402 0.00652542 
v 0.311338 -0.00249932 1.03558 
v 0.312879 -0.00379337 1.03658 
v 0.311338 -0.0257034 1.04591 
v 0.312879 -0.0240969 1.04562 
v 0.337657 -0.0220706 0.991623 
v 0.372992 -0.0774333 0.867276 
v 0.373044 -0.0775436 0.867028 
v 0.368711 -0.078419 0.865062 
v 0.368917 -0.0784941 0.864894 
v 0.368038 -0.0779356 0.866148 
v 0.333474 -0.0215493 0.992794 
v 0.372911 -0.0773258 0.867518 
v 0.335468 -0.0202786 0.995648 
v 0.337208 -0.0222016 0.991329 
v 0.337441 -0.022141 0.991465 
v 0.372738 -0.0781949 0.865566 
v 0.372861 -0.0780941 0.865792 
v 0.370724 -0.0787192 0.864388 
v 0.370998 -0.078704 0.864422 
v 0.369142 -0.0785596 0.864747 
v 0.369382 -0.0786149 0.864622 
v 0.368527 -0.0783354 0.86525 
v 0.368229 -0.0781463 0.865675 
v 0.368365 -0.0782441 0.865455 
v 0.36812 -0.0780431 0.865907 
v 0.371394 -0.0767096 0.868902 
v 0.37113 -0.0766767 0.868976 
v 0.372665 -0.0771247 0.867969 
v 0.372504 -0.0770335 0.868174 
v 0.372802 -0.0772226 0.86775 
v 0.335742 -0.0202633 0.995682 
v 0.338346 -0.0209395 0.994163 
v 0.338237 -0.0208362 0.994395 
v 0.338391 -0.0216023 0.992675 
v 0.338458 -0.0214932 0.99292 
v 0.373067 -0.0776557 0.866777 
v 0.373023 -0.0778795 0.866274 
v 0.37306 -0.0777681 0.866524 
v 0.372956 -0.0779886 0.866029 
v 0.372416 -0.0783773 0.865156 
v 0.372589 -0.0782897 0.865353 
v 0.371525 -0.078638 0.864571 
v 0.371773 -0.078588 0.864683 
v 0.371266 -0.0786768 0.864483 
v 0.370172 -0.0787133 0.864401 
v 0.370448 -0.0787223 0.864381 
v 0.367971 -0.0776008 0.8669 
v 0.367964 -0.0777132 0.866648 
v 0.333406 -0.0212145 0.993546 
v 0.333399 -0.0213269 0.993293 
v 0.370858 -0.0766556 0.869023 
v 0.372319 -0.0769498 0.868362 
v 0.372113 -0.0768748 0.868531 
v 0.3352 -0.0203058 0.995587 
v 0.338428 -0.0210469 0.993922 
v 0.338495 -0.0213818 0.99317 
v 0.338502 -0.0212694 0.993422 
v 0.338296 -0.0217078 0.992438 
v 0.369636 -0.0786592 0.864523 
v 0.369901 -0.0786922 0.864449 
v 0.367986 -0.0778252 0.866396 
v 0.368075 -0.0773803 0.867395 
v 0.368008 -0.0774894 0.86715 
v 0.368614 -0.0769916 0.868268 
v 0.368441 -0.0770792 0.868072 
v 0.369258 -0.0767809 0.868742 
v 0.369025 -0.0768415 0.868605 
v 0.369765 -0.0766921 0.868941 
v 0.369505 -0.0767309 0.868854 
v 0.333422 -0.0214389 0.993042 
v 0.370583 -0.0766465 0.869043 
v 0.370307 -0.0766496 0.869036 
v 0.371648 -0.076754 0.868802 
v 0.334941 -0.0203446 0.9955 
v 0.33848 -0.0211573 0.993674 
v 0.338025 -0.0219033 0.991999 
v 0.338174 -0.0218086 0.992211 
v 0.372006 -0.0785273 0.864819 
v 0.372221 -0.0784569 0.864977 
v 0.368292 -0.077174 0.867859 
v 0.36817 -0.0772747 0.867632 
v 0.368809 -0.076912 0.868447 
v 0.33351 -0.020994 0.994041 
v 0.333443 -0.0211031 0.993796 
v 0.371889 -0.0768093 0.868678 
v 0.336018 -0.0202602 0.995689 
v 0.338101 -0.0207384 0.994615 
v 0.337939 -0.0206471 0.99482 
v 0.337852 -0.021991 0.991802 
v 0.336701 -0.0222905 0.991129 
v 0.336961 -0.0222517 0.991216 
v 0.335336 -0.0223059 0.991095 
v 0.335608 -0.022327 0.991047 
v 0.333801 -0.0218578 0.992101 
v 0.333962 -0.0219491 0.991896 
v 0.333555 -0.0216568 0.992552 
v 0.33405 -0.0206052 0.994914 
v 0.333877 -0.0206929 0.994717 
v 0.336294 -0.0202693 0.995669 
v 0.337324 -0.020423 0.995324 
v 0.337084 -0.0203677 0.995448 
v 0.337755 -0.0205635 0.995008 
v 0.337549 -0.0204885 0.995176 
v 0.336433 -0.0223177 0.991068 
v 0.335883 -0.022336 0.991027 
v 0.334147 -0.0220327 0.991708 
v 0.333664 -0.02176 0.992321 
v 0.370033 -0.0766649 0.869002 
v 0.333728 -0.0207877 0.994504 
v 0.33446 -0.0204552 0.995251 
v 0.334245 -0.0205257 0.995093 
v 0.334693 -0.0203946 0.995387 
v 0.336159 -0.0223329 0.991034 
v 0.334353 -0.0221078 0.991539 
v 0.334577 -0.0221733 0.991392 
v 0.333605 -0.0208884 0.994278 
v 0.33683 -0.0203233 0.995547 
v 0.336565 -0.0202904 0.995621 
v 0.334818 -0.0222286 0.991268 
v 0.335072 -0.0222729 0.991168 
v 0.368038 -0.0793859 0.866794 
v 0.334147 -0.023483 0.992354 
v 0.333962 -0.0233994 0.992542 
v 0.36812 -0.0794933 0.866552 
v 0.369142 -0.0800099 0.865392 
v 0.368917 -0.0799443 0.865539 
v 0.333422 -0.0228892 0.993687 
v 0.333399 -0.0227771 0.993939 
v 0.334353 -0.023558 0.992185 
v 0.368229 -0.0795966 0.866321 
v 0.368527 -0.0797857 0.865896 
v 0.368365 -0.0796944 0.866101 
v 0.368711 -0.0798693 0.865708 
v 0.369636 -0.0801095 0.865168 
v 0.369382 -0.0800651 0.865268 
v 0.333474 -0.0229996 0.993439 
v 0.333664 -0.0232103 0.992966 
v 0.333555 -0.023107 0.993198 
v 0.333801 -0.0233081 0.992747 
v 0.3352 -0.021756 0.996233 
v 0.370172 -0.0801635 0.865047 
v 0.369901 -0.0801424 0.865094 
v 0.335468 -0.0217288 0.996294 
v 0.371266 -0.080127 0.865129 
v 0.370998 -0.0801542 0.865068 
v 0.372006 -0.0799776 0.865465 
v 0.371773 -0.0800382 0.865329 
v 0.372956 -0.0794388 0.866675 
v 0.372861 -0.0795444 0.866438 
v 0.372992 -0.0788835 0.867922 
v 0.372802 -0.0786728 0.868395 
v 0.372911 -0.0787761 0.868163 
v 0.338428 -0.0224972 0.994568 
v 0.367986 -0.0792755 0.867042 
v 0.367964 -0.0791634 0.867293 
v 0.334941 -0.0217949 0.996145 
v 0.333406 -0.0226647 0.994191 
v 0.333443 -0.0225533 0.994442 
v 0.334818 -0.0236788 0.991914 
v 0.334577 -0.0236235 0.992038 
v 0.335336 -0.0237561 0.99174 
v 0.335072 -0.0237232 0.991814 
v 0.371525 -0.0800882 0.865216 
v 0.372738 -0.0796451 0.866211 
v 0.372589 -0.0797399 0.865999 
v 0.373023 -0.0793297 0.86692 
v 0.373067 -0.0791059 0.867422 
v 0.37306 -0.0792183 0.86717 
v 0.373044 -0.0789939 0.867674 
v 0.338495 -0.022832 0.993816 
v 0.338458 -0.0229434 0.993566 
v 0.33848 -0.0226076 0.99432 
v 0.372665 -0.078575 0.868615 
v 0.372319 -0.0784001 0.869008 
v 0.372504 -0.0784837 0.86882 
v 0.371394 -0.0781599 0.869547 
v 0.371648 -0.0782042 0.869448 
v 0.370583 -0.0780968 0.869689 
v 0.370858 -0.0781058 0.869669 
v 0.370033 -0.0781151 0.869648 
v 0.370307 -0.0780999 0.869682 
v 0.338101 -0.0221887 0.995261 
v 0.338237 -0.0222865 0.995041 
v 0.368614 -0.0784418 0.868914 
v 0.368809 -0.0783623 0.869093 
v 0.367971 -0.079051 0.867546 
v 0.368008 -0.0789396 0.867796 
v 0.335742 -0.0217136 0.996328 
v 0.370724 -0.0801695 0.865034 
v 0.370448 -0.0801726 0.865027 
v 0.336433 -0.0237679 0.991714 
v 0.336159 -0.0237832 0.991679 
v 0.337657 -0.0235208 0.992269 
v 0.337441 -0.0235913 0.99211 
v 0.338391 -0.0230525 0.99332 
v 0.338502 -0.0227196 0.994068 
v 0.371889 -0.0782595 0.869324 
v 0.372113 -0.078325 0.869176 
v 0.37113 -0.078127 0.869621 
v 0.338346 -0.0223897 0.994809 
v 0.369025 -0.0782918 0.869251 
v 0.368075 -0.0788305 0.868041 
v 0.36817 -0.078725 0.868278 
v 0.334693 -0.0218449 0.996033 
v 0.372416 -0.0798276 0.865802 
v 0.372221 -0.0799071 0.865623 
v 0.335883 -0.0237863 0.991672 
v 0.335608 -0.0237772 0.991693 
v 0.336701 -0.0237407 0.991775 
v 0.337208 -0.0236519 0.991974 
v 0.338296 -0.0231581 0.993083 
v 0.338174 -0.0232588 0.992857 
v 0.337755 -0.0220138 0.995654 
v 0.337939 -0.0220974 0.995466 
v 0.369258 -0.0782312 0.869387 
v 0.369505 -0.0781812 0.8695 
v 0.368441 -0.0785295 0.868717 
v 0.336018 -0.0217105 0.996335 
v 0.333728 -0.0222379 0.99515 
v 0.333877 -0.0221432 0.995363 
v 0.33351 -0.0224442 0.994687 
v 0.333605 -0.0223387 0.994924 
v 0.336961 -0.0237019 0.991862 
v 0.338025 -0.0233536 0.992644 
v 0.337852 -0.0234413 0.992447 
v 0.368292 -0.0786242 0.868504 
v 0.33683 -0.0217736 0.996193 
v 0.337084 -0.0218179 0.996093 
v 0.33446 -0.0219055 0.995897 
v 0.33405 -0.0220555 0.99556 
v 0.334245 -0.021976 0.995739 
v 0.369765 -0.0781423 0.869587 
v 0.337324 -0.0218732 0.995969 
v 0.336294 -0.0217195 0.996314 
v 0.336565 -0.0217406 0.996267 
v 0.337549 -0.0219387 0.995822 
v 0.335336 -0.0455099 1.00143 
v 0.368038 -0.10114 0.876479 
v 0.36812 -0.101247 0.876238 
v 0.335883 -0.0455401 1.00136 
v 0.335608 -0.045531 1.00138 
v 0.369142 -0.101764 0.875078 
v 0.368917 -0.101698 0.875225 
v 0.3352 -0.0435098 1.00592 
v 0.335468 -0.0434826 1.00598 
v 0.368229 -0.10135 0.876006 
v 0.368527 -0.101539 0.875581 
v 0.368365 -0.101448 0.875786 
v 0.368711 -0.101623 0.875393 
v 0.369636 -0.101863 0.874854 
v 0.369382 -0.101819 0.874954 
v 0.371266 -0.101881 0.874814 
v 0.370998 -0.101908 0.874753 
v 0.372006 -0.101731 0.87515 
v 0.371773 -0.101792 0.875014 
v 0.372956 -0.101193 0.87636 
v 0.372861 -0.101298 0.876123 
v 0.372992 -0.100637 0.877607 
v 0.372319 -0.100154 0.878693 
v 0.372504 -0.100238 0.878505 
v 0.338428 -0.044251 1.00425 
v 0.367986 -0.101029 0.876727 
v 0.367964 -0.100917 0.876979 
v 0.333422 -0.044643 1.00337 
v 0.333399 -0.0445309 1.00362 
v 0.334147 -0.0452368 1.00204 
v 0.333962 -0.0451532 1.00223 
v 0.371525 -0.101842 0.874902 
v 0.372738 -0.101399 0.875897 
v 0.372589 -0.101494 0.875684 
v 0.373023 -0.101084 0.876605 
v 0.373067 -0.10086 0.877108 
v 0.37306 -0.100972 0.876855 
v 0.373044 -0.100748 0.87736 
v 0.372802 -0.100427 0.878081 
v 0.372911 -0.10053 0.877849 
v 0.372665 -0.100329 0.8783 
v 0.371394 -0.0999137 0.879233 
v 0.371648 -0.099958 0.879133 
v 0.370583 -0.0998506 0.879375 
v 0.370858 -0.0998596 0.879354 
v 0.370033 -0.0998689 0.879333 
v 0.370307 -0.0998537 0.879368 
v 0.338101 -0.0439425 1.00495 
v 0.338237 -0.0440403 1.00473 
v 0.368614 -0.100196 0.8786 
v 0.368809 -0.100116 0.878778 
v 0.367971 -0.100805 0.877231 
v 0.368008 -0.100693 0.877481 
v 0.334941 -0.0435487 1.00583 
v 0.333474 -0.0447534 1.00312 
v 0.333801 -0.0450619 1.00243 
v 0.333664 -0.0449641 1.00265 
v 0.334353 -0.0453118 1.00187 
v 0.370172 -0.101917 0.874732 
v 0.369901 -0.101896 0.87478 
v 0.370724 -0.101923 0.874719 
v 0.370448 -0.101926 0.874712 
v 0.371889 -0.100013 0.879009 
v 0.372113 -0.100079 0.878862 
v 0.37113 -0.0998808 0.879307 
v 0.338346 -0.0441435 1.00449 
v 0.369025 -0.100046 0.878937 
v 0.368075 -0.100584 0.877726 
v 0.36817 -0.100479 0.877964 
v 0.334693 -0.0435987 1.00572 
v 0.333555 -0.0448608 1.00288 
v 0.334818 -0.0454326 1.0016 
v 0.334577 -0.0453774 1.00172 
v 0.372416 -0.101581 0.875487 
v 0.372221 -0.101661 0.875308 
v 0.338495 -0.0445858 1.0035 
v 0.338458 -0.0446972 1.00325 
v 0.337755 -0.0437676 1.00534 
v 0.337939 -0.0438512 1.00515 
v 0.369258 -0.099985 0.879073 
v 0.369505 -0.099935 0.879185 
v 0.368441 -0.100283 0.878403 
v 0.335742 -0.0434674 1.00601 
v 0.333406 -0.0444185 1.00388 
v 0.333443 -0.0443071 1.00413 
v 0.335072 -0.045477 1.0015 
v 0.336433 -0.0455217 1.0014 
v 0.336159 -0.045537 1.00136 
v 0.337657 -0.0452746 1.00195 
v 0.337441 -0.0453451 1.0018 
v 0.338391 -0.0448063 1.00301 
v 0.368292 -0.100378 0.87819 
v 0.33683 -0.0435274 1.00588 
v 0.337084 -0.0435717 1.00578 
v 0.336018 -0.0434643 1.00602 
v 0.333728 -0.0439917 1.00484 
v 0.333877 -0.043897 1.00505 
v 0.33351 -0.044198 1.00437 
v 0.333605 -0.0440925 1.00461 
v 0.336701 -0.0454945 1.00146 
v 0.337208 -0.0454057 1.00166 
v 0.338502 -0.0444734 1.00375 
v 0.33848 -0.0443614 1.00401 
v 0.369765 -0.0998961 0.879272 
v 0.337324 -0.043627 1.00565 
v 0.336294 -0.0434733 1.006 
v 0.336565 -0.0434944 1.00595 
v 0.33446 -0.0436593 1.00558 
v 0.336961 -0.0454557 1.00155 
v 0.338296 -0.0449119 1.00277 
v 0.338174 -0.0450126 1.00254 
v 0.337549 -0.0436925 1.00551 
v 0.33405 -0.0438093 1.00525 
v 0.334245 -0.0437298 1.00542 
v 0.338025 -0.0451074 1.00233 
v 0.337852 -0.0451951 1.00213 
v 0.372992 -0.0991871 0.876962 
v 0.338391 -0.0433561 1.00236 
v 0.338458 -0.043247 1.00261 
v 0.373044 -0.0992974 0.876714 
v 0.372738 -0.0999487 0.875251 
v 0.372861 -0.0998479 0.875477 
v 0.338346 -0.0426933 1.00385 
v 0.338237 -0.04259 1.00408 
v 0.338296 -0.0434616 1.00212 
v 0.373067 -0.0994095 0.876462 
v 0.373023 -0.0996333 0.87596 
v 0.37306 -0.0995219 0.87621 
v 0.372956 -0.0997424 0.875714 
v 0.372416 -0.100131 0.874841 
v 0.372589 -0.100043 0.875038 
v 0.338428 -0.0428007 1.00361 
v 0.338502 -0.0430232 1.00311 
v 0.33848 -0.0429111 1.00336 
v 0.338495 -0.0431356 1.00286 
v 0.372006 -0.100281 0.874504 
v 0.372221 -0.100211 0.874663 
v 0.335468 -0.0420324 1.00533 
v 0.370998 -0.100458 0.874108 
v 0.371266 -0.100431 0.874169 
v 0.368711 -0.100173 0.874748 
v 0.368917 -0.100248 0.874579 
v 0.368038 -0.0996894 0.875833 
v 0.333474 -0.0433031 1.00248 
v 0.372665 -0.0988785 0.877655 
v 0.372504 -0.0987873 0.87786 
v 0.3352 -0.0420596 1.00527 
v 0.338101 -0.0424922 1.0043 
v 0.337939 -0.0424009 1.00451 
v 0.338025 -0.0436571 1.00168 
v 0.338174 -0.0435624 1.0019 
v 0.337657 -0.0438244 1.00131 
v 0.337852 -0.0437448 1.00149 
v 0.371525 -0.100392 0.874256 
v 0.371773 -0.100342 0.874368 
v 0.370724 -0.100473 0.874073 
v 0.370172 -0.100467 0.874087 
v 0.370448 -0.100476 0.874066 
v 0.369142 -0.100313 0.874432 
v 0.369382 -0.100369 0.874308 
v 0.368527 -0.100089 0.874936 
v 0.368229 -0.0999001 0.87536 
v 0.368365 -0.0999979 0.875141 
v 0.36812 -0.0997969 0.875592 
v 0.371394 -0.0984634 0.878587 
v 0.37113 -0.0984305 0.878661 
v 0.372802 -0.0989764 0.877435 
v 0.372911 -0.0990796 0.877203 
v 0.335742 -0.0420171 1.00537 
v 0.333801 -0.0436116 1.00179 
v 0.333962 -0.0437029 1.00158 
v 0.367971 -0.0993546 0.876585 
v 0.367964 -0.099467 0.876333 
v 0.333406 -0.0429683 1.00323 
v 0.333399 -0.0430807 1.00298 
v 0.370858 -0.0984094 0.878708 
v 0.372319 -0.0987036 0.878048 
v 0.372113 -0.0986286 0.878216 
v 0.334941 -0.0420984 1.00519 
v 0.369636 -0.100413 0.874208 
v 0.369901 -0.100446 0.874134 
v 0.336701 -0.0440443 1.00081 
v 0.336961 -0.0440055 1.0009 
v 0.335336 -0.0440597 1.00078 
v 0.335608 -0.0440808 1.00073 
v 0.334147 -0.0437865 1.00139 
v 0.367986 -0.099579 0.876081 
v 0.368075 -0.0991341 0.877081 
v 0.368008 -0.0992432 0.876836 
v 0.368614 -0.0987454 0.877954 
v 0.368441 -0.098833 0.877757 
v 0.369258 -0.0985347 0.878427 
v 0.369025 -0.0985953 0.878291 
v 0.369765 -0.0984459 0.878627 
v 0.369505 -0.0984847 0.878539 
v 0.333422 -0.0431927 1.00273 
v 0.370583 -0.0984003 0.878729 
v 0.370307 -0.0984034 0.878722 
v 0.371648 -0.0985078 0.878487 
v 0.336018 -0.042014 1.00537 
v 0.337324 -0.0421768 1.00501 
v 0.337084 -0.0421215 1.00513 
v 0.337755 -0.0423173 1.00469 
v 0.337549 -0.0422423 1.00486 
v 0.337208 -0.0439554 1.00101 
v 0.337441 -0.0438948 1.00115 
v 0.336433 -0.0440715 1.00075 
v 0.335883 -0.0440898 1.00071 
v 0.333664 -0.0435138 1.00201 
v 0.333555 -0.0434106 1.00224 
v 0.368292 -0.0989278 0.877544 
v 0.36817 -0.0990285 0.877318 
v 0.368809 -0.0986658 0.878133 
v 0.33351 -0.0427478 1.00373 
v 0.333443 -0.0428569 1.00348 
v 0.371889 -0.0985631 0.878363 
v 0.336294 -0.0420231 1.00535 
v 0.336159 -0.0440867 1.00072 
v 0.334353 -0.0438616 1.00122 
v 0.334577 -0.0439271 1.00108 
v 0.33405 -0.042359 1.0046 
v 0.333877 -0.0424467 1.0044 
v 0.33446 -0.042209 1.00494 
v 0.334245 -0.0422795 1.00478 
v 0.334693 -0.0421484 1.00507 
v 0.334818 -0.0439824 1.00095 
v 0.335072 -0.0440267 1.00085 
v 0.370033 -0.0984187 0.878688 
v 0.333728 -0.0425415 1.00419 
v 0.33683 -0.0420771 1.00523 
v 0.336565 -0.0420442 1.00531 
v 0.333605 -0.0426422 1.00396 
v 0.584816 -0.457906 0.0376787 
v 0.584749 -0.457797 0.0379237 
v 0.318097 -0.0253792 1.01609 
v 0.590699 -0.467665 0.0161961 
v 0.590638 -0.467672 0.0164657 
v 0.318101 -0.025133 1.01597 
v 0.590828 -0.46774 0.0156646 
v 0.590762 -0.467687 0.015928 
v 0.590961 -0.46793 0.0151639 
v 0.590894 -0.467821 0.0154089 
v 0.591027 -0.468066 0.0149325 
v 0.591156 -0.46841 0.0145211 
v 0.591093 -0.468226 0.0147173 
v 0.591217 -0.468615 0.0143459 
v 0.590581 -0.467708 0.0167336 
v 0.312908 -0.0143334 1.03396 
v 0.312841 -0.0142243 1.0342 
v 0.31304 -0.0146299 1.03351 
v 0.312974 -0.0144691 1.03373 
v 0.317648 -0.0221481 1.01663 
v 0.317583 -0.0219873 1.01684 
v 0.590342 -0.468505 0.0181359 
v 0.585072 -0.458591 0.0368607 
v 0.585011 -0.458386 0.0370359 
v 0.585397 -0.460929 0.0364762 
v 0.590314 -0.46895 0.0184603 
v 0.59031 -0.469196 0.0185859 
v 0.590314 -0.469455 0.0186849 
v 0.585397 -0.461433 0.0367007 
v 0.5854 -0.461187 0.0365752 
v 0.590479 -0.467869 0.0172518 
v 0.590436 -0.467991 0.0174961 
v 0.318097 -0.024875 1.01587 
v 0.591327 -0.469079 0.0140669 
v 0.591274 -0.468839 0.0141939 
v 0.318012 -0.0261911 1.01683 
v 0.584683 -0.457715 0.0381794 
v 0.584617 -0.457663 0.0384428 
v 0.318044 -0.0260191 1.01661 
v 0.312775 -0.0141431 1.03446 
v 0.312709 -0.0140909 1.03472 
v 0.31745 -0.0217425 1.01732 
v 0.313164 -0.0150189 1.03314 
v 0.317517 -0.0218515 1.01707 
v 0.313366 -0.0159981 1.03269 
v 0.313323 -0.0157351 1.03276 
v 0.584948 -0.458202 0.0372321 
v 0.585386 -0.461665 0.0368513 
v 0.590342 -0.469994 0.0187989 
v 0.584883 -0.462644 0.0394965 
v 0.584948 -0.462696 0.039233 
v 0.590528 -0.467774 0.0169967 
v 0.591457 -0.469865 0.013849 
v 0.591419 -0.469595 0.0138934 
v 0.591027 -0.472668 0.0169817 
v 0.591093 -0.47272 0.0167182 
v 0.584554 -0.461973 0.04064 
v 0.584617 -0.462157 0.0404437 
v 0.584554 -0.45764 0.0387109 
v 0.316869 -0.0233762 1.02059 
v 0.313478 -0.0180926 1.03313 
v 0.313488 -0.0178611 1.03298 
v 0.312383 -0.0172167 1.03755 
v 0.312426 -0.0174797 1.03747 
v 0.312257 -0.0156 1.03738 
v 0.312475 -0.0141778 1.03579 
v 0.312426 -0.0142723 1.03605 
v 0.313221 -0.0152426 1.03299 
v 0.317712 -0.0223321 1.01643 
v 0.313404 -0.0162684 1.03264 
v 0.584749 -0.462454 0.0399972 
v 0.584816 -0.462563 0.0397522 
v 0.584883 -0.458041 0.0374473 
v 0.585182 -0.459055 0.0365817 
v 0.585129 -0.458815 0.0367087 
v 0.585312 -0.459841 0.0363638 
v 0.585274 -0.45957 0.0364082 
v 0.585386 -0.460662 0.0364049 
v 0.590324 -0.468719 0.0183098 
v 0.591376 -0.469332 0.0139664 
v 0.591545 -0.471211 0.0140604 
v 0.591156 -0.472743 0.0164501 
v 0.590894 -0.472478 0.0174824 
v 0.590961 -0.472587 0.0172374 
v 0.584493 -0.461768 0.0408151 
v 0.584383 -0.461305 0.0410941 
v 0.584436 -0.461545 0.0409671 
v 0.584253 -0.460519 0.0413121 
v 0.584291 -0.460789 0.0412676 
v 0.584334 -0.457845 0.0397666 
v 0.584291 -0.457966 0.0400109 
v 0.584493 -0.457647 0.0389805 
v 0.584436 -0.457684 0.0392484 
v 0.318068 -0.0258249 1.01642 
v 0.31346 -0.0183067 1.0333 
v 0.316898 -0.0239155 1.02071 
v 0.313274 -0.019037 1.03444 
v 0.313323 -0.0189425 1.03419 
v 0.312908 -0.0189905 1.03603 
v 0.312974 -0.0190717 1.03578 
v 0.312345 -0.0169465 1.03759 
v 0.312261 -0.015858 1.03748 
v 0.312271 -0.0151222 1.0371 
v 0.312261 -0.0153537 1.03725 
v 0.312383 -0.0143941 1.03629 
v 0.313103 -0.0148139 1.03332 
v 0.313435 -0.0165425 1.03263 
v 0.318012 -0.0237865 1.01576 
v 0.317975 -0.0235163 1.0158 
v 0.590699 -0.471997 0.0181252 
v 0.590762 -0.472181 0.0179289 
v 0.590638 -0.471792 0.0183003 
v 0.585231 -0.459307 0.0364812 
v 0.590324 -0.469721 0.0187562 
v 0.585231 -0.462515 0.0379092 
v 0.585274 -0.462393 0.0376649 
v 0.585072 -0.462712 0.0386954 
v 0.585129 -0.462675 0.0384275 
v 0.585011 -0.462719 0.0389649 
v 0.591513 -0.470414 0.0138473 
v 0.591488 -0.470139 0.0138336 
v 0.591541 -0.470953 0.0139614 
v 0.591531 -0.471689 0.0143365 
v 0.591541 -0.471458 0.0141859 
v 0.591376 -0.472539 0.0153944 
v 0.591419 -0.472417 0.0151501 
v 0.591217 -0.472736 0.0161806 
v 0.591274 -0.472699 0.0159127 
v 0.584334 -0.461052 0.0411947 
v 0.584165 -0.459172 0.0411007 
v 0.584169 -0.45943 0.0411997 
v 0.58418 -0.458695 0.0408246 
v 0.584169 -0.458926 0.0409751 
v 0.584383 -0.45775 0.0395115 
v 0.316866 -0.0231181 1.02049 
v 0.313366 -0.0188207 1.03394 
v 0.313164 -0.0191397 1.03498 
v 0.312841 -0.0188815 1.03628 
v 0.312646 -0.0184009 1.03692 
v 0.312709 -0.0185849 1.03672 
v 0.312528 -0.0179722 1.03725 
v 0.312585 -0.0181959 1.03709 
v 0.312475 -0.0177326 1.03737 
v 0.312271 -0.0161248 1.03755 
v 0.312289 -0.0149081 1.03693 
v 0.312528 -0.0141119 1.03553 
v 0.312646 -0.0140681 1.03499 
v 0.312585 -0.0140752 1.03526 
v 0.313274 -0.0154822 1.03286 
v 0.317772 -0.0225371 1.01625 
v 0.317931 -0.0232533 1.01587 
v 0.585368 -0.46039 0.0363621 
v 0.585343 -0.460115 0.0363484 
v 0.585368 -0.461879 0.0370252 
v 0.585182 -0.462609 0.0381644 
v 0.590398 -0.468138 0.0177267 
v 0.590367 -0.46831 0.0179408 
v 0.591531 -0.470687 0.0138901 
v 0.591513 -0.471903 0.0145104 
v 0.591327 -0.472633 0.0156496 
v 0.584197 -0.45997 0.0413137 
v 0.584222 -0.460245 0.0413275 
v 0.58418 -0.459697 0.041271 
v 0.584197 -0.45848 0.0406507 
v 0.584253 -0.458114 0.0402415 
v 0.584222 -0.458286 0.0404556 
v 0.317517 -0.0265087 1.01915 
v 0.317583 -0.0265899 1.01889 
v 0.31745 -0.0263996 1.01939 
v 0.31688 -0.023643 1.02066 
v 0.31688 -0.0226404 1.02022 
v 0.316869 -0.0228719 1.02037 
v 0.313404 -0.0186729 1.03371 
v 0.313103 -0.0191467 1.03524 
v 0.31304 -0.0191239 1.03551 
v 0.312775 -0.0187457 1.03651 
v 0.312289 -0.0163973 1.03759 
v 0.312314 -0.0166723 1.03761 
v 0.317383 -0.0216613 1.01757 
v 0.313488 -0.0173568 1.03276 
v 0.313478 -0.01709 1.03268 
v 0.31783 -0.0227608 1.0161 
v 0.317883 -0.0230004 1.01598 
v 0.318068 -0.0243357 1.01576 
v 0.318044 -0.0240607 1.01574 
v 0.318086 -0.0246082 1.0158 
v 0.590828 -0.472342 0.0177138 
v 0.590528 -0.471329 0.0185793 
v 0.590581 -0.471569 0.0184523 
v 0.590398 -0.470543 0.0187973 
v 0.590436 -0.470813 0.0187528 
v 0.585312 -0.462245 0.0374344 
v 0.585343 -0.462073 0.0372203 
v 0.591457 -0.472269 0.0149196 
v 0.591488 -0.472097 0.0147055 
v 0.584683 -0.462318 0.0402286 
v 0.317883 -0.0265551 1.01756 
v 0.317931 -0.0264607 1.0173 
v 0.313435 -0.0185009 1.0335 
v 0.316898 -0.0224263 1.02004 
v 0.313221 -0.0191029 1.03471 
v 0.31346 -0.0168175 1.03264 
v 0.590479 -0.471076 0.0186799 
v 0.317975 -0.0263389 1.01706 
v 0.317712 -0.0266649 1.01836 
v 0.317772 -0.0266578 1.01809 
v 0.317648 -0.0266421 1.01863 
v 0.317318 -0.0261031 1.01984 
v 0.317383 -0.0262639 1.01962 
v 0.316992 -0.0247348 1.02066 
v 0.317035 -0.0249979 1.02059 
v 0.312345 -0.0145419 1.03652 
v 0.312314 -0.0147139 1.03674 
v 0.590367 -0.470269 0.0188127 
v 0.318086 -0.0256108 1.01624 
v 0.31783 -0.0266211 1.01782 
v 0.317255 -0.0259191 1.02003 
v 0.317137 -0.0254904 1.02036 
v 0.317194 -0.025714 1.02021 
v 0.316954 -0.0244646 1.02071 
v 0.316923 -0.0241904 1.02072 
v 0.317083 -0.021696 1.01891 
v 0.317035 -0.0217905 1.01916 
v 0.317318 -0.0216091 1.01784 
v 0.317083 -0.0252507 1.02049 
v 0.316954 -0.0220601 1.01964 
v 0.316923 -0.0222321 1.01985 
v 0.316992 -0.0219123 1.0194 
v 0.317255 -0.0215863 1.0181 
v 0.313492 -0.0176148 1.03285 
v 0.317137 -0.02163 1.01864 
v 0.317194 -0.0215933 1.01837 
v 0.586356 -0.462407 0.040103 
v 0.58629 -0.462298 0.040348 
v 0.319637 -0.0247188 1.01622 
v 0.592239 -0.471841 0.018476 
v 0.592179 -0.471636 0.0186512 
v 0.314448 -0.0188343 1.03638 
v 0.314381 -0.0187252 1.03663 
v 0.31458 -0.0189677 1.03586 
v 0.314515 -0.0189155 1.03613 
v 0.319641 -0.0249768 1.01632 
v 0.592368 -0.472186 0.0180646 
v 0.592303 -0.472025 0.0182798 
v 0.592501 -0.472431 0.0175882 
v 0.592434 -0.472322 0.0178332 
v 0.314315 -0.0185895 1.03686 
v 0.31425 -0.0184287 1.03707 
v 0.31899 -0.0262434 1.01974 
v 0.314704 -0.0189834 1.03533 
v 0.314643 -0.0189905 1.0356 
v 0.319189 -0.0264859 1.01898 
v 0.319123 -0.0264336 1.01924 
v 0.314906 -0.0186645 1.0343 
v 0.314863 -0.0187863 1.03454 
v 0.592568 -0.472512 0.0173325 
v 0.592696 -0.472587 0.016801 
v 0.592633 -0.472564 0.0170691 
v 0.314015 -0.0175764 1.03772 
v 0.313967 -0.0173235 1.03783 
v 0.314761 -0.0189467 1.03506 
v 0.319057 -0.0263525 1.0195 
v 0.314944 -0.0185167 1.03406 
v 0.591854 -0.469298 0.0190357 
v 0.59185 -0.46904 0.0189367 
v 0.586941 -0.461031 0.036926 
v 0.591854 -0.468794 0.0188112 
v 0.586937 -0.460773 0.036827 
v 0.591883 -0.468348 0.0184867 
v 0.586423 -0.457885 0.0377981 
v 0.586488 -0.458046 0.037583 
v 0.592757 -0.47258 0.0165314 
v 0.313801 -0.0157018 1.03783 
v 0.313797 -0.0154438 1.03773 
v 0.313923 -0.0170605 1.0379 
v 0.314975 -0.0183447 1.03385 
v 0.58629 -0.45764 0.0382745 
v 0.586356 -0.457749 0.0380295 
v 0.591883 -0.469838 0.0191498 
v 0.586612 -0.462556 0.0390462 
v 0.586552 -0.462563 0.0393158 
v 0.586937 -0.461277 0.0370516 
v 0.592121 -0.471413 0.0188032 
v 0.592568 -0.467909 0.0152833 
v 0.592633 -0.46807 0.0150682 
v 0.319553 -0.0236303 1.01611 
v 0.586094 -0.457484 0.0390618 
v 0.586158 -0.457507 0.0387937 
v 0.313801 -0.0151975 1.03761 
v 0.313812 -0.0159686 1.0379 
v 0.314068 -0.017816 1.0376 
v 0.314186 -0.0182447 1.03727 
v 0.314126 -0.0180397 1.03745 
v 0.314815 -0.0188808 1.03479 
v 0.319515 -0.0261827 1.01741 
v 0.319472 -0.0263045 1.01765 
v 0.592239 -0.467508 0.016547 
v 0.592303 -0.467531 0.0162789 
v 0.592179 -0.467515 0.0168165 
v 0.586488 -0.46254 0.0395839 
v 0.586926 -0.461509 0.0372021 
v 0.591865 -0.469565 0.019107 
v 0.591865 -0.468563 0.0186606 
v 0.586926 -0.460506 0.0367557 
v 0.586771 -0.459151 0.036832 
v 0.586815 -0.459414 0.0367591 
v 0.586612 -0.458435 0.0372116 
v 0.58667 -0.458659 0.0370596 
v 0.586552 -0.45823 0.0373867 
v 0.592019 -0.47092 0.0190307 
v 0.591976 -0.470657 0.0191037 
v 0.319637 -0.025223 1.01645 
v 0.592868 -0.472477 0.0160004 
v 0.592814 -0.472543 0.0162635 
v 0.592696 -0.468254 0.0148719 
v 0.592434 -0.467665 0.0157597 
v 0.592501 -0.467774 0.0155147 
v 0.586034 -0.457491 0.0393313 
v 0.585923 -0.457594 0.0398623 
v 0.585976 -0.457528 0.0395992 
v 0.585794 -0.457958 0.0405923 
v 0.585831 -0.45781 0.0403618 
v 0.586223 -0.462162 0.0405794 
v 0.586158 -0.462001 0.0407945 
v 0.319584 -0.0239045 1.01609 
v 0.313812 -0.014966 1.03746 
v 0.31383 -0.0162411 1.03794 
v 0.318924 -0.0261077 1.01997 
v 0.315029 -0.0177049 1.03333 
v 0.315018 -0.0179364 1.03348 
v 0.319252 -0.0265086 1.01871 
v 0.31937 -0.0264649 1.01817 
v 0.319313 -0.0265016 1.01844 
v 0.319553 -0.0260349 1.01718 
v 0.586423 -0.462488 0.0398473 
v 0.586723 -0.462453 0.0385152 
v 0.58667 -0.462519 0.0387783 
v 0.586852 -0.462089 0.0377852 
v 0.586815 -0.462237 0.0380158 
v 0.586908 -0.460234 0.036713 
v 0.586723 -0.458898 0.0369326 
v 0.592068 -0.471173 0.0189302 
v 0.592997 -0.472113 0.0152704 
v 0.592959 -0.472261 0.015501 
v 0.593085 -0.471055 0.0144112 
v 0.592916 -0.469175 0.0143172 
v 0.592959 -0.469438 0.0142443 
v 0.592757 -0.468459 0.0146968 
v 0.592814 -0.468683 0.0145448 
v 0.585875 -0.457688 0.0401175 
v 0.585705 -0.459016 0.0414515 
v 0.585709 -0.45877 0.041326 
v 0.58572 -0.459541 0.0416218 
v 0.585709 -0.459274 0.0415505 
v 0.586094 -0.461817 0.0409908 
v 0.315029 -0.0172006 1.03311 
v 0.315032 -0.0174586 1.03321 
v 0.318406 -0.0229619 1.02085 
v 0.31841 -0.02322 1.02094 
v 0.313923 -0.0142379 1.03664 
v 0.313967 -0.0141161 1.0364 
v 0.313886 -0.0167902 1.03794 
v 0.313854 -0.0165161 1.03796 
v 0.315 -0.0181505 1.03366 
v 0.319423 -0.0263989 1.01791 
v 0.319609 -0.0256687 1.01677 
v 0.319584 -0.0258629 1.01696 
v 0.319627 -0.0254546 1.0166 
v 0.592368 -0.467583 0.0160154 
v 0.592068 -0.467618 0.0173475 
v 0.592121 -0.467552 0.0170844 
v 0.591939 -0.467982 0.0180775 
v 0.591976 -0.467834 0.017847 
v 0.586771 -0.462359 0.0382601 
v 0.586852 -0.459684 0.0367146 
v 0.586883 -0.459959 0.0366992 
v 0.592916 -0.472383 0.0157453 
v 0.593082 -0.471301 0.0145368 
v 0.593071 -0.47053 0.0142409 
v 0.593082 -0.470797 0.0143122 
v 0.592868 -0.468923 0.0144178 
v 0.585738 -0.458324 0.0410015 
v 0.585763 -0.45813 0.0408064 
v 0.58572 -0.458538 0.0411754 
v 0.585738 -0.459813 0.0416646 
v 0.585875 -0.460896 0.0415455 
v 0.585831 -0.460633 0.0416185 
v 0.586034 -0.461612 0.041166 
v 0.585976 -0.461388 0.041318 
v 0.319609 -0.0241795 1.01611 
v 0.31841 -0.0227157 1.02072 
v 0.31842 -0.0234868 1.02102 
v 0.313886 -0.0143857 1.03687 
v 0.592019 -0.467713 0.0176027 
v 0.586908 -0.461723 0.037376 
v 0.586883 -0.461917 0.0375711 
v 0.593053 -0.471747 0.0148612 
v 0.593028 -0.471941 0.0150563 
v 0.593071 -0.471533 0.0146873 
v 0.593053 -0.470258 0.0141982 
v 0.592997 -0.469709 0.0141998 
v 0.593028 -0.469983 0.0141844 
v 0.585923 -0.461149 0.041445 
v 0.319057 -0.0216953 1.01742 
v 0.319123 -0.0218311 1.01719 
v 0.31899 -0.0215862 1.01767 
v 0.31842 -0.0224842 1.02057 
v 0.318438 -0.0237593 1.02106 
v 0.314815 -0.015326 1.03321 
v 0.314863 -0.0155789 1.03311 
v 0.314448 -0.0141772 1.03431 
v 0.314515 -0.0143129 1.03408 
v 0.314186 -0.0139119 1.03534 
v 0.31425 -0.0139347 1.03507 
v 0.314068 -0.0139557 1.03588 
v 0.314126 -0.013919 1.03561 
v 0.314015 -0.0140216 1.03614 
v 0.591907 -0.468154 0.0182916 
v 0.591939 -0.470387 0.0191481 
v 0.591907 -0.470113 0.0191635 
v 0.586223 -0.457559 0.0385302 
v 0.585794 -0.460363 0.0416629 
v 0.585763 -0.460088 0.0416783 
v 0.319472 -0.023097 1.01623 
v 0.319515 -0.0233601 1.01615 
v 0.318494 -0.0243084 1.02106 
v 0.318463 -0.0240342 1.02107 
v 0.318624 -0.0250945 1.02084 
v 0.318575 -0.0248417 1.02094 
v 0.318858 -0.0259469 1.02019 
v 0.314975 -0.0163863 1.03298 
v 0.318795 -0.0214301 1.01846 
v 0.318858 -0.0214529 1.01819 
v 0.315018 -0.0169338 1.03304 
v 0.318624 -0.0215398 1.01926 
v 0.314906 -0.0158419 1.03304 
v 0.314643 -0.0146577 1.03367 
v 0.314381 -0.0140681 1.03455 
v 0.314315 -0.0139869 1.03481 
v 0.31383 -0.0147519 1.03728 
v 0.313854 -0.0145577 1.03709 
v 0.319423 -0.0228442 1.01633 
v 0.319252 -0.0221759 1.01678 
v 0.319313 -0.0223809 1.01661 
v 0.319189 -0.0219919 1.01698 
v 0.318532 -0.0217561 1.01976 
v 0.318575 -0.0216343 1.01951 
v 0.318438 -0.0222701 1.0204 
v 0.318463 -0.0220759 1.0202 
v 0.318532 -0.0245786 1.02101 
v 0.318795 -0.0257629 1.02038 
v 0.318924 -0.0215051 1.01792 
v 0.318677 -0.0214738 1.01899 
v 0.318734 -0.0214371 1.01872 
v 0.315 -0.0166613 1.03299 
v 0.314944 -0.0161122 1.03299 
v 0.314704 -0.0148627 1.03349 
v 0.31458 -0.0144737 1.03386 
v 0.319627 -0.0244519 1.01615 
v 0.31937 -0.0226046 1.01645 
v 0.318494 -0.0219039 1.01999 
v 0.318677 -0.0253342 1.02071 
v 0.318734 -0.0255578 1.02056 
v 0.314761 -0.0150864 1.03334 
vn -0.240504 0.491113 0.837237 
vn -0.241922 0.394655 0.886409 
vn -0.236266 0.581813 0.778249 
vn -0.240504 0.491113 0.837237 
vn -0.229258 0.665692 0.710137 
vn -0.236266 0.581813 0.778249 
vn -0.219562 0.741767 0.633699 
vn -0.229258 0.665692 0.710137 
vn -0.207293 0.809145 0.549831 
vn -0.219562 0.741767 0.633699 
vn -0.192592 0.867036 0.459518 
vn -0.207293 0.809145 0.549831 
vn -0.175634 0.914762 0.363817 
vn -0.192592 0.867036 0.459518 
vn -0.156617 0.951764 0.26385 
vn -0.175634 0.914762 0.363817 
vn -0.135763 0.977607 0.16079 
vn -0.156617 0.951764 0.26385 
vn -0.113318 0.991988 0.0558449 
vn -0.135763 0.977607 0.16079 
vn -0.0895445 0.994739 -0.049755 
vn -0.113318 0.991988 0.0558449 
vn -0.064721 0.985828 -0.154771 
vn -0.0895445 0.994739 -0.049755 
vn -0.0391386 0.965359 -0.257973 
vn -0.064721 0.985828 -0.154771 
vn -0.0130974 0.933572 -0.358151 
vn -0.0391386 0.965359 -0.257973 
vn 0.0130974 0.890839 -0.454129 
vn -0.0130974 0.933572 -0.358151 
vn 0.0391386 0.837663 -0.544784 
vn 0.0130974 0.890839 -0.454129 
vn 0.064721 0.774665 -0.629051 
vn 0.0391386 0.837663 -0.544784 
vn 0.0895445 0.702586 -0.705943 
vn 0.064721 0.774665 -0.629051 
vn 0.113318 0.622269 -0.774558 
vn 0.0895445 0.702586 -0.705943 
vn 0.135763 0.534656 -0.834093 
vn 0.113318 0.622269 -0.774558 
vn 0.156617 0.440776 -0.883848 
vn 0.135763 0.534656 -0.834093 
vn 0.175634 0.341727 -0.923242 
vn 0.156617 0.440776 -0.883848 
vn 0.192592 0.238672 -0.951811 
vn 0.175634 0.341727 -0.923242 
vn 0.207293 0.132819 -0.969221 
vn 0.192592 0.238672 -0.951811 
vn 0.219562 0.0254088 -0.975268 
vn 0.207293 0.132819 -0.969221 
vn 0.229258 -0.0822994 -0.96988 
vn 0.219562 0.0254088 -0.975268 
vn 0.236266 -0.189043 -0.953122 
vn 0.229258 -0.0822994 -0.96988 
vn 0.240504 -0.29357 -0.925189 
vn 0.236266 -0.189043 -0.953122 
vn 0.241922 -0.394655 -0.886409 
vn 0.240504 -0.29357 -0.925189 
vn 0.240504 -0.491113 -0.837237 
vn 0.241922 -0.394655 -0.886409 
vn 0.236266 -0.581813 -0.778249 
vn 0.240504 -0.491113 -0.837237 
vn 0.229258 -0.665692 -0.710137 
vn 0.236266 -0.581813 -0.778249 
vn 0.219562 -0.741767 -0.633699 
vn 0.229258 -0.665692 -0.710137 
vn 0.207293 -0.809145 -0.549831 
vn 0.219562 -0.741767 -0.633699 
vn 0.192592 -0.867036 -0.459518 
vn 0.207293 -0.809145 -0.549831 
vn 0.175634 -0.914762 -0.363817 
vn 0.192592 -0.867036 -0.459518 
vn 0.156617 -0.951764 -0.26385 
vn 0.175634 -0.914762 -0.363817 
vn 0.135763 -0.977607 -0.16079 
vn 0.156617 -0.951764 -0.26385 
vn 0.113318 -0.991988 -0.0558449 
vn 0.135763 -0.977607 -0.16079 
vn 0.0895445 -0.994739 0.049755 
vn 0.113318 -0.991988 -0.0558449 
vn 0.064721 -0.985828 0.154771 
vn 0.0895445 -0.994739 0.049755 
vn 0.0391386 -0.965359 0.257973 
vn 0.064721 -0.985828 0.154771 
vn 0.0130974 -0.933572 0.358151 
vn 0.0391386 -0.965359 0.257973 
vn -0.0130974 -0.890839 0.454129 
vn 0.0130974 -0.933572 0.358151 
vn -0.0391386 -0.837663 0.544784 
vn -0.0130974 -0.890839 0.454129 
vn -0.064721 -0.774665 0.629051 
vn -0.0391386 -0.837663 0.544784 
vn -0.0895445 -0.702586 0.705943 
vn -0.064721 -0.774665 0.629051 
vn -0.113318 -0.622269 0.774558 
vn -0.0895445 -0.702586 0.705943 
vn -0.135763 -0.534656 0.834093 
vn -0.113318 -0.622269 0.774558 
vn -0.156617 -0.440776 0.883848 
vn -0.135763 -0.534656 0.834093 
vn -0.175634 -0.341727 0.923242 
vn -0.156617 -0.440776 0.883848 
vn -0.192592 -0.238672 0.951811 
vn -0.175634 -0.341727 0.923242 
vn -0.207293 -0.132819 0.969221 
vn -0.192592 -0.238672 0.951811 
vn -0.219562 -0.0254088 0.975268 
vn -0.207293 -0.132819 0.969221 
vn -0.229258 0.0822994 0.96988 
vn -0.219562 -0.0254088 0.975268 
vn -0.236266 0.189043 0.953122 
vn -0.229258 0.0822994 0.96988 
vn -0.240504 0.29357 0.925189 
vn -0.236266 0.189043 0.953122 
vn 0.970296 0.0983985 0.221007 
vn -0.240504 0.491113 0.837237 
vn -0.241922 0.394655 0.886409 
vn -0.236266 0.581813 0.778249 
vn -0.240504 0.491113 0.837237 
vn -0.229258 0.665692 0.710137 
vn -0.236266 0.581813 0.778249 
vn -0.219562 0.741767 0.633699 
vn -0.229258 0.665692 0.710137 
vn -0.207293 0.809145 0.549831 
vn -0.219562 0.741767 0.633699 
vn -0.192592 0.867036 0.459518 
vn -0.207293 0.809145 0.549831 
vn -0.175634 0.914762 0.363817 
vn -0.192592 0.867036 0.459518 
vn -0.156617 0.951764 0.26385 
vn -0.175634 0.914762 0.363817 
vn -0.135763 0.977607 0.16079 
vn -0.156617 0.951764 0.26385 
vn -0.113318 0.991988 0.0558449 
vn -0.135763 0.977607 0.16079 
vn -0.0895445 0.994739 -0.049755 
vn -0.113318 0.991988 0.0558449 
vn -0.064721 0.985828 -0.154771 
vn -0.0895445 0.994739 -0.049755 
vn -0.0391386 0.965359 -0.257973 
vn -0.064721 0.985828 -0.154771 
vn -0.0130974 0.933572 -0.358151 
vn -0.0391386 0.965359 -0.257973 
vn 0.0130974 0.890839 -0.454129 
vn -0.0130974 0.933572 -0.358151 
vn 0.0391386 0.837663 -0.544784 
vn 0.0130974 0.890839 -0.454129 
vn 0.064721 0.774665 -0.629051 
vn 0.0391386 0.837663 -0.544784 
vn 0.0895445 0.702586 -0.705943 
vn 0.064721 0.774665 -0.629051 
vn 0.113318 0.622269 -0.774558 
vn 0.0895445 0.702586 -0.705943 
vn 0.135763 0.534656 -0.834093 
vn 0.113318 0.622269 -0.774558 
vn 0.156617 0.440776 -0.883848 
vn 0.135763 0.534656 -0.834093 
vn 0.175634 0.341727 -0.923242 
vn 0.156617 0.440776 -0.883848 
vn 0.192592 0.238672 -0.951811 
vn 0.175634 0.341727 -0.923242 
vn 0.207293 0.132819 -0.969221 
vn 0.192592 0.238672 -0.951811 
vn 0.219562 0.0254088 -0.975268 
vn 0.207293 0.132819 -0.969221 
vn 0.229258 -0.0822994 -0.96988 
vn 0.219562 0.0254088 -0.975268 
vn 0.236266 -0.189043 -0.953122 
vn 0.229258 -0.0822994 -0.96988 
vn 0.240504 -0.29357 -0.925189 
vn 0.236266 -0.189043 -0.953122 
vn 0.241922 -0.394655 -0.886409 
vn 0.240504 -0.29357 -0.925189 
vn 0.240504 -0.491113 -0.837237 
vn 0.241922 -0.394655 -0.886409 
vn 0.236266 -0.581813 -0.778249 
vn 0.240504 -0.491113 -0.837237 
vn 0.229258 -0.665692 -0.710137 
vn 0.236266 -0.581813 -0.778249 
vn 0.219562 -0.741767 -0.633699 
vn 0.229258 -0.665692 -0.710137 
vn 0.207293 -0.809145 -0.549831 
vn 0.219562 -0.741767 -0.633699 
vn 0.192592 -0.867036 -0.459518 
vn 0.207293 -0.809145 -0.549831 
vn 0.175634 -0.914762 -0.363817 
vn 0.192592 -0.867036 -0.459518 
vn 0.156617 -0.951764 -0.26385 
vn 0.175634 -0.914762 -0.363817 
vn 0.135763 -0.977607 -0.16079 
vn 0.156617 -0.951764 -0.26385 
vn 0.113318 -0.991988 -0.0558449 
vn 0.135763 -0.977607 -0.16079 
vn 0.0895445 -0.994739 0.049755 
vn 0.113318 -0.991988 -0.0558449 
vn 0.064721 -0.985828 0.154771 
vn 0.0895445 -0.994739 0.049755 
vn 0.0391386 -0.965359 0.257973 
vn 0.064721 -0.985828 0.154771 
vn 0.0130974 -0.933572 0.358151 
vn 0.0391386 -0.965359 0.257973 
vn -0.0130974 -0.890839 0.454129 
vn 0.0130974 -0.933572 0.358151 
vn -0.0391386 -0.837663 0.544784 
vn -0.0130974 -0.890839 0.454129 
vn -0.064721 -0.774665 0.629051 
vn -0.0391386 -0.837663 0.544784 
vn -0.0895445 -0.702586 0.705943 
vn -0.064721 -0.774665 0.629051 
vn -0.113318 -0.622269 0.774558 
vn -0.0895445 -0.702586 0.705943 
vn -0.135763 -0.534656 0.834093 
vn -0.113318 -0.622269 0.774558 
vn -0.156617 -0.440776 0.883848 
vn -0.135763 -0.534656 0.834093 
vn -0.175634 -0.341727 0.923242 
vn -0.156617 -0.440776 0.883848 
vn -0.192592 -0.238672 0.951811 
vn -0.175634 -0.341727 0.923242 
vn -0.207293 -0.132819 0.969221 
vn -0.192592 -0.238672 0.951811 
vn -0.219562 -0.0254088 0.975268 
vn -0.207293 -0.132819 0.969221 
vn -0.229258 0.0822994 0.96988 
vn -0.219562 -0.0254088 0.975268 
vn -0.236266 0.189043 0.953122 
vn -0.229258 0.0822994 0.96988 
vn -0.240504 0.29357 0.925189 
vn -0.236266 0.189043 0.953122 
vn -0.970296 -0.0983985 -0.221007 
vn 0.241922 -0.394655 -0.886409 
vn -0.241922 0.394655 0.886409 
vn 2.84889e-15 0.913545 -0.406737 
vn -2.65008e-15 -0.913545 0.406737 
vn 0.990764 0.055152 0.123873 
vn 0.970296 0.0983985 0.221007 
vn 0.999617 0.0112589 0.0252878 
vn 0.990764 0.055152 0.123873 
vn 0.99675 -0.0327662 -0.0735942 
vn 0.999617 0.0112589 0.0252878 
vn 0.982197 -0.0764072 -0.171613 
vn 0.99675 -0.0327662 -0.0735942 
vn 0.956129 -0.119152 -0.267621 
vn 0.982197 -0.0764072 -0.171613 
vn 0.918851 -0.160501 -0.36049 
vn 0.956129 -0.119152 -0.267621 
vn 0.8708 -0.199967 -0.449133 
vn 0.918851 -0.160501 -0.36049 
vn 0.81254 -0.237089 -0.532511 
vn 0.8708 -0.199967 -0.449133 
vn 0.744754 -0.271431 -0.609645 
vn 0.81254 -0.237089 -0.532511 
vn 0.668236 -0.302592 -0.679632 
vn 0.744754 -0.271431 -0.609645 
vn 0.583883 -0.330204 -0.741651 
vn 0.668236 -0.302592 -0.679632 
vn 0.492685 -0.353945 -0.794974 
vn 0.583883 -0.330204 -0.741651 
vn 0.395711 -0.373537 -0.838977 
vn 0.492685 -0.353945 -0.794974 
vn 0.294098 -0.388749 -0.873144 
vn 0.395711 -0.373537 -0.838977 
vn 0.189036 -0.399403 -0.897074 
vn 0.294098 -0.388749 -0.873144 
vn 0.0817586 -0.405375 -0.910487 
vn 0.189036 -0.399403 -0.897074 
vn -0.0264778 -0.406594 -0.913225 
vn 0.0817586 -0.405375 -0.910487 
vn -0.134404 -0.403046 -0.905257 
vn -0.0264778 -0.406594 -0.913225 
vn -0.240754 -0.394773 -0.886675 
vn -0.134404 -0.403046 -0.905257 
vn -0.344281 -0.381871 -0.857697 
vn -0.240754 -0.394773 -0.886675 
vn -0.443772 -0.364493 -0.818664 
vn -0.344281 -0.381871 -0.857697 
vn -0.538061 -0.342841 -0.770033 
vn -0.443772 -0.364493 -0.818664 
vn -0.626041 -0.317169 -0.712374 
vn -0.538061 -0.342841 -0.770033 
vn -0.706681 -0.287779 -0.646363 
vn -0.626041 -0.317169 -0.712374 
vn -0.779036 -0.255015 -0.572774 
vn -0.706681 -0.287779 -0.646363 
vn -0.842258 -0.219262 -0.492469 
vn -0.779036 -0.255015 -0.572774 
vn -0.895605 -0.180937 -0.406391 
vn -0.842258 -0.219262 -0.492469 
vn -0.938451 -0.140491 -0.315549 
vn -0.895605 -0.180937 -0.406391 
vn -0.970296 -0.0983985 -0.221007 
vn -0.938451 -0.140491 -0.315549 
vn -0.990764 -0.055152 -0.123873 
vn -0.970296 -0.0983985 -0.221007 
vn -0.999617 -0.0112589 -0.0252878 
vn -0.990764 -0.055152 -0.123873 
vn -0.99675 0.0327662 0.0735942 
vn -0.999617 -0.0112589 -0.0252878 
vn -0.982197 0.0764072 0.171613 
vn -0.99675 0.0327662 0.0735942 
vn -0.956129 0.119152 0.267621 
vn -0.982197 0.0764072 0.171613 
vn -0.918851 0.160501 0.36049 
vn -0.956129 0.119152 0.267621 
vn -0.8708 0.199967 0.449133 
vn -0.918851 0.160501 0.36049 
vn -0.81254 0.237089 0.532511 
vn -0.8708 0.199967 0.449133 
vn -0.744754 0.271431 0.609645 
vn -0.81254 0.237089 0.532511 
vn -0.668236 0.302592 0.679632 
vn -0.744754 0.271431 0.609645 
vn -0.583883 0.330204 0.741651 
vn -0.668236 0.302592 0.679632 
vn -0.492685 0.353945 0.794974 
vn -0.583883 0.330204 0.741651 
vn -0.395711 0.373537 0.838977 
vn -0.492685 0.353945 0.794974 
vn -0.294098 0.388749 0.873144 
vn -0.395711 0.373537 0.838977 
vn -0.189036 0.399403 0.897074 
vn -0.294098 0.388749 0.873144 
vn -0.0817586 0.405375 0.910487 
vn -0.189036 0.399403 0.897074 
vn 0.0264778 0.406594 0.913225 
vn -0.0817586 0.405375 0.910487 
vn 0.134404 0.403046 0.905257 
vn 0.0264778 0.406594 0.913225 
vn 0.240754 0.394773 0.886675 
vn 0.134404 0.403046 0.905257 
vn 0.344281 0.381871 0.857697 
vn 0.240754 0.394773 0.886675 
vn 0.443772 0.364493 0.818664 
vn 0.344281 0.381871 0.857697 
vn 0.538061 0.342841 0.770033 
vn 0.443772 0.364493 0.818664 
vn 0.626041 0.317169 0.712374 
vn 0.538061 0.342841 0.770033 
vn 0.706681 0.287779 0.646363 
vn 0.626041 0.317169 0.712374 
vn 0.779036 0.255015 0.572774 
vn 0.706681 0.287779 0.646363 
vn 0.842258 0.219262 0.492469 
vn 0.779036 0.255015 0.572774 
vn 0.895605 0.180937 0.406391 
vn 0.842258 0.219262 0.492469 
vn 0.938451 0.140491 0.315549 
vn 0.895605 0.180937 0.406391 
vn 0.990764 0.055152 0.123873 
vn 0.970296 0.0983985 0.221007 
vn 0.999617 0.0112589 0.0252878 
vn 0.990764 0.055152 0.123873 
vn 0.99675 -0.0327662 -0.0735942 
vn 0.999617 0.0112589 0.0252878 
vn 0.982197 -0.0764072 -0.171613 
vn 0.99675 -0.0327662 -0.0735942 
vn 0.956129 -0.119152 -0.267621 
vn 0.982197 -0.0764072 -0.171613 
vn 0.918851 -0.160501 -0.36049 
vn 0.956129 -0.119152 -0.267621 
vn 0.8708 -0.199967 -0.449133 
vn 0.918851 -0.160501 -0.36049 
vn 0.81254 -0.237089 -0.532511 
vn 0.8708 -0.199967 -0.449133 
vn 0.744754 -0.271431 -0.609645 
vn 0.81254 -0.237089 -0.532511 
vn 0.668236 -0.302592 -0.679632 
vn 0.744754 -0.271431 -0.609645 
vn 0.583883 -0.330204 -0.741651 
vn 0.668236 -0.302592 -0.679632 
vn 0.492685 -0.353945 -0.794974 
vn 0.583883 -0.330204 -0.741651 
vn 0.395711 -0.373537 -0.838977 
vn 0.492685 -0.353945 -0.794974 
vn 0.294098 -0.388749 -0.873144 
vn 0.395711 -0.373537 -0.838977 
vn 0.189036 -0.399403 -0.897074 
vn 0.294098 -0.388749 -0.873144 
vn 0.0817586 -0.405375 -0.910487 
vn 0.189036 -0.399403 -0.897074 
vn -0.0264778 -0.406594 -0.913225 
vn 0.0817586 -0.405375 -0.910487 
vn -0.134404 -0.403046 -0.905257 
vn -0.0264778 -0.406594 -0.913225 
vn -0.240754 -0.394773 -0.886675 
vn -0.134404 -0.403046 -0.905257 
vn -0.344281 -0.381871 -0.857697 
vn -0.240754 -0.394773 -0.886675 
vn -0.443772 -0.364493 -0.818664 
vn -0.344281 -0.381871 -0.857697 
vn -0.538061 -0.342841 -0.770033 
vn -0.443772 -0.364493 -0.818664 
vn -0.626041 -0.317169 -0.712374 
vn -0.538061 -0.342841 -0.770033 
vn -0.706681 -0.287779 -0.646363 
vn -0.626041 -0.317169 -0.712374 
vn -0.779036 -0.255015 -0.572774 
vn -0.706681 -0.287779 -0.646363 
vn -0.842258 -0.219262 -0.492469 
vn -0.779036 -0.255015 -0.572774 
vn -0.895605 -0.180937 -0.406391 
vn -0.842258 -0.219262 -0.492469 
vn -0.938451 -0.140491 -0.315549 
vn -0.895605 -0.180937 -0.406391 
vn -0.970296 -0.0983985 -0.221007 
vn -0.938451 -0.140491 -0.315549 
vn -0.990764 -0.055152 -0.123873 
vn -0.970296 -0.0983985 -0.221007 
vn -0.999617 -0.0112589 -0.0252878 
vn -0.990764 -0.055152 -0.123873 
vn -0.99675 0.0327662 0.0735942 
vn -0.999617 -0.0112589 -0.0252878 
vn -0.982197 0.0764072 0.171613 
vn -0.99675 0.0327662 0.0735942 
vn -0.956129 0.119152 0.267621 
vn -0.982197 0.0764072 0.171613 
vn -0.918851 0.160501 0.36049 
vn -0.956129 0.119152 0.267621 
vn -0.8708 0.199967 0.449133 
vn -0.918851 0.160501 0.36049 
vn -0.81254 0.237089 0.532511 
vn -0.8708 0.199967 0.449133 
vn -0.744754 0.271431 0.609645 
vn -0.81254 0.237089 0.532511 
vn -0.668236 0.302592 0.679632 
vn -0.744754 0.271431 0.609645 
vn -0.583883 0.330204 0.741651 
vn -0.668236 0.302592 0.679632 
vn -0.492685 0.353945 0.794974 
vn -0.583883 0.330204 0.741651 
vn -0.395711 0.373537 0.838977 
vn -0.492685 0.353945 0.794974 
vn -0.294098 0.388749 0.873144 
vn -0.395711 0.373537 0.838977 
vn -0.189036 0.399403 0.897074 
vn -0.294098 0.388749 0.873144 
vn -0.0817586 0.405375 0.910487 
vn -0.189036 0.399403 0.897074 
vn 0.0264778 0.406594 0.913225 
vn -0.0817586 0.405375 0.910487 
vn 0.134404 0.403046 0.905257 
vn 0.0264778 0.406594 0.913225 
vn 0.240754 0.394773 0.886675 
vn 0.134404 0.403046 0.905257 
vn 0.344281 0.381871 0.857697 
vn 0.240754 0.394773 0.886675 
vn 0.443772 0.364493 0.818664 
vn 0.344281 0.381871 0.857697 
vn 0.538061 0.342841 0.770033 
vn 0.443772 0.364493 0.818664 
vn 0.626041 0.317169 0.712374 
vn 0.538061 0.342841 0.770033 
vn 0.706681 0.287779 0.646363 
vn 0.626041 0.317169 0.712374 
vn 0.779036 0.255015 0.572774 
vn 0.706681 0.287779 0.646363 
vn 0.842258 0.219262 0.492469 
vn 0.779036 0.255015 0.572774 
vn 0.895605 0.180937 0.406391 
vn 0.842258 0.219262 0.492469 
vn 0.938451 0.140491 0.315549 
vn 0.895605 0.180937 0.406391 
vn -2.84889e-15 -0.913545 0.406737 
vn 2.65008e-15 0.913545 -0.406737 
vn 0.990764 0.055152 0.123873 
vn 0.970296 0.0983985 0.221007 
vn 0.999617 0.0112589 0.0252878 
vn 0.990764 0.055152 0.123873 
vn 0.99675 -0.0327662 -0.0735942 
vn 0.999617 0.0112589 0.0252878 
vn 0.982197 -0.0764072 -0.171613 
vn 0.99675 -0.0327662 -0.0735942 
vn 0.956129 -0.119152 -0.267621 
vn 0.982197 -0.0764072 -0.171613 
vn 0.918851 -0.160501 -0.36049 
vn 0.956129 -0.119152 -0.267621 
vn 0.8708 -0.199967 -0.449133 
vn 0.918851 -0.160501 -0.36049 
vn 0.81254 -0.237089 -0.532511 
vn 0.8708 -0.199967 -0.449133 
vn 0.744754 -0.271431 -0.609645 
vn 0.81254 -0.237089 -0.532511 
vn 0.668236 -0.302592 -0.679632 
vn 0.744754 -0.271431 -0.609645 
vn 0.583883 -0.330204 -0.741651 
vn 0.668236 -0.302592 -0.679632 
vn 0.492685 -0.353945 -0.794974 
vn 0.583883 -0.330204 -0.741651 
vn 0.395711 -0.373537 -0.838977 
vn 0.492685 -0.353945 -0.794974 
vn 0.294098 -0.388749 -0.873144 
vn 0.395711 -0.373537 -0.838977 
vn 0.189036 -0.399403 -0.897074 
vn 0.294098 -0.388749 -0.873144 
vn 0.0817586 -0.405375 -0.910487 
vn 0.189036 -0.399403 -0.897074 
vn -0.0264778 -0.406594 -0.913225 
vn 0.0817586 -0.405375 -0.910487 
vn -0.134404 -0.403046 -0.905257 
vn -0.0264778 -0.406594 -0.913225 
vn -0.240754 -0.394773 -0.886675 
vn -0.134404 -0.403046 -0.905257 
vn -0.344281 -0.381871 -0.857697 
vn -0.240754 -0.394773 -0.886675 
vn -0.443772 -0.364493 -0.818664 
vn -0.344281 -0.381871 -0.857697 
vn -0.538061 -0.342841 -0.770033 
vn -0.443772 -0.364493 -0.818664 
vn -0.626041 -0.317169 -0.712374 
vn -0.538061 -0.342841 -0.770033 
vn -0.706681 -0.287779 -0.646363 
vn -0.626041 -0.317169 -0.712374 
vn -0.779036 -0.255015 -0.572774 
vn -0.706681 -0.287779 -0.646363 
vn -0.842258 -0.219262 -0.492469 
vn -0.779036 -0.255015 -0.572774 
vn -0.895605 -0.180937 -0.406391 
vn -0.842258 -0.219262 -0.492469 
vn -0.938451 -0.140491 -0.315549 
vn -0.895605 -0.180937 -0.406391 
vn -0.970296 -0.0983985 -0.221007 
vn -0.938451 -0.140491 -0.315549 
vn -0.990764 -0.055152 -0.123873 
vn -0.970296 -0.0983985 -0.221007 
vn -0.999617 -0.0112589 -0.0252878 
vn -0.990764 -0.055152 -0.123873 
vn -0.99675 0.0327662 0.0735942 
vn -0.999617 -0.0112589 -0.0252878 
vn -0.982197 0.0764072 0.171613 
vn -0.99675 0.0327662 0.0735942 
vn -0.956129 0.119152 0.267621 
vn -0.982197 0.0764072 0.171613 
vn -0.918851 0.160501 0.36049 
vn -0.956129 0.119152 0.267621 
vn -0.8708 0.199967 0.449133 
vn -0.918851 0.160501 0.36049 
vn -0.81254 0.237089 0.532511 
vn -0.8708 0.199967 0.449133 
vn -0.744754 0.271431 0.609645 
vn -0.81254 0.237089 0.532511 
vn -0.668236 0.302592 0.679632 
vn -0.744754 0.271431 0.609645 
vn -0.583883 0.330204 0.741651 
vn -0.668236 0.302592 0.679632 
vn -0.492685 0.353945 0.794974 
vn -0.583883 0.330204 0.741651 
vn -0.395711 0.373537 0.838977 
vn -0.492685 0.353945 0.794974 
vn -0.294098 0.388749 0.873144 
vn -0.395711 0.373537 0.838977 
vn -0.189036 0.399403 0.897074 
vn -0.294098 0.388749 0.873144 
vn -0.0817586 0.405375 0.910487 
vn -0.189036 0.399403 0.897074 
vn 0.0264778 0.406594 0.913225 
vn -0.0817586 0.405375 0.910487 
vn 0.134404 0.403046 0.905257 
vn 0.0264778 0.406594 0.913225 
vn 0.240754 0.394773 0.886675 
vn 0.134404 0.403046 0.905257 
vn 0.344281 0.381871 0.857697 
vn 0.240754 0.394773 0.886675 
vn 0.443772 0.364493 0.818664 
vn 0.344281 0.381871 0.857697 
vn 0.538061 0.342841 0.770033 
vn 0.443772 0.364493 0.818664 
vn 0.626041 0.317169 0.712374 
vn 0.538061 0.342841 0.770033 
vn 0.706681 0.287779 0.646363 
vn 0.626041 0.317169 0.712374 
vn 0.779036 0.255015 0.572774 
vn 0.706681 0.287779 0.646363 
vn 0.842258 0.219262 0.492469 
vn 0.779036 0.255015 0.572774 
vn 0.895605 0.180937 0.406391 
vn 0.842258 0.219262 0.492469 
vn 0.938451 0.140491 0.315549 
vn 0.895605 0.180937 0.406391 
vn 0.990764 0.055152 0.123873 
vn 0.970296 0.0983985 0.221007 
vn 0.999617 0.0112589 0.0252878 
vn 0.990764 0.055152 0.123873 
vn 0.99675 -0.0327662 -0.0735942 
vn 0.999617 0.0112589 0.0252878 
vn 0.982197 -0.0764072 -0.171613 
vn 0.99675 -0.0327662 -0.0735942 
vn 0.956129 -0.119152 -0.267621 
vn 0.982197 -0.0764072 -0.171613 
vn 0.918851 -0.160501 -0.36049 
vn 0.956129 -0.119152 -0.267621 
vn 0.8708 -0.199967 -0.449133 
vn 0.918851 -0.160501 -0.36049 
vn 0.81254 -0.237089 -0.532511 
vn 0.8708 -0.199967 -0.449133 
vn 0.744754 -0.271431 -0.609645 
vn 0.81254 -0.237089 -0.532511 
vn 0.668236 -0.302592 -0.679632 
vn 0.744754 -0.271431 -0.609645 
vn 0.583883 -0.330204 -0.741651 
vn 0.668236 -0.302592 -0.679632 
vn 0.492685 -0.353945 -0.794974 
vn 0.583883 -0.330204 -0.741651 
vn 0.395711 -0.373537 -0.838977 
vn 0.492685 -0.353945 -0.794974 
vn 0.294098 -0.388749 -0.873144 
vn 0.395711 -0.373537 -0.838977 
vn 0.189036 -0.399403 -0.897074 
vn 0.294098 -0.388749 -0.873144 
vn 0.0817586 -0.405375 -0.910487 
vn 0.189036 -0.399403 -0.897074 
vn -0.0264778 -0.406594 -0.913225 
vn 0.0817586 -0.405375 -0.910487 
vn -0.134404 -0.403046 -0.905257 
vn -0.0264778 -0.406594 -0.913225 
vn -0.240754 -0.394773 -0.886675 
vn -0.134404 -0.403046 -0.905257 
vn -0.344281 -0.381871 -0.857697 
vn -0.240754 -0.394773 -0.886675 
vn -0.443772 -0.364493 -0.818664 
vn -0.344281 -0.381871 -0.857697 
vn -0.538061 -0.342841 -0.770033 
vn -0.443772 -0.364493 -0.818664 
vn -0.626041 -0.317169 -0.712374 
vn -0.538061 -0.342841 -0.770033 
vn -0.706681 -0.287779 -0.646363 
vn -0.626041 -0.317169 -0.712374 
vn -0.779036 -0.255015 -0.572774 
vn -0.706681 -0.287779 -0.646363 
vn -0.842258 -0.219262 -0.492469 
vn -0.779036 -0.255015 -0.572774 
vn -0.895605 -0.180937 -0.406391 
vn -0.842258 -0.219262 -0.492469 
vn -0.938451 -0.140491 -0.315549 
vn -0.895605 -0.180937 -0.406391 
vn -0.970296 -0.0983985 -0.221007 
vn -0.938451 -0.140491 -0.315549 
vn -0.990764 -0.055152 -0.123873 
vn -0.970296 -0.0983985 -0.221007 
vn -0.999617 -0.0112589 -0.0252878 
vn -0.990764 -0.055152 -0.123873 
vn -0.99675 0.0327662 0.0735942 
vn -0.999617 -0.0112589 -0.0252878 
vn -0.982197 0.0764072 0.171613 
vn -0.99675 0.0327662 0.0735942 
vn -0.956129 0.119152 0.267621 
vn -0.982197 0.0764072 0.171613 
vn -0.918851 0.160501 0.36049 
vn -0.956129 0.119152 0.267621 
vn -0.8708 0.199967 0.449133 
vn -0.918851 0.160501 0.36049 
vn -0.81254 0.237089 0.532511 
vn -0.8708 0.199967 0.449133 
vn -0.744754 0.271431 0.609645 
vn -0.81254 0.237089 0.532511 
vn -0.668236 0.302592 0.679632 
vn -0.744754 0.271431 0.609645 
vn -0.583883 0.330204 0.741651 
vn -0.668236 0.302592 0.679632 
vn -0.492685 0.353945 0.794974 
vn -0.583883 0.330204 0.741651 
vn -0.395711 0.373537 0.838977 
vn -0.492685 0.353945 0.794974 
vn -0.294098 0.388749 0.873144 
vn -0.395711 0.373537 0.838977 
vn -0.189036 0.399403 0.897074 
vn -0.294098 0.388749 0.873144 
vn -0.0817586 0.405375 0.910487 
vn -0.189036 0.399403 0.897074 
vn 0.0264778 0.406594 0.913225 
vn -0.0817586 0.405375 0.910487 
vn 0.134404 0.403046 0.905257 
vn 0.0264778 0.406594 0.913225 
vn 0.240754 0.394773 0.886675 
vn 0.134404 0.403046 0.905257 
vn 0.344281 0.381871 0.857697 
vn 0.240754 0.394773 0.886675 
vn 0.443772 0.364493 0.818664 
vn 0.344281 0.381871 0.857697 
vn 0.538061 0.342841 0.770033 
vn 0.443772 0.364493 0.818664 
vn 0.626041 0.317169 0.712374 
vn 0.538061 0.342841 0.770033 
vn 0.706681 0.287779 0.646363 
vn 0.626041 0.317169 0.712374 
vn 0.779036 0.255015 0.572774 
vn 0.706681 0.287779 0.646363 
vn 0.842258 0.219262 0.492469 
vn 0.779036 0.255015 0.572774 
vn 0.895605 0.180937 0.406391 
vn 0.842258 0.219262 0.492469 
vn 0.938451 0.140491 0.315549 
vn 0.895605 0.180937 0.406391 
vn -0.970296 -0.0983985 -0.221007 
vn 0.970296 0.0983985 0.221007 
vn -0.240504 0.491113 0.837237 
vn -0.241922 0.394655 0.886409 
vn -0.236266 0.581813 0.778249 
vn -0.240504 0.491113 0.837237 
vn -0.229258 0.665692 0.710137 
vn -0.236266 0.581813 0.778249 
vn -0.219562 0.741767 0.633699 
vn -0.229258 0.665692 0.710137 
vn -0.207293 0.809145 0.549831 
vn -0.219562 0.741767 0.633699 
vn -0.192592 0.867036 0.459518 
vn -0.207293 0.809145 0.549831 
vn -0.175634 0.914762 0.363817 
vn -0.192592 0.867036 0.459518 
vn -0.156617 0.951764 0.26385 
vn -0.175634 0.914762 0.363817 
vn -0.135763 0.977607 0.16079 
vn -0.156617 0.951764 0.26385 
vn -0.113318 0.991988 0.0558449 
vn -0.135763 0.977607 0.16079 
vn -0.0895445 0.994739 -0.049755 
vn -0.113318 0.991988 0.0558449 
vn -0.064721 0.985828 -0.154771 
vn -0.0895445 0.994739 -0.049755 
vn -0.0391386 0.965359 -0.257973 
vn -0.064721 0.985828 -0.154771 
vn -0.0130974 0.933572 -0.358151 
vn -0.0391386 0.965359 -0.257973 
vn 0.0130974 0.890839 -0.454129 
vn -0.0130974 0.933572 -0.358151 
vn 0.0391386 0.837663 -0.544784 
vn 0.0130974 0.890839 -0.454129 
vn 0.064721 0.774665 -0.629051 
vn 0.0391386 0.837663 -0.544784 
vn 0.0895445 0.702586 -0.705943 
vn 0.064721 0.774665 -0.629051 
vn 0.113318 0.622269 -0.774558 
vn 0.0895445 0.702586 -0.705943 
vn 0.135763 0.534656 -0.834093 
vn 0.113318 0.622269 -0.774558 
vn 0.156617 0.440776 -0.883848 
vn 0.135763 0.534656 -0.834093 
vn 0.175634 0.341727 -0.923242 
vn 0.156617 0.440776 -0.883848 
vn 0.192592 0.238672 -0.951811 
vn 0.175634 0.341727 -0.923242 
vn 0.207293 0.132819 -0.969221 
vn 0.192592 0.238672 -0.951811 
vn 0.219562 0.0254088 -0.975268 
vn 0.207293 0.132819 -0.969221 
vn 0.229258 -0.0822994 -0.96988 
vn 0.219562 0.0254088 -0.975268 
vn 0.236266 -0.189043 -0.953122 
vn 0.229258 -0.0822994 -0.96988 
vn 0.240504 -0.29357 -0.925189 
vn 0.236266 -0.189043 -0.953122 
vn 0.241922 -0.394655 -0.886409 
vn 0.240504 -0.29357 -0.925189 
vn 0.240504 -0.491113 -0.837237 
vn 0.241922 -0.394655 -0.886409 
vn 0.236266 -0.581813 -0.778249 
vn 0.240504 -0.491113 -0.837237 
vn 0.229258 -0.665692 -0.710137 
vn 0.236266 -0.581813 -0.778249 
vn 0.219562 -0.741767 -0.633699 
vn 0.229258 -0.665692 -0.710137 
vn 0.207293 -0.809145 -0.549831 
vn 0.219562 -0.741767 -0.633699 
vn 0.192592 -0.867036 -0.459518 
vn 0.207293 -0.809145 -0.549831 
vn 0.175634 -0.914762 -0.363817 
vn 0.192592 -0.867036 -0.459518 
vn 0.156617 -0.951764 -0.26385 
vn 0.175634 -0.914762 -0.363817 
vn 0.135763 -0.977607 -0.16079 
vn 0.156617 -0.951764 -0.26385 
vn 0.113318 -0.991988 -0.0558449 
vn 0.135763 -0.977607 -0.16079 
vn 0.0895445 -0.994739 0.049755 
vn 0.113318 -0.991988 -0.0558449 
vn 0.064721 -0.985828 0.154771 
vn 0.0895445 -0.994739 0.049755 
vn 0.0391386 -0.965359 0.257973 
vn 0.064721 -0.985828 0.154771 
vn 0.0130974 -0.933572 0.358151 
vn 0.0391386 -0.965359 0.257973 
vn -0.0130974 -0.890839 0.454129 
vn 0.0130974 -0.933572 0.358151 
vn -0.0391386 -0.837663 0.544784 
vn -0.0130974 -0.890839 0.454129 
vn -0.064721 -0.774665 0.629051 
vn -0.0391386 -0.837663 0.544784 
vn -0.0895445 -0.702586 0.705943 
vn -0.064721 -0.774665 0.629051 
vn -0.113318 -0.622269 0.774558 
vn -0.0895445 -0.702586 0.705943 
vn -0.135763 -0.534656 0.834093 
vn -0.113318 -0.622269 0.774558 
vn -0.156617 -0.440776 0.883848 
vn -0.135763 -0.534656 0.834093 
vn -0.175634 -0.341727 0.923242 
vn -0.156617 -0.440776 0.883848 
vn -0.192592 -0.238672 0.951811 
vn -0.175634 -0.341727 0.923242 
vn -0.207293 -0.132819 0.969221 
vn -0.192592 -0.238672 0.951811 
vn -0.219562 -0.0254088 0.975268 
vn -0.207293 -0.132819 0.969221 
vn -0.229258 0.0822994 0.96988 
vn -0.219562 -0.0254088 0.975268 
vn -0.236266 0.189043 0.953122 
vn -0.229258 0.0822994 0.96988 
vn -0.240504 0.29357 0.925189 
vn -0.236266 0.189043 0.953122 
vn -0.240504 0.491113 0.837237 
vn -0.241922 0.394655 0.886409 
vn -0.236266 0.581813 0.778249 
vn -0.240504 0.491113 0.837237 
vn -0.229258 0.665692 0.710137 
vn -0.236266 0.581813 0.778249 
vn -0.219562 0.741767 0.633699 
vn -0.229258 0.665692 0.710137 
vn -0.207293 0.809145 0.549831 
vn -0.219562 0.741767 0.633699 
vn -0.192592 0.867036 0.459518 
vn -0.207293 0.809145 0.549831 
vn -0.175634 0.914762 0.363817 
vn -0.192592 0.867036 0.459518 
vn -0.156617 0.951764 0.26385 
vn -0.175634 0.914762 0.363817 
vn -0.135763 0.977607 0.16079 
vn -0.156617 0.951764 0.26385 
vn -0.113318 0.991988 0.0558449 
vn -0.135763 0.977607 0.16079 
vn -0.0895445 0.994739 -0.049755 
vn -0.113318 0.991988 0.0558449 
vn -0.064721 0.985828 -0.154771 
vn -0.0895445 0.994739 -0.049755 
vn -0.0391386 0.965359 -0.257973 
vn -0.064721 0.985828 -0.154771 
vn -0.0130974 0.933572 -0.358151 
vn -0.0391386 0.965359 -0.257973 
vn 0.0130974 0.890839 -0.454129 
vn -0.0130974 0.933572 -0.358151 
vn 0.0391386 0.837663 -0.544784 
vn 0.0130974 0.890839 -0.454129 
vn 0.064721 0.774665 -0.629051 
vn 0.0391386 0.837663 -0.544784 
vn 0.0895445 0.702586 -0.705943 
vn 0.064721 0.774665 -0.629051 
vn 0.113318 0.622269 -0.774558 
vn 0.0895445 0.702586 -0.705943 
vn 0.135763 0.534656 -0.834093 
vn 0.113318 0.622269 -0.774558 
vn 0.156617 0.440776 -0.883848 
vn 0.135763 0.534656 -0.834093 
vn 0.175634 0.341727 -0.923242 
vn 0.156617 0.440776 -0.883848 
vn 0.192592 0.238672 -0.951811 
vn 0.175634 0.341727 -0.923242 
vn 0.207293 0.132819 -0.969221 
vn 0.192592 0.238672 -0.951811 
vn 0.219562 0.0254088 -0.975268 
vn 0.207293 0.132819 -0.969221 
vn 0.229258 -0.0822994 -0.96988 
vn 0.219562 0.0254088 -0.975268 
vn 0.236266 -0.189043 -0.953122 
vn 0.229258 -0.0822994 -0.96988 
vn 0.240504 -0.29357 -0.925189 
vn 0.236266 -0.189043 -0.953122 
vn 0.241922 -0.394655 -0.886409 
vn 0.240504 -0.29357 -0.925189 
vn 0.240504 -0.491113 -0.837237 
vn 0.241922 -0.394655 -0.886409 
vn 0.236266 -0.581813 -0.778249 
vn 0.240504 -0.491113 -0.837237 
vn 0.229258 -0.665692 -0.710137 
vn 0.236266 -0.581813 -0.778249 
vn 0.219562 -0.741767 -0.633699 
vn 0.229258 -0.665692 -0.710137 
vn 0.207293 -0.809145 -0.549831 
vn 0.219562 -0.741767 -0.633699 
vn 0.192592 -0.867036 -0.459518 
vn 0.207293 -0.809145 -0.549831 
vn 0.175634 -0.914762 -0.363817 
vn 0.192592 -0.867036 -0.459518 
vn 0.156617 -0.951764 -0.26385 
vn 0.175634 -0.914762 -0.363817 
vn 0.135763 -0.977607 -0.16079 
vn 0.156617 -0.951764 -0.26385 
vn 0.113318 -0.991988 -0.0558449 
vn 0.135763 -0.977607 -0.16079 
vn 0.0895445 -0.994739 0.049755 
vn 0.113318 -0.991988 -0.0558449 
vn 0.064721 -0.985828 0.154771 
vn 0.0895445 -0.994739 0.049755 
vn 0.0391386 -0.965359 0.257973 
vn 0.064721 -0.985828 0.154771 
vn 0.0130974 -0.933572 0.358151 
vn 0.0391386 -0.965359 0.257973 
vn -0.0130974 -0.890839 0.454129 
vn 0.0130974 -0.933572 0.358151 
vn -0.0391386 -0.837663 0.544784 
vn -0.0130974 -0.890839 0.454129 
vn -0.064721 -0.774665 0.629051 
vn -0.0391386 -0.837663 0.544784 
vn -0.0895445 -0.702586 0.705943 
vn -0.064721 -0.774665 0.629051 
vn -0.113318 -0.622269 0.774558 
vn -0.0895445 -0.702586 0.705943 
vn -0.135763 -0.534656 0.834093 
vn -0.113318 -0.622269 0.774558 
vn -0.156617 -0.440776 0.883848 
vn -0.135763 -0.534656 0.834093 
vn -0.175634 -0.341727 0.923242 
vn -0.156617 -0.440776 0.883848 
vn -0.192592 -0.238672 0.951811 
vn -0.175634 -0.341727 0.923242 
vn -0.207293 -0.132819 0.969221 
vn -0.192592 -0.238672 0.951811 
vn -0.219562 -0.0254088 0.975268 
vn -0.207293 -0.132819 0.969221 
vn -0.229258 0.0822994 0.96988 
vn -0.219562 -0.0254088 0.975268 
vn -0.236266 0.189043 0.953122 
vn -0.229258 0.0822994 0.96988 
vn -0.240504 0.29357 0.925189 
vn -0.236266 0.189043 0.953122 
vn 0.240504 -0.29357 -0.925189 
vn 0.241922 -0.394655 -0.886409 
vn 0.236266 -0.189043 -0.953122 
vn 0.240504 -0.29357 -0.925189 
vn 0.229258 -0.0822994 -0.96988 
vn 0.236266 -0.189043 -0.953122 
vn 0.219562 0.0254088 -0.975268 
vn 0.229258 -0.0822994 -0.96988 
vn 0.207293 0.132819 -0.969221 
vn 0.219562 0.0254088 -0.975268 
vn 0.192592 0.238672 -0.951811 
vn 0.207293 0.132819 -0.969221 
vn 0.175634 0.341727 -0.923242 
vn 0.192592 0.238672 -0.951811 
vn 0.156617 0.440776 -0.883848 
vn 0.175634 0.341727 -0.923242 
vn 0.135763 0.534656 -0.834093 
vn 0.156617 0.440776 -0.883848 
vn 0.113318 0.622269 -0.774558 
vn 0.135763 0.534656 -0.834093 
vn 0.0895445 0.702586 -0.705943 
vn 0.113318 0.622269 -0.774558 
vn 0.064721 0.774665 -0.629051 
vn 0.0895445 0.702586 -0.705943 
vn 0.0391386 0.837663 -0.544784 
vn 0.064721 0.774665 -0.629051 
vn 0.0130974 0.890839 -0.454129 
vn 0.0391386 0.837663 -0.544784 
vn -0.0130974 0.933572 -0.358151 
vn 0.0130974 0.890839 -0.454129 
vn -0.0391386 0.965359 -0.257973 
vn -0.0130974 0.933572 -0.358151 
vn -0.064721 0.985828 -0.154771 
vn -0.0391386 0.965359 -0.257973 
vn -0.0895445 0.994739 -0.049755 
vn -0.064721 0.985828 -0.154771 
vn -0.113318 0.991988 0.0558449 
vn -0.0895445 0.994739 -0.049755 
vn -0.135763 0.977607 0.16079 
vn -0.113318 0.991988 0.0558449 
vn -0.156617 0.951764 0.26385 
vn -0.135763 0.977607 0.16079 
vn -0.175634 0.914762 0.363817 
vn -0.156617 0.951764 0.26385 
vn -0.192592 0.867036 0.459518 
vn -0.175634 0.914762 0.363817 
vn -0.207293 0.809145 0.549831 
vn -0.192592 0.867036 0.459518 
vn -0.219562 0.741767 0.633699 
vn -0.207293 0.809145 0.549831 
vn -0.229258 0.665692 0.710137 
vn -0.219562 0.741767 0.633699 
vn -0.236266 0.581813 0.778249 
vn -0.229258 0.665692 0.710137 
vn -0.240504 0.491113 0.837237 
vn -0.236266 0.581813 0.778249 
vn -0.241922 0.394655 0.886409 
vn -0.240504 0.491113 0.837237 
vn -0.240504 0.29357 0.925189 
vn -0.241922 0.394655 0.886409 
vn -0.236266 0.189043 0.953122 
vn -0.240504 0.29357 0.925189 
vn -0.229258 0.0822994 0.96988 
vn -0.236266 0.189043 0.953122 
vn -0.219562 -0.0254088 0.975268 
vn -0.229258 0.0822994 0.96988 
vn -0.207293 -0.132819 0.969221 
vn -0.219562 -0.0254088 0.975268 
vn -0.192592 -0.238672 0.951811 
vn -0.207293 -0.132819 0.969221 
vn -0.175634 -0.341727 0.923242 
vn -0.192592 -0.238672 0.951811 
vn -0.156617 -0.440776 0.883848 
vn -0.175634 -0.341727 0.923242 
vn -0.135763 -0.534656 0.834093 
vn -0.156617 -0.440776 0.883848 
vn -0.113318 -0.622269 0.774558 
vn -0.135763 -0.534656 0.834093 
vn -0.0895445 -0.702586 0.705943 
vn -0.113318 -0.622269 0.774558 
vn -0.064721 -0.774665 0.629051 
vn -0.0895445 -0.702586 0.705943 
vn -0.0391386 -0.837663 0.544784 
vn -0.064721 -0.774665 0.629051 
vn -0.0130974 -0.890839 0.454129 
vn -0.0391386 -0.837663 0.544784 
vn 0.0130974 -0.933572 0.358151 
vn -0.0130974 -0.890839 0.454129 
vn 0.0391386 -0.965359 0.257973 
vn 0.0130974 -0.933572 0.358151 
vn 0.064721 -0.985828 0.154771 
vn 0.0391386 -0.965359 0.257973 
vn 0.0895445 -0.994739 0.049755 
vn 0.064721 -0.985828 0.154771 
vn 0.113318 -0.991988 -0.0558449 
vn 0.0895445 -0.994739 0.049755 
vn 0.135763 -0.977607 -0.16079 
vn 0.113318 -0.991988 -0.0558449 
vn 0.156617 -0.951764 -0.26385 
vn 0.135763 -0.977607 -0.16079 
vn 0.175634 -0.914762 -0.363817 
vn 0.156617 -0.951764 -0.26385 
vn 0.192592 -0.867036 -0.459518 
vn 0.175634 -0.914762 -0.363817 
vn 0.207293 -0.809145 -0.549831 
vn 0.192592 -0.867036 -0.459518 
vn 0.219562 -0.741767 -0.633699 
vn 0.207293 -0.809145 -0.549831 
vn 0.229258 -0.665692 -0.710137 
vn 0.219562 -0.741767 -0.633699 
vn 0.236266 -0.581813 -0.778249 
vn 0.229258 -0.665692 -0.710137 
vn 0.240504 -0.491113 -0.837237 
vn 0.236266 -0.581813 -0.778249 
vn 0.240504 -0.29357 -0.925189 
vn 0.241922 -0.394655 -0.886409 
vn 0.236266 -0.189043 -0.953122 
vn 0.240504 -0.29357 -0.925189 
vn 0.229258 -0.0822994 -0.96988 
vn 0.236266 -0.189043 -0.953122 
vn 0.219562 0.0254088 -0.975268 
vn 0.229258 -0.0822994 -0.96988 
vn 0.207293 0.132819 -0.969221 
vn 0.219562 0.0254088 -0.975268 
vn 0.192592 0.238672 -0.951811 
vn 0.207293 0.132819 -0.969221 
vn 0.175634 0.341727 -0.923242 
vn 0.192592 0.238672 -0.951811 
vn 0.156617 0.440776 -0.883848 
vn 0.175634 0.341727 -0.923242 
vn 0.135763 0.534656 -0.834093 
vn 0.156617 0.440776 -0.883848 
vn 0.113318 0.622269 -0.774558 
vn 0.135763 0.534656 -0.834093 
vn 0.0895445 0.702586 -0.705943 
vn 0.113318 0.622269 -0.774558 
vn 0.064721 0.774665 -0.629051 
vn 0.0895445 0.702586 -0.705943 
vn 0.0391386 0.837663 -0.544784 
vn 0.064721 0.774665 -0.629051 
vn 0.0130974 0.890839 -0.454129 
vn 0.0391386 0.837663 -0.544784 
vn -0.0130974 0.933572 -0.358151 
vn 0.0130974 0.890839 -0.454129 
vn -0.0391386 0.965359 -0.257973 
vn -0.0130974 0.933572 -0.358151 
vn -0.064721 0.985828 -0.154771 
vn -0.0391386 0.965359 -0.257973 
vn -0.0895445 0.994739 -0.049755 
vn -0.064721 0.985828 -0.154771 
vn -0.113318 0.991988 0.0558449 
vn -0.0895445 0.994739 -0.049755 
vn -0.135763 0.977607 0.16079 
vn -0.113318 0.991988 0.0558449 
vn -0.156617 0.951764 0.26385 
vn -0.135763 0.977607 0.16079 
vn -0.175634 0.914762 0.363817 
vn -0.156617 0.951764 0.26385 
vn -0.192592 0.867036 0.459518 
vn -0.175634 0.914762 0.363817 
vn -0.207293 0.809145 0.549831 
vn -0.192592 0.867036 0.459518 
vn -0.219562 0.741767 0.633699 
vn -0.207293 0.809145 0.549831 
vn -0.229258 0.665692 0.710137 
vn -0.219562 0.741767 0.633699 
vn -0.236266 0.581813 0.778249 
vn -0.229258 0.665692 0.710137 
vn -0.240504 0.491113 0.837237 
vn -0.236266 0.581813 0.778249 
vn -0.241922 0.394655 0.886409 
vn -0.240504 0.491113 0.837237 
vn -0.240504 0.29357 0.925189 
vn -0.241922 0.394655 0.886409 
vn -0.236266 0.189043 0.953122 
vn -0.240504 0.29357 0.925189 
vn -0.229258 0.0822994 0.96988 
vn -0.236266 0.189043 0.953122 
vn -0.219562 -0.0254088 0.975268 
vn -0.229258 0.0822994 0.96988 
vn -0.207293 -0.132819 0.969221 
vn -0.219562 -0.0254088 0.975268 
vn -0.192592 -0.238672 0.951811 
vn -0.207293 -0.132819 0.969221 
vn -0.175634 -0.341727 0.923242 
vn -0.192592 -0.238672 0.951811 
vn -0.156617 -0.440776 0.883848 
vn -0.175634 -0.341727 0.923242 
vn -0.135763 -0.534656 0.834093 
vn -0.156617 -0.440776 0.883848 
vn -0.113318 -0.622269 0.774558 
vn -0.135763 -0.534656 0.834093 
vn -0.0895445 -0.702586 0.705943 
vn -0.113318 -0.622269 0.774558 
vn -0.064721 -0.774665 0.629051 
vn -0.0895445 -0.702586 0.705943 
vn -0.0391386 -0.837663 0.544784 
vn -0.064721 -0.774665 0.629051 
vn -0.0130974 -0.890839 0.454129 
vn -0.0391386 -0.837663 0.544784 
vn 0.0130974 -0.933572 0.358151 
vn -0.0130974 -0.890839 0.454129 
vn 0.0391386 -0.965359 0.257973 
vn 0.0130974 -0.933572 0.358151 
vn 0.064721 -0.985828 0.154771 
vn 0.0391386 -0.965359 0.257973 
vn 0.0895445 -0.994739 0.049755 
vn 0.064721 -0.985828 0.154771 
vn 0.113318 -0.991988 -0.0558449 
vn 0.0895445 -0.994739 0.049755 
vn 0.135763 -0.977607 -0.16079 
vn 0.113318 -0.991988 -0.0558449 
vn 0.156617 -0.951764 -0.26385 
vn 0.135763 -0.977607 -0.16079 
vn 0.175634 -0.914762 -0.363817 
vn 0.156617 -0.951764 -0.26385 
vn 0.192592 -0.867036 -0.459518 
vn 0.175634 -0.914762 -0.363817 
vn 0.207293 -0.809145 -0.549831 
vn 0.192592 -0.867036 -0.459518 
vn 0.219562 -0.741767 -0.633699 
vn 0.207293 -0.809145 -0.549831 
vn 0.229258 -0.665692 -0.710137 
vn 0.219562 -0.741767 -0.633699 
vn 0.236266 -0.581813 -0.778249 
vn 0.229258 -0.665692 -0.710137 
vn 0.240504 -0.491113 -0.837237 
vn 0.236266 -0.581813 -0.778249 
usemtl 0.901961_0.901961_0.901961_0.000000_0.000000
o mesh53
f 3205//3181 3206//3182 3207//3182 
f 3208//3183 3205//3181 3209//3184 
f 3210//3185 3208//3183 3211//3186 
f 3212//3187 3210//3185 3213//3188 
f 3214//3189 3212//3187 3215//3190 
f 3216//3191 3214//3189 3217//3192 
f 3218//3193 3216//3191 3219//3194 
f 3220//3195 3218//3193 3221//3196 
f 3222//3197 3220//3195 3223//3198 
f 3224//3199 3222//3197 3225//3200 
f 3226//3201 3224//3199 3227//3202 
f 3228//3203 3226//3201 3229//3204 
f 3230//3205 3228//3203 3231//3206 
f 3232//3207 3230//3205 3233//3208 
f 3234//3209 3232//3207 3235//3210 
f 3236//3211 3234//3209 3237//3212 
f 3238//3213 3236//3211 3239//3214 
f 3240//3215 3238//3213 3241//3216 
f 3242//3217 3240//3215 3243//3218 
f 3244//3219 3242//3217 3245//3220 
f 3246//3221 3244//3219 3247//3222 
f 3248//3223 3246//3221 3249//3224 
f 3250//3225 3248//3223 3251//3226 
f 3252//3227 3250//3225 3253//3228 
f 3254//3229 3252//3227 3255//3230 
f 3256//3231 3254//3229 3257//3232 
f 3258//3233 3256//3231 3259//3234 
f 3260//3235 3258//3233 3261//3236 
f 3262//3237 3260//3235 3263//3238 
f 3264//3239 3262//3237 3265//3240 
f 3266//3241 3264//3239 3267//3242 
f 3268//3243 3266//3241 3269//3244 
f 3270//3245 3268//3243 3271//3246 
f 3272//3247 3270//3245 3273//3248 
f 3274//3249 3272//3247 3275//3250 
f 3276//3251 3274//3249 3277//3252 
f 3278//3253 3276//3251 3279//3254 
f 3280//3255 3278//3253 3281//3256 
f 3282//3257 3280//3255 3283//3258 
f 3284//3259 3282//3257 3285//3260 
f 3286//3261 3284//3259 3287//3262 
f 3288//3263 3286//3261 3289//3264 
f 3290//3265 3288//3263 3291//3266 
f 3292//3267 3290//3265 3293//3268 
f 3294//3269 3292//3267 3295//3270 
f 3296//3271 3294//3269 3297//3272 
f 3298//3273 3296//3271 3299//3274 
f 3300//3275 3298//3273 3301//3276 
f 3302//3277 3300//3275 3303//3278 
f 3304//3279 3302//3277 3305//3280 
f 3306//3281 3304//3279 3307//3282 
f 3308//3283 3306//3281 3309//3284 
f 3310//3285 3308//3283 3311//3286 
f 3312//3287 3310//3285 3313//3288 
f 3314//3289 3312//3287 3315//3290 
f 3316//3291 3314//3289 3317//3292 
f 3318//3293 3316//3291 3319//3294 
f 3206//3182 3318//3293 3320//3293 
f 3320//3293 3207//3182 3206//3182 
f 3319//3294 3320//3293 3318//3293 
f 3317//3292 3319//3294 3316//3291 
f 3315//3290 3317//3292 3314//3289 
f 3313//3288 3315//3290 3312//3287 
f 3311//3286 3313//3288 3310//3285 
f 3309//3284 3311//3286 3308//3283 
f 3307//3282 3309//3284 3306//3281 
f 3305//3280 3307//3282 3304//3279 
f 3303//3278 3305//3280 3302//3277 
f 3301//3276 3303//3278 3300//3275 
f 3299//3274 3301//3276 3298//3273 
f 3297//3272 3299//3274 3296//3271 
f 3295//3270 3297//3272 3294//3269 
f 3293//3268 3295//3270 3292//3267 
f 3291//3266 3293//3268 3290//3265 
f 3289//3264 3291//3266 3288//3263 
f 3287//3262 3289//3264 3286//3261 
f 3285//3260 3287//3262 3284//3259 
f 3283//3258 3285//3260 3282//3257 
f 3281//3256 3283//3258 3280//3255 
f 3279//3254 3281//3256 3278//3253 
f 3277//3252 3279//3254 3276//3251 
f 3275//3250 3277//3252 3274//3249 
f 3273//3248 3275//3250 3272//3247 
f 3271//3246 3273//3248 3270//3245 
f 3269//3244 3271//3246 3268//3243 
f 3267//3242 3269//3244 3266//3241 
f 3265//3240 3267//3242 3264//3239 
f 3263//3238 3265//3240 3262//3237 
f 3261//3236 3263//3238 3260//3235 
f 3259//3234 3261//3236 3258//3233 
f 3257//3232 3259//3234 3256//3231 
f 3255//3230 3257//3232 3254//3229 
f 3253//3228 3255//3230 3252//3227 
f 3251//3226 3253//3228 3250//3225 
f 3249//3224 3251//3226 3248//3223 
f 3247//3222 3249//3224 3246//3221 
f 3245//3220 3247//3222 3244//3219 
f 3243//3218 3245//3220 3242//3217 
f 3241//3216 3243//3218 3240//3215 
f 3239//3214 3241//3216 3238//3213 
f 3237//3212 3239//3214 3236//3211 
f 3235//3210 3237//3212 3234//3209 
f 3233//3208 3235//3210 3232//3207 
f 3231//3206 3233//3208 3230//3205 
f 3229//3204 3231//3206 3228//3203 
f 3227//3202 3229//3204 3226//3201 
f 3225//3200 3227//3202 3224//3199 
f 3223//3198 3225//3200 3222//3197 
f 3221//3196 3223//3198 3220//3195 
f 3219//3194 3221//3196 3218//3193 
f 3217//3192 3219//3194 3216//3191 
f 3215//3190 3217//3192 3214//3189 
f 3213//3188 3215//3190 3212//3187 
f 3211//3186 3213//3188 3210//3185 
f 3209//3184 3211//3186 3208//3183 
f 3207//3182 3209//3184 3205//3181 
o mesh54
f 3321//3295 3240//3295 3242//3295 
f 3321//3295 3322//3295 3323//3295 
f 3242//3295 3324//3295 3321//3295 
f 3325//3295 3323//3295 3326//3295 
f 3324//3295 3322//3295 3321//3295 
f 3321//3295 3236//3295 3238//3295 
f 3326//3295 3327//3295 3325//3295 
f 3238//3295 3240//3295 3321//3295 
f 3321//3295 3232//3295 3234//3295 
f 3323//3295 3325//3295 3321//3295 
f 3321//3295 3230//3295 3232//3295 
f 3321//3295 3226//3295 3228//3295 
f 3234//3295 3236//3295 3321//3295 
f 3321//3295 3224//3295 3226//3295 
f 3325//3295 3328//3295 3329//3295 
f 3228//3295 3230//3295 3321//3295 
f 3324//3295 3242//3295 3244//3295 
f 3327//3295 3328//3295 3325//3295 
f 3325//3295 3330//3295 3331//3295 
f 3329//3295 3332//3295 3325//3295 
f 3321//3295 3220//3295 3222//3295 
f 3260//3295 3262//3295 3333//3295 
f 3264//3295 3334//3295 3333//3295 
f 3268//3295 3335//3295 3336//3295 
f 3324//3295 3248//3295 3250//3295 
f 3325//3295 3332//3295 3330//3295 
f 3222//3295 3224//3295 3321//3295 
f 3337//3295 3294//3295 3296//3295 
f 3337//3295 3338//3295 3339//3295 
f 3256//3295 3340//3295 3341//3295 
f 3333//3295 3342//3295 3260//3295 
f 3333//3295 3262//3295 3264//3295 
f 3268//3295 3339//3295 3335//3295 
f 3343//3295 3344//3295 3345//3295 
f 3324//3295 3246//3295 3248//3295 
f 3244//3295 3246//3295 3324//3295 
f 3321//3295 3214//3295 3216//3295 
f 3296//3295 3298//3295 3337//3295 
f 3337//3295 3290//3295 3292//3295 
f 3337//3295 3284//3295 3286//3295 
f 3339//3295 3282//3295 3337//3295 
f 3341//3295 3346//3295 3256//3295 
f 3347//3295 3258//3295 3260//3295 
f 3266//3295 3348//3295 3334//3295 
f 3268//3295 3349//3295 3350//3295 
f 3268//3295 3351//3295 3352//3295 
f 3336//3295 3353//3295 3268//3295 
f 3343//3295 3354//3295 3344//3295 
f 3343//3295 3355//3295 3356//3295 
f 3343//3295 3357//3295 3358//3295 
f 3331//3295 3359//3295 3325//3295 
f 3216//3295 3218//3295 3321//3295 
f 3321//3295 3337//3295 3206//3295 
f 3337//3295 3306//3295 3308//3295 
f 3337//3295 3300//3295 3302//3295 
f 3292//3295 3294//3295 3337//3295 
f 3282//3295 3284//3295 3337//3295 
f 3346//3295 3360//3295 3256//3295 
f 3256//3295 3361//3295 3362//3295 
f 3256//3295 3363//3295 3364//3295 
f 3347//3295 3256//3295 3258//3295 
f 3266//3295 3365//3295 3348//3295 
f 3268//3295 3366//3295 3349//3295 
f 3353//3295 3351//3295 3268//3295 
f 3356//3295 3354//3295 3343//3295 
f 3358//3295 3367//3295 3343//3295 
f 3218//3295 3220//3295 3321//3295 
f 3321//3295 3210//3295 3212//3295 
f 3206//3295 3205//3295 3321//3295 
f 3337//3295 3316//3295 3318//3295 
f 3337//3295 3304//3295 3306//3295 
f 3298//3295 3300//3295 3337//3295 
f 3286//3295 3288//3295 3337//3295 
f 3339//3295 3278//3295 3280//3295 
f 3339//3295 3272//3295 3274//3295 
f 3362//3295 3340//3295 3256//3295 
f 3364//3295 3368//3295 3256//3295 
f 3342//3295 3347//3295 3260//3295 
f 3264//3295 3266//3295 3334//3295 
f 3268//3295 3369//3295 3370//3295 
f 3352//3295 3366//3295 3268//3295 
f 3367//3295 3355//3295 3343//3295 
f 3343//3295 3371//3295 3372//3295 
f 3343//3295 3373//3295 3374//3295 
f 3343//3295 3375//3295 3376//3295 
f 3325//3295 3377//3295 3375//3295 
f 3325//3295 3359//3295 3378//3295 
f 3212//3295 3214//3295 3321//3295 
f 3205//3295 3208//3295 3321//3295 
f 3337//3295 3314//3295 3316//3295 
f 3337//3295 3310//3295 3312//3295 
f 3302//3295 3304//3295 3337//3295 
f 3280//3295 3282//3295 3339//3295 
f 3274//3295 3276//3295 3339//3295 
f 3368//3295 3361//3295 3256//3295 
f 3256//3295 3379//3295 3380//3295 
f 3266//3295 3268//3295 3365//3295 
f 3350//3295 3369//3295 3268//3295 
f 3337//3295 3345//3295 3381//3295 
f 3372//3295 3357//3295 3343//3295 
f 3374//3295 3382//3295 3343//3295 
f 3375//3295 3343//3295 3325//3295 
f 3324//3295 3252//3295 3254//3295 
f 3250//3295 3252//3295 3324//3295 
f 3318//3295 3206//3295 3337//3295 
f 3308//3295 3310//3295 3337//3295 
f 3276//3295 3278//3295 3339//3295 
f 3339//3295 3268//3295 3270//3295 
f 3380//3295 3363//3295 3256//3295 
f 3370//3295 3365//3295 3268//3295 
f 3345//3295 3337//3295 3343//3295 
f 3376//3295 3373//3295 3343//3295 
f 3378//3295 3377//3295 3325//3295 
f 3312//3295 3314//3295 3337//3295 
f 3270//3295 3272//3295 3339//3295 
f 3347//3295 3379//3295 3256//3295 
f 3382//3295 3371//3295 3343//3295 
f 3208//3295 3210//3295 3321//3295 
f 3360//3295 3324//3295 3256//3295 
f 3254//3295 3256//3295 3324//3295 
f 3381//3295 3338//3295 3337//3295 
f 3288//3295 3290//3295 3337//3295 
o mesh55
f 3342//3296 3333//3297 3383//3297 
f 3347//3298 3342//3296 3384//3299 
f 3379//3300 3347//3298 3385//3301 
f 3380//3302 3379//3300 3386//3303 
f 3363//3304 3380//3302 3387//3305 
f 3364//3306 3363//3304 3388//3307 
f 3368//3308 3364//3306 3389//3309 
f 3361//3310 3368//3308 3390//3311 
f 3362//3312 3361//3310 3391//3313 
f 3340//3314 3362//3312 3392//3315 
f 3341//3316 3340//3314 3393//3317 
f 3346//3318 3341//3316 3394//3319 
f 3360//3320 3346//3318 3395//3321 
f 3324//3322 3360//3320 3396//3323 
f 3322//3324 3324//3322 3397//3325 
f 3323//3326 3322//3324 3398//3327 
f 3326//3328 3323//3326 3399//3329 
f 3327//3330 3326//3328 3400//3331 
f 3328//3332 3327//3330 3401//3333 
f 3329//3334 3328//3332 3402//3335 
f 3332//3336 3329//3334 3403//3337 
f 3330//3338 3332//3336 3404//3339 
f 3331//3340 3330//3338 3405//3341 
f 3359//3342 3331//3340 3406//3343 
f 3378//3344 3359//3342 3407//3345 
f 3377//3346 3378//3344 3408//3347 
f 3375//3348 3377//3346 3409//3349 
f 3376//3350 3375//3348 3410//3351 
f 3373//3352 3376//3350 3411//3353 
f 3374//3354 3373//3352 3412//3355 
f 3382//3356 3374//3354 3413//3357 
f 3371//3358 3382//3356 3414//3359 
f 3372//3360 3371//3358 3415//3361 
f 3357//3362 3372//3360 3416//3363 
f 3358//3364 3357//3362 3417//3365 
f 3367//3366 3358//3364 3418//3367 
f 3355//3368 3367//3366 3419//3369 
f 3356//3370 3355//3368 3420//3371 
f 3354//3372 3356//3370 3421//3373 
f 3344//3374 3354//3372 3422//3375 
f 3345//3376 3344//3374 3423//3377 
f 3381//3378 3345//3376 3424//3379 
f 3338//3380 3381//3378 3425//3381 
f 3339//3382 3338//3380 3426//3383 
f 3335//3384 3339//3382 3427//3385 
f 3336//3386 3335//3384 3428//3387 
f 3353//3388 3336//3386 3429//3389 
f 3351//3390 3353//3388 3430//3391 
f 3352//3392 3351//3390 3431//3393 
f 3366//3394 3352//3392 3432//3395 
f 3349//3396 3366//3394 3433//3397 
f 3350//3398 3349//3396 3434//3399 
f 3369//3400 3350//3398 3435//3401 
f 3370//3402 3369//3400 3436//3403 
f 3365//3404 3370//3402 3437//3405 
f 3348//3406 3365//3404 3438//3407 
f 3334//3408 3348//3406 3439//3409 
f 3333//3297 3334//3408 3440//3408 
f 3440//3408 3383//3297 3333//3297 
f 3439//3409 3440//3408 3334//3408 
f 3438//3407 3439//3409 3348//3406 
f 3437//3405 3438//3407 3365//3404 
f 3436//3403 3437//3405 3370//3402 
f 3435//3401 3436//3403 3369//3400 
f 3434//3399 3435//3401 3350//3398 
f 3433//3397 3434//3399 3349//3396 
f 3432//3395 3433//3397 3366//3394 
f 3431//3393 3432//3395 3352//3392 
f 3430//3391 3431//3393 3351//3390 
f 3429//3389 3430//3391 3353//3388 
f 3428//3387 3429//3389 3336//3386 
f 3427//3385 3428//3387 3335//3384 
f 3426//3383 3427//3385 3339//3382 
f 3425//3381 3426//3383 3338//3380 
f 3424//3379 3425//3381 3381//3378 
f 3423//3377 3424//3379 3345//3376 
f 3422//3375 3423//3377 3344//3374 
f 3421//3373 3422//3375 3354//3372 
f 3420//3371 3421//3373 3356//3370 
f 3419//3369 3420//3371 3355//3368 
f 3418//3367 3419//3369 3367//3366 
f 3417//3365 3418//3367 3358//3364 
f 3416//3363 3417//3365 3357//3362 
f 3415//3361 3416//3363 3372//3360 
f 3414//3359 3415//3361 3371//3358 
f 3413//3357 3414//3359 3382//3356 
f 3412//3355 3413//3357 3374//3354 
f 3411//3353 3412//3355 3373//3352 
f 3410//3351 3411//3353 3376//3350 
f 3409//3349 3410//3351 3375//3348 
f 3408//3347 3409//3349 3377//3346 
f 3407//3345 3408//3347 3378//3344 
f 3406//3343 3407//3345 3359//3342 
f 3405//3341 3406//3343 3331//3340 
f 3404//3339 3405//3341 3330//3338 
f 3403//3337 3404//3339 3332//3336 
f 3402//3335 3403//3337 3329//3334 
f 3401//3333 3402//3335 3328//3332 
f 3400//3331 3401//3333 3327//3330 
f 3399//3329 3400//3331 3326//3328 
f 3398//3327 3399//3329 3323//3326 
f 3397//3325 3398//3327 3322//3324 
f 3396//3323 3397//3325 3324//3322 
f 3395//3321 3396//3323 3360//3320 
f 3394//3319 3395//3321 3346//3318 
f 3393//3317 3394//3319 3341//3316 
f 3392//3315 3393//3317 3340//3314 
f 3391//3313 3392//3315 3362//3312 
f 3390//3311 3391//3313 3361//3310 
f 3389//3309 3390//3311 3368//3308 
f 3388//3307 3389//3309 3364//3306 
f 3387//3305 3388//3307 3363//3304 
f 3386//3303 3387//3305 3380//3302 
f 3385//3301 3386//3303 3379//3300 
f 3384//3299 3385//3301 3347//3298 
f 3383//3297 3384//3299 3342//3296 
o mesh56
f 3427//3410 3441//3410 3287//3410 
f 3441//3410 3426//3410 3425//3410 
f 3287//3410 3285//3410 3427//3410 
f 3442//3410 3425//3410 3424//3410 
f 3427//3410 3426//3410 3441//3410 
f 3441//3410 3291//3410 3289//3410 
f 3424//3410 3423//3410 3442//3410 
f 3289//3410 3287//3410 3441//3410 
f 3441//3410 3295//3410 3293//3410 
f 3425//3410 3442//3410 3441//3410 
f 3441//3410 3297//3410 3295//3410 
f 3441//3410 3301//3410 3299//3410 
f 3293//3410 3291//3410 3441//3410 
f 3441//3410 3303//3410 3301//3410 
f 3442//3410 3422//3410 3421//3410 
f 3299//3410 3297//3410 3441//3410 
f 3427//3410 3285//3410 3283//3410 
f 3423//3410 3422//3410 3442//3410 
f 3442//3410 3419//3410 3418//3410 
f 3421//3410 3420//3410 3442//3410 
f 3441//3410 3307//3410 3305//3410 
f 3427//3410 3279//3410 3277//3410 
f 3442//3410 3420//3410 3419//3410 
f 3305//3410 3303//3410 3441//3410 
f 3427//3410 3281//3410 3279//3410 
f 3283//3410 3281//3410 3427//3410 
f 3441//3410 3313//3410 3311//3410 
f 3271//3410 3431//3410 3430//3410 
f 3440//3410 3267//3410 3265//3410 
f 3263//3410 3384//3410 3383//3410 
f 3418//3410 3417//3410 3442//3410 
f 3311//3410 3309//3410 3441//3410 
f 3443//3410 3233//3410 3231//3410 
f 3430//3410 3429//3410 3271//3410 
f 3265//3410 3383//3410 3440//3410 
f 3263//3410 3385//3410 3384//3410 
f 3259//3410 3396//3410 3395//3410 
f 3309//3410 3307//3410 3441//3410 
f 3441//3410 3317//3410 3315//3410 
f 3441//3410 3443//3410 3207//3410 
f 3231//3410 3229//3410 3443//3410 
f 3443//3410 3237//3410 3235//3410 
f 3429//3410 3428//3410 3271//3410 
f 3271//3410 3433//3410 3432//3410 
f 3271//3410 3436//3410 3435//3410 
f 3439//3410 3269//3410 3267//3410 
f 3383//3410 3265//3410 3263//3410 
f 3259//3410 3397//3410 3396//3410 
f 3442//3410 3417//3410 3416//3410 
f 3315//3410 3313//3410 3441//3410 
f 3207//3410 3320//3410 3441//3410 
f 3443//3410 3211//3410 3209//3410 
f 3443//3410 3221//3410 3219//3410 
f 3443//3410 3227//3410 3225//3410 
f 3235//3410 3233//3410 3443//3410 
f 3443//3410 3398//3410 3397//3410 
f 3444//3410 3401//3410 3400//3410 
f 3432//3410 3431//3410 3271//3410 
f 3435//3410 3434//3410 3271//3410 
f 3439//3410 3271//3410 3269//3410 
f 3263//3410 3261//3410 3385//3410 
f 3259//3410 3390//3410 3389//3410 
f 3259//3410 3393//3410 3392//3410 
f 3395//3410 3394//3410 3259//3410 
f 3427//3410 3275//3410 3273//3410 
f 3277//3410 3275//3410 3427//3410 
f 3320//3410 3319//3410 3441//3410 
f 3443//3410 3213//3410 3211//3410 
f 3443//3410 3223//3410 3221//3410 
f 3229//3410 3227//3410 3443//3410 
f 3443//3410 3243//3410 3241//3410 
f 3397//3410 3245//3410 3443//3410 
f 3444//3410 3402//3410 3401//3410 
f 3444//3410 3404//3410 3403//3410 
f 3444//3410 3407//3410 3406//3410 
f 3434//3410 3433//3410 3271//3410 
f 3271//3410 3438//3410 3437//3410 
f 3440//3410 3439//3410 3267//3410 
f 3259//3410 3386//3410 3385//3410 
f 3259//3410 3391//3410 3390//3410 
f 3394//3410 3393//3410 3259//3410 
f 3444//3410 3412//3410 3411//3410 
f 3444//3410 3414//3410 3413//3410 
f 3442//3410 3415//3410 3414//3410 
f 3416//3410 3415//3410 3442//3410 
f 3209//3410 3207//3410 3443//3410 
f 3443//3410 3217//3410 3215//3410 
f 3225//3410 3223//3410 3443//3410 
f 3245//3410 3243//3410 3443//3410 
f 3403//3410 3402//3410 3444//3410 
f 3406//3410 3405//3410 3444//3410 
f 3437//3410 3436//3410 3271//3410 
f 3261//3410 3259//3410 3385//3410 
f 3259//3410 3388//3410 3387//3410 
f 3392//3410 3391//3410 3259//3410 
f 3411//3410 3410//3410 3444//3410 
f 3414//3410 3444//3410 3442//3410 
f 3319//3410 3317//3410 3441//3410 
f 3219//3410 3217//3410 3443//3410 
f 3241//3410 3239//3410 3443//3410 
f 3397//3410 3249//3410 3247//3410 
f 3397//3410 3255//3410 3253//3410 
f 3405//3410 3404//3410 3444//3410 
f 3444//3410 3409//3410 3408//3410 
f 3439//3410 3438//3410 3271//3410 
f 3389//3410 3388//3410 3259//3410 
f 3413//3410 3412//3410 3444//3410 
f 3215//3410 3213//3410 3443//3410 
f 3247//3410 3245//3410 3397//3410 
f 3253//3410 3251//3410 3397//3410 
f 3443//3410 3400//3410 3399//3410 
f 3408//3410 3407//3410 3444//3410 
f 3387//3410 3386//3410 3259//3410 
f 3273//3410 3271//3410 3427//3410 
f 3251//3410 3249//3410 3397//3410 
f 3397//3410 3259//3410 3257//3410 
f 3400//3410 3443//3410 3444//3410 
f 3410//3410 3409//3410 3444//3410 
f 3257//3410 3255//3410 3397//3410 
f 3428//3410 3427//3410 3271//3410 
f 3399//3410 3398//3410 3443//3410 
f 3239//3410 3237//3410 3443//3410 
o mesh57
f 3337//3411 3321//3411 3443//3411 
f 3321//3411 3445//3411 3446//3411 
f 3446//3411 3443//3411 3321//3411 
f 3445//3411 3447//3411 3448//3411 
f 3447//3411 3337//3411 3441//3411 
f 3448//3411 3446//3411 3445//3411 
f 3443//3411 3441//3411 3337//3411 
f 3441//3411 3448//3411 3447//3411 
o mesh58
f 3343//3412 3449//3412 3450//3412 
f 3449//3412 3451//3412 3452//3412 
f 3452//3412 3450//3412 3449//3412 
f 3451//3412 3325//3412 3444//3412 
f 3444//3412 3452//3412 3451//3412 
f 3325//3412 3343//3412 3442//3412 
f 3442//3412 3444//3412 3325//3412 
f 3450//3412 3442//3412 3343//3412 
o mesh59
f 3453//3413 3337//3413 3454//3413 
f 3337//3413 3455//3413 3454//3413 
f 3447//3413 3456//3413 3457//3413 
f 3447//3413 3449//3413 3458//3413 
f 3459//3413 3454//3413 3460//3413 
f 3449//3413 3343//3413 3461//3413 
f 3454//3413 3462//3413 3463//3413 
f 3337//3413 3464//3413 3465//3413 
f 3337//3413 3466//3413 3467//3413 
f 3447//3413 3468//3413 3469//3413 
f 3447//3413 3470//3413 3456//3413 
f 3447//3413 3471//3413 3472//3413 
f 3458//3413 3473//3413 3447//3413 
f 3459//3413 3474//3413 3475//3413 
f 3459//3413 3476//3413 3477//3413 
f 3460//3413 3478//3413 3459//3413 
f 3343//3413 3479//3413 3461//3413 
f 3343//3413 3480//3413 3481//3413 
f 3337//3413 3482//3413 3483//3413 
f 3337//3413 3484//3413 3455//3413 
f 3337//3413 3485//3413 3486//3413 
f 3465//3413 3487//3413 3337//3413 
f 3337//3413 3488//3413 3489//3413 
f 3337//3413 3490//3413 3491//3413 
f 3467//3413 3492//3413 3337//3413 
f 3447//3413 3493//3413 3494//3413 
f 3457//3413 3468//3413 3447//3413 
f 3473//3413 3471//3413 3447//3413 
f 3449//3413 3495//3413 3496//3413 
f 3449//3413 3497//3413 3498//3413 
f 3475//3413 3499//3413 3459//3413 
f 3459//3413 3500//3413 3501//3413 
f 3478//3413 3476//3413 3459//3413 
f 3461//3413 3502//3413 3449//3413 
f 3343//3413 3503//3413 3480//3413 
f 3337//3413 3504//3413 3505//3413 
f 3337//3413 3506//3413 3482//3413 
f 3486//3413 3484//3413 3337//3413 
f 3489//3413 3464//3413 3337//3413 
f 3492//3413 3490//3413 3337//3413 
f 3494//3413 3337//3413 3447//3413 
f 3447//3413 3507//3413 3508//3413 
f 3472//3413 3470//3413 3447//3413 
f 3496//3413 3509//3413 3449//3413 
f 3449//3413 3510//3413 3511//3413 
f 3449//3413 3512//3413 3513//3413 
f 3449//3413 3514//3413 3515//3413 
f 3449//3413 3516//3413 3517//3413 
f 3516//3413 3449//3413 3459//3413 
f 3498//3413 3518//3413 3449//3413 
f 3459//3413 3519//3413 3520//3413 
f 3459//3413 3521//3413 3474//3413 
f 3477//3413 3500//3413 3459//3413 
f 3502//3413 3522//3413 3449//3413 
f 3343//3413 3523//3413 3503//3413 
f 3483//3413 3504//3413 3337//3413 
f 3337//3413 3524//3413 3525//3413 
f 3487//3413 3485//3413 3337//3413 
f 3337//3413 3526//3413 3527//3413 
f 3494//3413 3466//3413 3337//3413 
f 3469//3413 3507//3413 3447//3413 
f 3511//3413 3495//3413 3449//3413 
f 3449//3413 3528//3413 3529//3413 
f 3449//3413 3530//3413 3512//3413 
f 3517//3413 3514//3413 3449//3413 
f 3518//3413 3459//3413 3449//3413 
f 3449//3413 3531//3413 3532//3413 
f 3499//3413 3519//3413 3459//3413 
f 3501//3413 3533//3413 3459//3413 
f 3343//3413 3534//3413 3479//3413 
f 3343//3413 3535//3413 3536//3413 
f 3343//3413 3505//3413 3523//3413 
f 3525//3413 3506//3413 3337//3413 
f 3337//3413 3453//3413 3537//3413 
f 3527//3413 3488//3413 3337//3413 
f 3508//3413 3493//3413 3447//3413 
f 3454//3413 3538//3413 3539//3413 
f 3454//3413 3540//3413 3541//3413 
f 3454//3413 3542//3413 3543//3413 
f 3454//3413 3459//3413 3544//3413 
f 3529//3413 3510//3413 3449//3413 
f 3515//3413 3530//3413 3449//3413 
f 3532//3413 3497//3413 3449//3413 
f 3533//3413 3521//3413 3459//3413 
f 3449//3413 3545//3413 3546//3413 
f 3343//3413 3547//3413 3534//3413 
f 3343//3413 3548//3413 3549//3413 
f 3343//3413 3550//3413 3551//3413 
f 3481//3413 3535//3413 3343//3413 
f 3537//3413 3524//3413 3337//3413 
f 3491//3413 3526//3413 3337//3413 
f 3454//3413 3552//3413 3538//3413 
f 3541//3413 3553//3413 3454//3413 
f 3543//3413 3554//3413 3454//3413 
f 3544//3413 3555//3413 3454//3413 
f 3513//3413 3528//3413 3449//3413 
f 3520//3413 3556//3413 3459//3413 
f 3546//3413 3557//3413 3449//3413 
f 3449//3413 3558//3413 3559//3413 
f 3522//3413 3560//3413 3449//3413 
f 3551//3413 3548//3413 3343//3413 
f 3505//3413 3343//3413 3337//3413 
f 3539//3413 3462//3413 3454//3413 
f 3553//3413 3561//3413 3454//3413 
f 3454//3413 3562//3413 3563//3413 
f 3555//3413 3542//3413 3454//3413 
f 3459//3413 3556//3413 3516//3413 
f 3557//3413 3564//3413 3449//3413 
f 3560//3413 3558//3413 3449//3413 
f 3343//3413 3565//3413 3566//3413 
f 3536//3413 3550//3413 3343//3413 
f 3561//3413 3552//3413 3454//3413 
f 3454//3413 3567//3413 3568//3413 
f 3554//3413 3562//3413 3454//3413 
f 3564//3413 3531//3413 3449//3413 
f 3566//3413 3547//3413 3343//3413 
f 3454//3413 3463//3413 3453//3413 
f 3563//3413 3567//3413 3454//3413 
f 3559//3413 3545//3413 3449//3413 
f 3568//3413 3540//3413 3454//3413 
f 3549//3413 3565//3413 3343//3413 
f 3509//3413 3458//3413 3449//3413 
o mesh60
f 3569//3414 3570//3414 3571//3414 
f 3448//3414 3572//3414 3569//3414 
f 3448//3414 3573//3414 3574//3414 
f 3450//3414 3575//3414 3576//3414 
f 3569//3414 3577//3414 3570//3414 
f 3448//3414 3578//3414 3572//3414 
f 3448//3414 3579//3414 3580//3414 
f 3574//3414 3581//3414 3448//3414 
f 3448//3414 3582//3414 3583//3414 
f 3450//3414 3584//3414 3575//3414 
f 3569//3414 3585//3414 3586//3414 
f 3571//3414 3587//3414 3569//3414 
f 3580//3414 3578//3414 3448//3414 
f 3583//3414 3573//3414 3448//3414 
f 3442//3414 3450//3414 3588//3414 
f 3450//3414 3586//3414 3584//3414 
f 3587//3414 3585//3414 3569//3414 
f 3581//3414 3579//3414 3448//3414 
f 3448//3414 3589//3414 3590//3414 
f 3588//3414 3591//3414 3442//3414 
f 3586//3414 3450//3414 3569//3414 
f 3590//3414 3582//3414 3448//3414 
f 3448//3414 3592//3414 3593//3414 
f 3441//3414 3594//3414 3595//3414 
f 3441//3414 3596//3414 3597//3414 
f 3441//3414 3442//3414 3598//3414 
f 3442//3414 3599//3414 3600//3414 
f 3601//3414 3602//3414 3603//3414 
f 3450//3414 3604//3414 3588//3414 
f 3450//3414 3605//3414 3606//3414 
f 3569//3414 3450//3414 3448//3414 
f 3569//3414 3607//3414 3608//3414 
f 3569//3414 3609//3414 3610//3414 
f 3448//3414 3611//3414 3592//3414 
f 3595//3414 3448//3414 3441//3414 
f 3441//3414 3612//3414 3613//3414 
f 3441//3414 3614//3414 3596//3414 
f 3441//3414 3615//3414 3616//3414 
f 3598//3414 3617//3414 3441//3414 
f 3569//3414 3618//3414 3619//3414 
f 3569//3414 3601//3414 3620//3414 
f 3442//3414 3621//3414 3599//3414 
f 3442//3414 3622//3414 3623//3414 
f 3442//3414 3624//3414 3625//3414 
f 3442//3414 3626//3414 3627//3414 
f 3442//3414 3628//3414 3629//3414 
f 3442//3414 3630//3414 3631//3414 
f 3601//3414 3632//3414 3633//3414 
f 3601//3414 3634//3414 3635//3414 
f 3601//3414 3569//3414 3602//3414 
f 3591//3414 3636//3414 3442//3414 
f 3576//3414 3605//3414 3450//3414 
f 3610//3414 3607//3414 3569//3414 
f 3448//3414 3637//3414 3638//3414 
f 3595//3414 3611//3414 3448//3414 
f 3597//3414 3612//3414 3441//3414 
f 3617//3414 3615//3414 3441//3414 
f 3569//3414 3639//3414 3640//3414 
f 3569//3414 3641//3414 3642//3414 
f 3619//3414 3643//3414 3569//3414 
f 3620//3414 3644//3414 3569//3414 
f 3623//3414 3621//3414 3442//3414 
f 3442//3414 3645//3414 3646//3414 
f 3442//3414 3647//3414 3624//3414 
f 3629//3414 3626//3414 3442//3414 
f 3628//3414 3442//3414 3601//3414 
f 3631//3414 3648//3414 3442//3414 
f 3633//3414 3649//3414 3601//3414 
f 3601//3414 3650//3414 3651//3414 
f 3603//3414 3634//3414 3601//3414 
f 3450//3414 3652//3414 3604//3414 
f 3608//3414 3577//3414 3569//3414 
f 3593//3414 3637//3414 3448//3414 
f 3441//3414 3653//3414 3654//3414 
f 3616//3414 3614//3414 3441//3414 
f 3569//3414 3655//3414 3656//3414 
f 3569//3414 3657//3414 3639//3414 
f 3642//3414 3658//3414 3569//3414 
f 3569//3414 3659//3414 3660//3414 
f 3644//3414 3618//3414 3569//3414 
f 3646//3414 3622//3414 3442//3414 
f 3627//3414 3647//3414 3442//3414 
f 3648//3414 3601//3414 3442//3414 
f 3442//3414 3661//3414 3662//3414 
f 3601//3414 3663//3414 3664//3414 
f 3601//3414 3665//3414 3632//3414 
f 3635//3414 3650//3414 3601//3414 
f 3636//3414 3666//3414 3442//3414 
f 3450//3414 3667//3414 3668//3414 
f 3450//3414 3669//3414 3670//3414 
f 3638//3414 3589//3414 3448//3414 
f 3613//3414 3653//3414 3441//3414 
f 3640//3414 3655//3414 3569//3414 
f 3658//3414 3671//3414 3569//3414 
f 3569//3414 3672//3414 3673//3414 
f 3643//3414 3659//3414 3569//3414 
f 3625//3414 3645//3414 3442//3414 
f 3662//3414 3630//3414 3442//3414 
f 3649//3414 3663//3414 3601//3414 
f 3651//3414 3674//3414 3601//3414 
f 3442//3414 3675//3414 3676//3414 
f 3450//3414 3677//3414 3652//3414 
f 3450//3414 3678//3414 3679//3414 
f 3670//3414 3667//3414 3450//3414 
f 3654//3414 3594//3414 3441//3414 
f 3671//3414 3657//3414 3569//3414 
f 3660//3414 3672//3414 3569//3414 
f 3601//3414 3680//3414 3628//3414 
f 3674//3414 3665//3414 3601//3414 
f 3676//3414 3681//3414 3442//3414 
f 3442//3414 3682//3414 3683//3414 
f 3679//3414 3677//3414 3450//3414 
f 3606//3414 3669//3414 3450//3414 
f 3673//3414 3641//3414 3569//3414 
f 3664//3414 3680//3414 3601//3414 
f 3681//3414 3684//3414 3442//3414 
f 3666//3414 3682//3414 3442//3414 
f 3656//3414 3609//3414 3569//3414 
f 3684//3414 3661//3414 3442//3414 
f 3668//3414 3678//3414 3450//3414 
f 3683//3414 3675//3414 3442//3414 
f 3600//3414 3598//3414 3442//3414 
o mesh61
f 3602//3415 3569//3416 3458//3416 
f 3603//3417 3602//3415 3509//3418 
f 3634//3419 3603//3417 3496//3420 
f 3635//3421 3634//3419 3495//3422 
f 3650//3423 3635//3421 3511//3424 
f 3651//3425 3650//3423 3510//3426 
f 3674//3427 3651//3425 3529//3428 
f 3665//3429 3674//3427 3528//3430 
f 3632//3431 3665//3429 3513//3432 
f 3633//3433 3632//3431 3512//3434 
f 3649//3435 3633//3433 3530//3436 
f 3663//3437 3649//3435 3515//3438 
f 3664//3439 3663//3437 3514//3440 
f 3680//3441 3664//3439 3517//3442 
f 3628//3443 3680//3441 3516//3444 
f 3629//3445 3628//3443 3556//3446 
f 3626//3447 3629//3445 3520//3448 
f 3627//3449 3626//3447 3519//3450 
f 3647//3451 3627//3449 3499//3452 
f 3624//3453 3647//3451 3475//3454 
f 3625//3455 3624//3453 3474//3456 
f 3645//3457 3625//3455 3521//3458 
f 3646//3459 3645//3457 3533//3460 
f 3622//3461 3646//3459 3501//3462 
f 3623//3463 3622//3461 3500//3464 
f 3621//3465 3623//3463 3477//3466 
f 3599//3467 3621//3465 3476//3468 
f 3600//3469 3599//3467 3478//3470 
f 3598//3471 3600//3469 3460//3472 
f 3617//3473 3598//3471 3454//3474 
f 3615//3475 3617//3473 3455//3476 
f 3616//3477 3615//3475 3484//3478 
f 3614//3479 3616//3477 3486//3480 
f 3596//3481 3614//3479 3485//3482 
f 3597//3483 3596//3481 3487//3484 
f 3612//3485 3597//3483 3465//3486 
f 3613//3487 3612//3485 3464//3488 
f 3653//3489 3613//3487 3489//3490 
f 3654//3491 3653//3489 3488//3492 
f 3594//3493 3654//3491 3527//3494 
f 3595//3495 3594//3493 3526//3496 
f 3611//3497 3595//3495 3491//3498 
f 3592//3499 3611//3497 3490//3500 
f 3593//3501 3592//3499 3492//3502 
f 3637//3503 3593//3501 3467//3504 
f 3638//3505 3637//3503 3466//3506 
f 3589//3507 3638//3505 3494//3508 
f 3590//3509 3589//3507 3493//3510 
f 3582//3511 3590//3509 3508//3512 
f 3583//3513 3582//3511 3507//3514 
f 3573//3515 3583//3513 3469//3516 
f 3574//3517 3573//3515 3468//3518 
f 3581//3519 3574//3517 3457//3520 
f 3579//3521 3581//3519 3456//3522 
f 3580//3523 3579//3521 3470//3524 
f 3578//3525 3580//3523 3472//3526 
f 3572//3527 3578//3525 3471//3528 
f 3569//3416 3572//3527 3473//3527 
f 3473//3527 3458//3416 3569//3416 
f 3471//3528 3473//3527 3572//3527 
f 3472//3526 3471//3528 3578//3525 
f 3470//3524 3472//3526 3580//3523 
f 3456//3522 3470//3524 3579//3521 
f 3457//3520 3456//3522 3581//3519 
f 3468//3518 3457//3520 3574//3517 
f 3469//3516 3468//3518 3573//3515 
f 3507//3514 3469//3516 3583//3513 
f 3508//3512 3507//3514 3582//3511 
f 3493//3510 3508//3512 3590//3509 
f 3494//3508 3493//3510 3589//3507 
f 3466//3506 3494//3508 3638//3505 
f 3467//3504 3466//3506 3637//3503 
f 3492//3502 3467//3504 3593//3501 
f 3490//3500 3492//3502 3592//3499 
f 3491//3498 3490//3500 3611//3497 
f 3526//3496 3491//3498 3595//3495 
f 3527//3494 3526//3496 3594//3493 
f 3488//3492 3527//3494 3654//3491 
f 3489//3490 3488//3492 3653//3489 
f 3464//3488 3489//3490 3613//3487 
f 3465//3486 3464//3488 3612//3485 
f 3487//3484 3465//3486 3597//3483 
f 3485//3482 3487//3484 3596//3481 
f 3486//3480 3485//3482 3614//3479 
f 3484//3478 3486//3480 3616//3477 
f 3455//3476 3484//3478 3615//3475 
f 3454//3474 3455//3476 3617//3473 
f 3460//3472 3454//3474 3598//3471 
f 3478//3470 3460//3472 3600//3469 
f 3476//3468 3478//3470 3599//3467 
f 3477//3466 3476//3468 3621//3465 
f 3500//3464 3477//3466 3623//3463 
f 3501//3462 3500//3464 3622//3461 
f 3533//3460 3501//3462 3646//3459 
f 3521//3458 3533//3460 3645//3457 
f 3474//3456 3521//3458 3625//3455 
f 3475//3454 3474//3456 3624//3453 
f 3499//3452 3475//3454 3647//3451 
f 3519//3450 3499//3452 3627//3449 
f 3520//3448 3519//3450 3626//3447 
f 3556//3446 3520//3448 3629//3445 
f 3516//3444 3556//3446 3628//3443 
f 3517//3442 3516//3444 3680//3441 
f 3514//3440 3517//3442 3664//3439 
f 3515//3438 3514//3440 3663//3437 
f 3530//3436 3515//3438 3649//3435 
f 3512//3434 3530//3436 3633//3433 
f 3513//3432 3512//3434 3632//3431 
f 3528//3430 3513//3432 3665//3429 
f 3529//3428 3528//3430 3674//3427 
f 3510//3426 3529//3428 3651//3425 
f 3511//3424 3510//3426 3650//3423 
f 3495//3422 3511//3424 3635//3421 
f 3496//3420 3495//3422 3634//3419 
f 3509//3418 3496//3420 3603//3417 
f 3458//3416 3509//3418 3602//3415 
o mesh62
f 3575//3529 3584//3530 3459//3530 
f 3576//3531 3575//3529 3518//3532 
f 3605//3533 3576//3531 3498//3534 
f 3606//3535 3605//3533 3497//3536 
f 3669//3537 3606//3535 3532//3538 
f 3670//3539 3669//3537 3531//3540 
f 3667//3541 3670//3539 3564//3542 
f 3668//3543 3667//3541 3557//3544 
f 3678//3545 3668//3543 3546//3546 
f 3679//3547 3678//3545 3545//3548 
f 3677//3549 3679//3547 3559//3550 
f 3652//3551 3677//3549 3558//3552 
f 3604//3553 3652//3551 3560//3554 
f 3588//3555 3604//3553 3522//3556 
f 3591//3557 3588//3555 3502//3558 
f 3636//3559 3591//3557 3461//3560 
f 3666//3561 3636//3559 3479//3562 
f 3682//3563 3666//3561 3534//3564 
f 3683//3565 3682//3563 3547//3566 
f 3675//3567 3683//3565 3566//3568 
f 3676//3569 3675//3567 3565//3570 
f 3681//3571 3676//3569 3549//3572 
f 3684//3573 3681//3571 3548//3574 
f 3661//3575 3684//3573 3551//3576 
f 3662//3577 3661//3575 3550//3578 
f 3630//3579 3662//3577 3536//3580 
f 3631//3581 3630//3579 3535//3582 
f 3648//3583 3631//3581 3481//3584 
f 3601//3585 3648//3583 3480//3586 
f 3620//3587 3601//3585 3503//3588 
f 3644//3589 3620//3587 3523//3590 
f 3618//3591 3644//3589 3505//3592 
f 3619//3593 3618//3591 3504//3594 
f 3643//3595 3619//3593 3483//3596 
f 3659//3597 3643//3595 3482//3598 
f 3660//3599 3659//3597 3506//3600 
f 3672//3601 3660//3599 3525//3602 
f 3673//3603 3672//3601 3524//3604 
f 3641//3605 3673//3603 3537//3606 
f 3642//3607 3641//3605 3453//3608 
f 3658//3609 3642//3607 3463//3610 
f 3671//3611 3658//3609 3462//3612 
f 3657//3613 3671//3611 3539//3614 
f 3639//3615 3657//3613 3538//3616 
f 3640//3617 3639//3615 3552//3618 
f 3655//3619 3640//3617 3561//3620 
f 3656//3621 3655//3619 3553//3622 
f 3609//3623 3656//3621 3541//3624 
f 3610//3625 3609//3623 3540//3626 
f 3607//3627 3610//3625 3568//3628 
f 3608//3629 3607//3627 3567//3630 
f 3577//3631 3608//3629 3563//3632 
f 3570//3633 3577//3631 3562//3634 
f 3571//3635 3570//3633 3554//3636 
f 3587//3637 3571//3635 3543//3638 
f 3585//3639 3587//3637 3542//3640 
f 3586//3641 3585//3639 3555//3642 
f 3584//3530 3586//3641 3544//3641 
f 3544//3641 3459//3530 3584//3530 
f 3555//3642 3544//3641 3586//3641 
f 3542//3640 3555//3642 3585//3639 
f 3543//3638 3542//3640 3587//3637 
f 3554//3636 3543//3638 3571//3635 
f 3562//3634 3554//3636 3570//3633 
f 3563//3632 3562//3634 3577//3631 
f 3567//3630 3563//3632 3608//3629 
f 3568//3628 3567//3630 3607//3627 
f 3540//3626 3568//3628 3610//3625 
f 3541//3624 3540//3626 3609//3623 
f 3553//3622 3541//3624 3656//3621 
f 3561//3620 3553//3622 3655//3619 
f 3552//3618 3561//3620 3640//3617 
f 3538//3616 3552//3618 3639//3615 
f 3539//3614 3538//3616 3657//3613 
f 3462//3612 3539//3614 3671//3611 
f 3463//3610 3462//3612 3658//3609 
f 3453//3608 3463//3610 3642//3607 
f 3537//3606 3453//3608 3641//3605 
f 3524//3604 3537//3606 3673//3603 
f 3525//3602 3524//3604 3672//3601 
f 3506//3600 3525//3602 3660//3599 
f 3482//3598 3506//3600 3659//3597 
f 3483//3596 3482//3598 3643//3595 
f 3504//3594 3483//3596 3619//3593 
f 3505//3592 3504//3594 3618//3591 
f 3523//3590 3505//3592 3644//3589 
f 3503//3588 3523//3590 3620//3587 
f 3480//3586 3503//3588 3601//3585 
f 3481//3584 3480//3586 3648//3583 
f 3535//3582 3481//3584 3631//3581 
f 3536//3580 3535//3582 3630//3579 
f 3550//3578 3536//3580 3662//3577 
f 3551//3576 3550//3578 3661//3575 
f 3548//3574 3551//3576 3684//3573 
f 3549//3572 3548//3574 3681//3571 
f 3565//3570 3549//3572 3676//3569 
f 3566//3568 3565//3570 3675//3567 
f 3547//3566 3566//3568 3683//3565 
f 3534//3564 3547//3566 3682//3563 
f 3479//3562 3534//3564 3666//3561 
f 3461//3560 3479//3562 3636//3559 
f 3502//3558 3461//3560 3591//3557 
f 3522//3556 3502//3558 3588//3555 
f 3560//3554 3522//3556 3604//3553 
f 3558//3552 3560//3554 3652//3551 
f 3559//3550 3558//3552 3677//3549 
f 3545//3548 3559//3550 3679//3547 
f 3546//3546 3545//3548 3678//3545 
f 3557//3544 3546//3546 3668//3543 
f 3564//3542 3557//3544 3667//3541 
f 3531//3540 3564//3542 3670//3539 
f 3532//3538 3531//3540 3669//3537 
f 3497//3536 3532//3538 3606//3535 
f 3498//3534 3497//3536 3605//3533 
f 3518//3532 3498//3534 3576//3531 
f 3459//3530 3518//3532 3575//3529 
o mesh63
f 3685//3643 3445//3643 3686//3643 
f 3445//3643 3687//3643 3686//3643 
f 3686//3643 3688//3643 3689//3643 
f 3445//3643 3690//3643 3691//3643 
f 3451//3643 3692//3643 3693//3643 
f 3445//3643 3694//3643 3687//3643 
f 3445//3643 3695//3643 3696//3643 
f 3691//3643 3697//3643 3445//3643 
f 3445//3643 3698//3643 3699//3643 
f 3445//3643 3700//3643 3701//3643 
f 3321//3643 3702//3643 3703//3643 
f 3321//3643 3704//3643 3705//3643 
f 3321//3643 3325//3643 3706//3643 
f 3325//3643 3707//3643 3708//3643 
f 3709//3643 3710//3643 3711//3643 
f 3693//3643 3325//3643 3451//3643 
f 3451//3643 3712//3643 3713//3643 
f 3445//3643 3714//3643 3715//3643 
f 3696//3643 3694//3643 3445//3643 
f 3699//3643 3690//3643 3445//3643 
f 3445//3643 3716//3643 3700//3643 
f 3703//3643 3445//3643 3321//3643 
f 3321//3643 3717//3643 3718//3643 
f 3321//3643 3719//3643 3704//3643 
f 3321//3643 3720//3643 3721//3643 
f 3706//3643 3722//3643 3321//3643 
f 3325//3643 3723//3643 3724//3643 
f 3708//3643 3725//3643 3325//3643 
f 3325//3643 3726//3643 3727//3643 
f 3325//3643 3728//3643 3729//3643 
f 3325//3643 3730//3643 3731//3643 
f 3325//3643 3732//3643 3733//3643 
f 3709//3643 3734//3643 3735//3643 
f 3709//3643 3736//3643 3737//3643 
f 3709//3643 3686//3643 3710//3643 
f 3451//3643 3738//3643 3692//3643 
f 3451//3643 3739//3643 3712//3643 
f 3445//3643 3740//3643 3741//3643 
f 3445//3643 3742//3643 3714//3643 
f 3697//3643 3695//3643 3445//3643 
f 3445//3643 3743//3643 3744//3643 
f 3445//3643 3745//3643 3746//3643 
f 3703//3643 3716//3643 3445//3643 
f 3705//3643 3717//3643 3321//3643 
f 3722//3643 3720//3643 3321//3643 
f 3725//3643 3723//3643 3325//3643 
f 3325//3643 3747//3643 3748//3643 
f 3325//3643 3749//3643 3726//3643 
f 3731//3643 3728//3643 3325//3643 
f 3730//3643 3325//3643 3709//3643 
f 3733//3643 3750//3643 3325//3643 
f 3735//3643 3751//3643 3709//3643 
f 3709//3643 3752//3643 3753//3643 
f 3711//3643 3736//3643 3709//3643 
f 3451//3643 3754//3643 3738//3643 
f 3451//3643 3755//3643 3739//3643 
f 3715//3643 3740//3643 3445//3643 
f 3445//3643 3756//3643 3757//3643 
f 3744//3643 3698//3643 3445//3643 
f 3701//3643 3745//3643 3445//3643 
f 3321//3643 3758//3643 3759//3643 
f 3721//3643 3719//3643 3321//3643 
f 3686//3643 3760//3643 3761//3643 
f 3748//3643 3707//3643 3325//3643 
f 3729//3643 3749//3643 3325//3643 
f 3750//3643 3709//3643 3325//3643 
f 3325//3643 3762//3643 3763//3643 
f 3709//3643 3764//3643 3765//3643 
f 3709//3643 3766//3643 3734//3643 
f 3737//3643 3752//3643 3709//3643 
f 3693//3643 3767//3643 3325//3643 
f 3451//3643 3768//3643 3769//3643 
f 3451//3643 3741//3643 3755//3643 
f 3757//3643 3742//3643 3445//3643 
f 3445//3643 3685//3643 3770//3643 
f 3746//3643 3743//3643 3445//3643 
f 3718//3643 3758//3643 3321//3643 
f 3686//3643 3771//3643 3772//3643 
f 3686//3643 3773//3643 3774//3643 
f 3761//3643 3775//3643 3686//3643 
f 3727//3643 3747//3643 3325//3643 
f 3763//3643 3732//3643 3325//3643 
f 3751//3643 3764//3643 3709//3643 
f 3753//3643 3776//3643 3709//3643 
f 3325//3643 3777//3643 3778//3643 
f 3767//3643 3779//3643 3325//3643 
f 3451//3643 3780//3643 3781//3643 
f 3451//3643 3782//3643 3783//3643 
f 3713//3643 3768//3643 3451//3643 
f 3770//3643 3756//3643 3445//3643 
f 3759//3643 3702//3643 3321//3643 
f 3686//3643 3784//3643 3771//3643 
f 3774//3643 3785//3643 3686//3643 
f 3686//3643 3786//3643 3760//3643 
f 3686//3643 3709//3643 3787//3643 
f 3709//3643 3788//3643 3730//3643 
f 3776//3643 3766//3643 3709//3643 
f 3778//3643 3789//3643 3325//3643 
f 3325//3643 3790//3643 3791//3643 
f 3451//3643 3792//3643 3754//3643 
f 3783//3643 3780//3643 3451//3643 
f 3741//3643 3451//3643 3445//3643 
f 3772//3643 3688//3643 3686//3643 
f 3785//3643 3793//3643 3686//3643 
f 3686//3643 3794//3643 3795//3643 
f 3787//3643 3786//3643 3686//3643 
f 3765//3643 3788//3643 3709//3643 
f 3789//3643 3796//3643 3325//3643 
f 3779//3643 3790//3643 3325//3643 
f 3451//3643 3797//3643 3798//3643 
f 3769//3643 3782//3643 3451//3643 
f 3793//3643 3784//3643 3686//3643 
f 3686//3643 3799//3643 3800//3643 
f 3775//3643 3794//3643 3686//3643 
f 3796//3643 3762//3643 3325//3643 
f 3798//3643 3792//3643 3451//3643 
f 3686//3643 3689//3643 3685//3643 
f 3795//3643 3799//3643 3686//3643 
f 3791//3643 3777//3643 3325//3643 
f 3800//3643 3773//3643 3686//3643 
f 3781//3643 3797//3643 3451//3643 
f 3724//3643 3706//3643 3325//3643 
o mesh64
f 3801//3644 3802//3644 3803//3644 
f 3443//3644 3804//3644 3801//3644 
f 3443//3644 3805//3644 3806//3644 
f 3444//3644 3807//3644 3808//3644 
f 3801//3644 3809//3644 3802//3644 
f 3443//3644 3810//3644 3804//3644 
f 3443//3644 3811//3644 3812//3644 
f 3806//3644 3813//3644 3443//3644 
f 3443//3644 3814//3644 3815//3644 
f 3444//3644 3816//3644 3807//3644 
f 3801//3644 3817//3644 3818//3644 
f 3803//3644 3819//3644 3801//3644 
f 3812//3644 3810//3644 3443//3644 
f 3815//3644 3805//3644 3443//3644 
f 3444//3644 3818//3644 3816//3644 
f 3819//3644 3817//3644 3801//3644 
f 3813//3644 3811//3644 3443//3644 
f 3443//3644 3820//3644 3821//3644 
f 3452//3644 3444//3644 3822//3644 
f 3818//3644 3444//3644 3801//3644 
f 3821//3644 3814//3644 3443//3644 
f 3443//3644 3823//3644 3824//3644 
f 3446//3644 3825//3644 3826//3644 
f 3446//3644 3452//3644 3827//3644 
f 3828//3644 3829//3644 3830//3644 
f 3822//3644 3831//3644 3452//3644 
f 3444//3644 3832//3644 3833//3644 
f 3801//3644 3444//3644 3443//3644 
f 3801//3644 3834//3644 3835//3644 
f 3801//3644 3836//3644 3837//3644 
f 3443//3644 3838//3644 3839//3644 
f 3443//3644 3840//3644 3823//3644 
f 3446//3644 3841//3644 3842//3644 
f 3446//3644 3843//3644 3844//3644 
f 3446//3644 3845//3644 3825//3644 
f 3446//3644 3846//3644 3847//3644 
f 3827//3644 3848//3644 3446//3644 
f 3828//3644 3849//3644 3850//3644 
f 3828//3644 3851//3644 3829//3644 
f 3828//3644 3801//3644 3852//3644 
f 3444//3644 3853//3644 3822//3644 
f 3808//3644 3832//3644 3444//3644 
f 3837//3644 3834//3644 3801//3644 
f 3824//3644 3838//3644 3443//3644 
f 3842//3644 3443//3644 3446//3644 
f 3826//3644 3843//3644 3446//3644 
f 3848//3644 3846//3644 3446//3644 
f 3801//3644 3854//3644 3855//3644 
f 3452//3644 3856//3644 3857//3644 
f 3452//3644 3858//3644 3859//3644 
f 3850//3644 3860//3644 3828//3644 
f 3828//3644 3861//3644 3862//3644 
f 3852//3644 3851//3644 3828//3644 
f 3831//3644 3863//3644 3452//3644 
f 3835//3644 3809//3644 3801//3644 
f 3842//3644 3840//3644 3443//3644 
f 3446//3644 3864//3644 3865//3644 
f 3847//3644 3845//3644 3446//3644 
f 3801//3644 3866//3644 3867//3644 
f 3801//3644 3868//3644 3869//3644 
f 3855//3644 3870//3644 3801//3644 
f 3857//3644 3871//3644 3452//3644 
f 3452//3644 3872//3644 3873//3644 
f 3452//3644 3874//3644 3875//3644 
f 3452//3644 3876//3644 3877//3644 
f 3452//3644 3878//3644 3879//3644 
f 3878//3644 3452//3644 3828//3644 
f 3859//3644 3880//3644 3452//3644 
f 3828//3644 3881//3644 3882//3644 
f 3828//3644 3883//3644 3849//3644 
f 3830//3644 3861//3644 3828//3644 
f 3444//3644 3884//3644 3853//3644 
f 3444//3644 3885//3644 3886//3644 
f 3444//3644 3887//3644 3888//3644 
f 3839//3644 3820//3644 3443//3644 
f 3844//3644 3864//3644 3446//3644 
f 3801//3644 3889//3644 3890//3644 
f 3801//3644 3891//3644 3866//3644 
f 3869//3644 3892//3644 3801//3644 
f 3801//3644 3893//3644 3854//3644 
f 3801//3644 3828//3644 3894//3644 
f 3873//3644 3856//3644 3452//3644 
f 3452//3644 3895//3644 3896//3644 
f 3452//3644 3897//3644 3874//3644 
f 3879//3644 3876//3644 3452//3644 
f 3880//3644 3828//3644 3452//3644 
f 3452//3644 3898//3644 3899//3644 
f 3860//3644 3881//3644 3828//3644 
f 3862//3644 3900//3644 3828//3644 
f 3444//3644 3901//3644 3884//3644 
f 3888//3644 3885//3644 3444//3644 
f 3865//3644 3841//3644 3446//3644 
f 3867//3644 3889//3644 3801//3644 
f 3892//3644 3902//3644 3801//3644 
f 3801//3644 3903//3644 3904//3644 
f 3894//3644 3893//3644 3801//3644 
f 3896//3644 3872//3644 3452//3644 
f 3877//3644 3897//3644 3452//3644 
f 3899//3644 3858//3644 3452//3644 
f 3900//3644 3883//3644 3828//3644 
f 3452//3644 3905//3644 3906//3644 
f 3452//3644 3907//3644 3908//3644 
f 3863//3644 3909//3644 3452//3644 
f 3833//3644 3887//3644 3444//3644 
f 3902//3644 3891//3644 3801//3644 
f 3801//3644 3910//3644 3911//3644 
f 3870//3644 3903//3644 3801//3644 
f 3875//3644 3895//3644 3452//3644 
f 3882//3644 3912//3644 3828//3644 
f 3906//3644 3913//3644 3452//3644 
f 3909//3644 3907//3644 3452//3644 
f 3444//3644 3914//3644 3915//3644 
f 3890//3644 3836//3644 3801//3644 
f 3904//3644 3910//3644 3801//3644 
f 3828//3644 3912//3644 3878//3644 
f 3913//3644 3916//3644 3452//3644 
f 3915//3644 3901//3644 3444//3644 
f 3911//3644 3868//3644 3801//3644 
f 3916//3644 3898//3644 3452//3644 
f 3886//3644 3914//3644 3444//3644 
f 3908//3644 3905//3644 3452//3644 
f 3871//3644 3827//3644 3452//3644 
o mesh65
f 3710//3645 3686//3646 3827//3646 
f 3711//3647 3710//3645 3871//3648 
f 3736//3649 3711//3647 3857//3650 
f 3737//3651 3736//3649 3856//3652 
f 3752//3653 3737//3651 3873//3654 
f 3753//3655 3752//3653 3872//3656 
f 3776//3657 3753//3655 3896//3658 
f 3766//3659 3776//3657 3895//3660 
f 3734//3661 3766//3659 3875//3662 
f 3735//3663 3734//3661 3874//3664 
f 3751//3665 3735//3663 3897//3666 
f 3764//3667 3751//3665 3877//3668 
f 3765//3669 3764//3667 3876//3670 
f 3788//3671 3765//3669 3879//3672 
f 3730//3673 3788//3671 3878//3674 
f 3731//3675 3730//3673 3912//3676 
f 3728//3677 3731//3675 3882//3678 
f 3729//3679 3728//3677 3881//3680 
f 3749//3681 3729//3679 3860//3682 
f 3726//3683 3749//3681 3850//3684 
f 3727//3685 3726//3683 3849//3686 
f 3747//3687 3727//3685 3883//3688 
f 3748//3689 3747//3687 3900//3690 
f 3707//3691 3748//3689 3862//3692 
f 3708//3693 3707//3691 3861//3694 
f 3725//3695 3708//3693 3830//3696 
f 3723//3697 3725//3695 3829//3698 
f 3724//3699 3723//3697 3851//3700 
f 3706//3701 3724//3699 3852//3702 
f 3722//3703 3706//3701 3801//3704 
f 3720//3705 3722//3703 3804//3706 
f 3721//3707 3720//3705 3810//3708 
f 3719//3709 3721//3707 3812//3710 
f 3704//3711 3719//3709 3811//3712 
f 3705//3713 3704//3711 3813//3714 
f 3717//3715 3705//3713 3806//3716 
f 3718//3717 3717//3715 3805//3718 
f 3758//3719 3718//3717 3815//3720 
f 3759//3721 3758//3719 3814//3722 
f 3702//3723 3759//3721 3821//3724 
f 3703//3725 3702//3723 3820//3726 
f 3716//3727 3703//3725 3839//3728 
f 3700//3729 3716//3727 3838//3730 
f 3701//3731 3700//3729 3824//3732 
f 3745//3733 3701//3731 3823//3734 
f 3746//3735 3745//3733 3840//3736 
f 3743//3737 3746//3735 3842//3738 
f 3744//3739 3743//3737 3841//3740 
f 3698//3741 3744//3739 3865//3742 
f 3699//3743 3698//3741 3864//3744 
f 3690//3745 3699//3743 3844//3746 
f 3691//3747 3690//3745 3843//3748 
f 3697//3749 3691//3747 3826//3750 
f 3695//3751 3697//3749 3825//3752 
f 3696//3753 3695//3751 3845//3754 
f 3694//3755 3696//3753 3847//3756 
f 3687//3757 3694//3755 3846//3758 
f 3686//3646 3687//3757 3848//3757 
f 3848//3757 3827//3646 3686//3646 
f 3846//3758 3848//3757 3687//3757 
f 3847//3756 3846//3758 3694//3755 
f 3845//3754 3847//3756 3696//3753 
f 3825//3752 3845//3754 3695//3751 
f 3826//3750 3825//3752 3697//3749 
f 3843//3748 3826//3750 3691//3747 
f 3844//3746 3843//3748 3690//3745 
f 3864//3744 3844//3746 3699//3743 
f 3865//3742 3864//3744 3698//3741 
f 3841//3740 3865//3742 3744//3739 
f 3842//3738 3841//3740 3743//3737 
f 3840//3736 3842//3738 3746//3735 
f 3823//3734 3840//3736 3745//3733 
f 3824//3732 3823//3734 3701//3731 
f 3838//3730 3824//3732 3700//3729 
f 3839//3728 3838//3730 3716//3727 
f 3820//3726 3839//3728 3703//3725 
f 3821//3724 3820//3726 3702//3723 
f 3814//3722 3821//3724 3759//3721 
f 3815//3720 3814//3722 3758//3719 
f 3805//3718 3815//3720 3718//3717 
f 3806//3716 3805//3718 3717//3715 
f 3813//3714 3806//3716 3705//3713 
f 3811//3712 3813//3714 3704//3711 
f 3812//3710 3811//3712 3719//3709 
f 3810//3708 3812//3710 3721//3707 
f 3804//3706 3810//3708 3720//3705 
f 3801//3704 3804//3706 3722//3703 
f 3852//3702 3801//3704 3706//3701 
f 3851//3700 3852//3702 3724//3699 
f 3829//3698 3851//3700 3723//3697 
f 3830//3696 3829//3698 3725//3695 
f 3861//3694 3830//3696 3708//3693 
f 3862//3692 3861//3694 3707//3691 
f 3900//3690 3862//3692 3748//3689 
f 3883//3688 3900//3690 3747//3687 
f 3849//3686 3883//3688 3727//3685 
f 3850//3684 3849//3686 3726//3683 
f 3860//3682 3850//3684 3749//3681 
f 3881//3680 3860//3682 3729//3679 
f 3882//3678 3881//3680 3728//3677 
f 3912//3676 3882//3678 3731//3675 
f 3878//3674 3912//3676 3730//3673 
f 3879//3672 3878//3674 3788//3671 
f 3876//3670 3879//3672 3765//3669 
f 3877//3668 3876//3670 3764//3667 
f 3897//3666 3877//3668 3751//3665 
f 3874//3664 3897//3666 3735//3663 
f 3875//3662 3874//3664 3734//3661 
f 3895//3660 3875//3662 3766//3659 
f 3896//3658 3895//3660 3776//3657 
f 3872//3656 3896//3658 3753//3655 
f 3873//3654 3872//3656 3752//3653 
f 3856//3652 3873//3654 3737//3651 
f 3857//3650 3856//3652 3736//3649 
f 3871//3648 3857//3650 3711//3647 
f 3827//3646 3871//3648 3710//3645 
o mesh66
f 3712//3759 3739//3760 3828//3760 
f 3713//3761 3712//3759 3880//3762 
f 3768//3763 3713//3761 3859//3764 
f 3769//3765 3768//3763 3858//3766 
f 3782//3767 3769//3765 3899//3768 
f 3783//3769 3782//3767 3898//3770 
f 3780//3771 3783//3769 3916//3772 
f 3781//3773 3780//3771 3913//3774 
f 3797//3775 3781//3773 3906//3776 
f 3798//3777 3797//3775 3905//3778 
f 3792//3779 3798//3777 3908//3780 
f 3754//3781 3792//3779 3907//3782 
f 3738//3783 3754//3781 3909//3784 
f 3692//3785 3738//3783 3863//3786 
f 3693//3787 3692//3785 3831//3788 
f 3767//3789 3693//3787 3822//3790 
f 3779//3791 3767//3789 3853//3792 
f 3790//3793 3779//3791 3884//3794 
f 3791//3795 3790//3793 3901//3796 
f 3777//3797 3791//3795 3915//3798 
f 3778//3799 3777//3797 3914//3800 
f 3789//3801 3778//3799 3886//3802 
f 3796//3803 3789//3801 3885//3804 
f 3762//3805 3796//3803 3888//3806 
f 3763//3807 3762//3805 3887//3808 
f 3732//3809 3763//3807 3833//3810 
f 3733//3811 3732//3809 3832//3812 
f 3750//3813 3733//3811 3808//3814 
f 3709//3815 3750//3813 3807//3816 
f 3787//3817 3709//3815 3816//3818 
f 3786//3819 3787//3817 3818//3820 
f 3760//3821 3786//3819 3817//3822 
f 3761//3823 3760//3821 3819//3824 
f 3775//3825 3761//3823 3803//3826 
f 3794//3827 3775//3825 3802//3828 
f 3795//3829 3794//3827 3809//3830 
f 3799//3831 3795//3829 3835//3832 
f 3800//3833 3799//3831 3834//3834 
f 3773//3835 3800//3833 3837//3836 
f 3774//3837 3773//3835 3836//3838 
f 3785//3839 3774//3837 3890//3840 
f 3793//3841 3785//3839 3889//3842 
f 3784//3843 3793//3841 3867//3844 
f 3771//3845 3784//3843 3866//3846 
f 3772//3847 3771//3845 3891//3848 
f 3688//3849 3772//3847 3902//3850 
f 3689//3851 3688//3849 3892//3852 
f 3685//3853 3689//3851 3869//3854 
f 3770//3855 3685//3853 3868//3856 
f 3756//3857 3770//3855 3911//3858 
f 3757//3859 3756//3857 3910//3860 
f 3742//3861 3757//3859 3904//3862 
f 3714//3863 3742//3861 3903//3864 
f 3715//3865 3714//3863 3870//3866 
f 3740//3867 3715//3865 3855//3868 
f 3741//3869 3740//3867 3854//3870 
f 3755//3871 3741//3869 3893//3872 
f 3739//3760 3755//3871 3894//3871 
f 3894//3871 3828//3760 3739//3760 
f 3893//3872 3894//3871 3755//3871 
f 3854//3870 3893//3872 3741//3869 
f 3855//3868 3854//3870 3740//3867 
f 3870//3866 3855//3868 3715//3865 
f 3903//3864 3870//3866 3714//3863 
f 3904//3862 3903//3864 3742//3861 
f 3910//3860 3904//3862 3757//3859 
f 3911//3858 3910//3860 3756//3857 
f 3868//3856 3911//3858 3770//3855 
f 3869//3854 3868//3856 3685//3853 
f 3892//3852 3869//3854 3689//3851 
f 3902//3850 3892//3852 3688//3849 
f 3891//3848 3902//3850 3772//3847 
f 3866//3846 3891//3848 3771//3845 
f 3867//3844 3866//3846 3784//3843 
f 3889//3842 3867//3844 3793//3841 
f 3890//3840 3889//3842 3785//3839 
f 3836//3838 3890//3840 3774//3837 
f 3837//3836 3836//3838 3773//3835 
f 3834//3834 3837//3836 3800//3833 
f 3835//3832 3834//3834 3799//3831 
f 3809//3830 3835//3832 3795//3829 
f 3802//3828 3809//3830 3794//3827 
f 3803//3826 3802//3828 3775//3825 
f 3819//3824 3803//3826 3761//3823 
f 3817//3822 3819//3824 3760//3821 
f 3818//3820 3817//3822 3786//3819 
f 3816//3818 3818//3820 3787//3817 
f 3807//3816 3816//3818 3709//3815 
f 3808//3814 3807//3816 3750//3813 
f 3832//3812 3808//3814 3733//3811 
f 3833//3810 3832//3812 3732//3809 
f 3887//3808 3833//3810 3763//3807 
f 3888//3806 3887//3808 3762//3805 
f 3885//3804 3888//3806 3796//3803 
f 3886//3802 3885//3804 3789//3801 
f 3914//3800 3886//3802 3778//3799 
f 3915//3798 3914//3800 3777//3797 
f 3901//3796 3915//3798 3791//3795 
f 3884//3794 3901//3796 3790//3793 
f 3853//3792 3884//3794 3779//3791 
f 3822//3790 3853//3792 3767//3789 
f 3831//3788 3822//3790 3693//3787 
f 3863//3786 3831//3788 3692//3785 
f 3909//3784 3863//3786 3738//3783 
f 3907//3782 3909//3784 3754//3781 
f 3908//3780 3907//3782 3792//3779 
f 3905//3778 3908//3780 3798//3777 
f 3906//3776 3905//3778 3797//3775 
f 3913//3774 3906//3776 3781//3773 
f 3916//3772 3913//3774 3780//3771 
f 3898//3770 3916//3772 3783//3769 
f 3899//3768 3898//3770 3782//3767 
f 3858//3766 3899//3768 3769//3765 
f 3859//3764 3858//3766 3768//3763 
f 3880//3762 3859//3764 3713//3761 
f 3828//3760 3880//3762 3712//3759 
o mesh67
f 3447//3873 3917//3873 3918//3873 
f 3918//3873 3919//3873 3447//3873 
f 3447//3873 3920//3873 3921//3873 
f 3921//3873 3917//3873 3447//3873 
f 3919//3873 3922//3873 3447//3873 
f 3447//3873 3923//3873 3924//3873 
f 3447//3873 3925//3873 3926//3873 
f 3924//3873 3920//3873 3447//3873 
f 3447//3873 3927//3873 3925//3873 
f 3447//3873 3928//3873 3929//3873 
f 3926//3873 3923//3873 3447//3873 
f 3447//3873 3930//3873 3928//3873 
f 3917//3873 3921//3873 3931//3873 
f 3929//3873 3927//3873 3447//3873 
f 3449//3873 3932//3873 3933//3873 
f 3449//3873 3934//3873 3935//3873 
f 3449//3873 3936//3873 3937//3873 
f 3938//3873 3939//3873 3940//3873 
f 3941//3873 3942//3873 3943//3873 
f 3944//3873 3945//3873 3946//3873 
f 3917//3873 3947//3873 3948//3873 
f 3922//3873 3949//3873 3447//3873 
f 3447//3873 3950//3873 3951//3873 
f 3952//3873 3953//3873 3954//3873 
f 3955//3873 3918//3873 3953//3873 
f 3449//3873 3956//3873 3957//3873 
f 3935//3873 3932//3873 3449//3873 
f 3449//3873 3958//3873 3959//3873 
f 3937//3873 3960//3873 3449//3873 
f 3958//3873 3961//3873 3962//3873 
f 3940//3873 3963//3873 3938//3873 
f 3943//3873 3946//3873 3941//3873 
f 3944//3873 3964//3873 3945//3873 
f 3965//3873 3966//3873 3967//3873 
f 3917//3873 3968//3873 3947//3873 
f 3951//3873 3930//3873 3447//3873 
f 3447//3873 3969//3873 3970//3873 
f 3445//3873 3971//3873 3972//3873 
f 3952//3873 3973//3873 3974//3873 
f 3954//3873 3975//3873 3952//3873 
f 3953//3873 3952//3873 3955//3873 
f 3976//3873 3977//3873 3978//3873 
f 3451//3873 3979//3873 3980//3873 
f 3451//3873 3449//3873 3981//3873 
f 3449//3873 3982//3873 3983//3873 
f 3933//3873 3956//3873 3449//3873 
f 3958//3873 3984//3873 3959//3873 
f 3449//3873 3985//3873 3936//3873 
f 3958//3873 3986//3873 3961//3873 
f 3445//3873 3987//3873 3988//3873 
f 3963//3873 3989//3873 3938//3873 
f 3938//3873 3990//3873 3991//3873 
f 3938//3873 3992//3873 3993//3873 
f 3994//3873 3995//3873 3942//3873 
f 3946//3873 3943//3873 3944//3873 
f 3965//3873 3988//3873 3966//3873 
f 3931//3873 3968//3873 3917//3873 
f 3970//3873 3996//3873 3447//3873 
f 3447//3873 3445//3873 3997//3873 
f 3972//3873 3998//3873 3445//3873 
f 3445//3873 3999//3873 4000//3873 
f 3952//3873 4001//3873 3973//3873 
f 3952//3873 4002//3873 4003//3873 
f 3952//3873 4004//3873 4005//3873 
f 3952//3873 4006//3873 4007//3873 
f 3952//3873 4008//3873 4009//3873 
f 3955//3873 4010//3873 3918//3873 
f 3976//3873 4011//3873 3977//3873 
f 4012//3873 4013//3873 4014//3873 
f 3451//3873 4015//3873 4016//3873 
f 3451//3873 4017//3873 3979//3873 
f 3981//3873 4018//3873 3451//3873 
f 3449//3873 4019//3873 4020//3873 
f 3983//3873 4021//3873 3449//3873 
f 3449//3873 4022//3873 3934//3873 
f 3960//3873 3958//3873 3449//3873 
f 3958//3873 4023//3873 3986//3873 
f 3447//3873 4024//3873 4025//3873 
f 3445//3873 4026//3873 4027//3873 
f 3988//3873 4028//3873 3445//3873 
f 3991//3873 3939//3873 3938//3873 
f 3993//3873 4029//3873 3938//3873 
f 3994//3873 3938//3873 3995//3873 
f 3944//3873 4030//3873 3964//3873 
f 3965//3873 4031//3873 4032//3873 
f 3965//3873 4033//3873 4034//3873 
f 3967//3873 4035//3873 3965//3873 
f 3996//3873 3950//3873 3447//3873 
f 3447//3873 4036//3873 4037//3873 
f 3997//3873 4038//3873 3447//3873 
f 3445//3873 4039//3873 4040//3873 
f 3445//3873 4041//3873 4042//3873 
f 3445//3873 4043//3873 4044//3873 
f 4000//3873 3971//3873 3445//3873 
f 4003//3873 4001//3873 3952//3873 
f 4005//3873 4045//3873 3952//3873 
f 3952//3873 4046//3873 4047//3873 
f 3952//3873 4048//3873 4049//3873 
f 3952//3873 4050//3873 4006//3873 
f 3975//3873 4008//3873 3952//3873 
f 3978//3873 4051//3873 3976//3873 
f 4014//3873 4052//3873 4012//3873 
f 4012//3873 3451//3873 4053//3873 
f 3451//3873 4054//3873 4015//3873 
f 3451//3873 4055//3873 4056//3873 
f 3451//3873 4057//3873 4058//3873 
f 3980//3873 4059//3873 3451//3873 
f 4018//3873 4060//3873 3451//3873 
f 3449//3873 4061//3873 4019//3873 
f 3449//3873 4062//3873 3982//3873 
f 3449//3873 4063//3873 4064//3873 
f 3959//3873 4022//3873 3449//3873 
f 3962//3873 4065//3873 3958//3873 
f 3447//3873 4066//3873 3985//3873 
f 4025//3873 4067//3873 3447//3873 
f 4028//3873 4026//3873 3445//3873 
f 4029//3873 3990//3873 3938//3873 
f 3938//3873 4068//3873 4069//3873 
f 3941//3873 3994//3873 3942//3873 
f 3965//3873 4070//3873 3964//3873 
f 3965//3873 4071//3873 4031//3873 
f 4035//3873 4033//3873 3965//3873 
f 3917//3873 4072//3873 4073//3873 
f 4037//3873 3969//3873 3447//3873 
f 4038//3873 4074//3873 3447//3873 
f 3445//3873 4075//3873 4039//3873 
f 3445//3873 4076//3873 4041//3873 
f 3998//3873 4043//3873 3445//3873 
f 4045//3873 4002//3873 3952//3873 
f 3952//3873 4077//3873 4078//3873 
f 4047//3873 4079//3873 3952//3873 
f 3952//3873 4080//3873 4048//3873 
f 3952//3873 4081//3873 4082//3873 
f 4009//3873 4050//3873 3952//3873 
f 3445//3873 4083//3873 4084//3873 
f 3451//3873 4085//3873 4083//3873 
f 3976//3873 4086//3873 4011//3873 
f 3978//3873 4087//3873 4088//3873 
f 4052//3873 4089//3873 4012//3873 
f 3451//3873 4090//3873 4053//3873 
f 4016//3873 4091//3873 3451//3873 
f 4056//3873 4092//3873 3451//3873 
f 4059//3873 4057//3873 3451//3873 
f 3451//3873 4093//3873 4094//3873 
f 4020//3873 3981//3873 3449//3873 
f 4064//3873 4062//3873 3449//3873 
f 4065//3873 3984//3873 3958//3873 
f 4023//3873 3958//3873 4095//3873 
f 4095//3873 4096//3873 4097//3873 
f 3447//3873 4098//3873 4066//3873 
f 4067//3873 4099//3873 3447//3873 
f 3447//3873 4100//3873 4101//3873 
f 3447//3873 3949//3873 4102//3873 
f 4027//3873 4103//3873 3445//3873 
f 3988//3873 4104//3873 4105//3873 
f 3988//3873 4106//3873 4107//3873 
f 4069//3873 3992//3873 3938//3873 
f 4030//3873 3965//3873 3964//3873 
f 3965//3873 4108//3873 4109//3873 
f 4034//3873 4071//3873 3965//3873 
f 3948//3873 4072//3873 3917//3873 
f 4040//3873 3997//3873 3445//3873 
f 3445//3873 4110//3873 4111//3873 
f 4044//3873 4076//3873 3445//3873 
f 3445//3873 3974//3873 4112//3873 
f 4078//3873 4004//3873 3952//3873 
f 4049//3873 4046//3873 3952//3873 
f 4007//3873 4081//3873 3952//3873 
f 3445//3873 4113//3873 4114//3873 
f 4083//3873 3445//3873 3451//3873 
f 4012//3873 4115//3873 4011//3873 
f 3978//3873 4116//3873 4087//3873 
f 4012//3873 4117//3873 4013//3873 
f 4091//3873 4090//3873 3451//3873 
f 4058//3873 4055//3873 3451//3873 
f 4060//3873 4093//3873 3451//3873 
f 3957//3873 4063//3873 3449//3873 
f 4097//3873 4118//3873 4095//3873 
f 4099//3873 4098//3873 3447//3873 
f 4102//3873 4100//3873 3447//3873 
f 4105//3873 4028//3873 3988//3873 
f 4107//3873 4119//3873 3988//3873 
f 3994//3873 4068//3873 3938//3873 
f 4032//3873 4108//3873 3965//3873 
f 4074//3873 4036//3873 3447//3873 
f 4042//3873 4110//3873 3445//3873 
f 3974//3873 3445//3873 3952//3873 
f 4082//3873 4080//3873 3952//3873 
f 4114//3873 4120//3873 3445//3873 
f 3445//3873 4121//3873 4122//3873 
f 4084//3873 4123//3873 3445//3873 
f 3451//3873 4124//3873 4125//3873 
f 3451//3873 4126//3873 4127//3873 
f 4088//3873 4051//3873 3978//3873 
f 4053//3873 4117//3873 4012//3873 
f 4094//3873 4017//3873 3451//3873 
f 3449//3873 4128//3873 4129//3873 
f 4095//3873 4118//3873 4023//3873 
f 4101//3873 4024//3873 3447//3873 
f 4119//3873 4104//3873 3988//3873 
f 3988//3873 3965//3873 4130//3873 
f 4109//3873 4070//3873 3965//3873 
f 4111//3873 4075//3873 3445//3873 
f 3918//3873 4010//3873 4131//3873 
f 4079//3873 4077//3873 3952//3873 
f 3445//3873 4132//3873 4113//3873 
f 4123//3873 4121//3873 3445//3873 
f 3451//3873 4133//3873 4124//3873 
f 3451//3873 4134//3873 4135//3873 
f 3451//3873 4136//3873 4126//3873 
f 3451//3873 4012//3873 4137//3873 
f 4089//3873 4115//3873 4012//3873 
f 3978//3873 4138//3873 4139//3873 
f 3978//3873 4095//3873 4140//3873 
f 4129//3873 4061//3873 3449//3873 
f 3985//3873 3449//3873 3447//3873 
f 4130//3873 4106//3873 3988//3873 
f 4073//3873 3938//3873 3917//3873 
f 4112//3873 3987//3873 3445//3873 
f 4122//3873 4132//3873 3445//3873 
f 4135//3873 4133//3873 3451//3873 
f 4127//3873 4141//3873 3451//3873 
f 4086//3873 4012//3873 4011//3873 
f 3978//3873 4142//3873 4143//3873 
f 4139//3873 4144//3873 3978//3873 
f 4140//3873 4145//3873 3978//3873 
f 4021//3873 4128//3873 3449//3873 
f 4095//3873 3978//3873 4146//3873 
f 3989//3873 3917//3873 3938//3873 
f 4120//3873 3952//3873 3445//3873 
f 4141//3873 4134//3873 3451//3873 
f 4143//3873 4116//3873 3978//3873 
f 3978//3873 4147//3873 4138//3873 
f 4145//3873 4148//3873 3978//3873 
f 4146//3873 4096//3873 4095//3873 
f 4131//3873 3919//3873 3918//3873 
f 4137//3873 4136//3873 3451//3873 
f 4148//3873 4147//3873 3978//3873 
f 4103//3873 3999//3873 3445//3873 
f 4144//3873 4142//3873 3978//3873 
f 4125//3873 4085//3873 3451//3873 
f 4092//3873 4054//3873 3451//3873 
o mesh68
f 3446//3874 4149//3874 4150//3874 
f 4150//3874 4151//3874 3446//3874 
f 4149//3874 3446//3874 4152//3874 
f 4152//3874 4153//3874 4149//3874 
f 3452//3874 4154//3874 4155//3874 
f 3452//3874 4156//3874 4157//3874 
f 4151//3874 4158//3874 3446//3874 
f 3446//3874 4159//3874 4160//3874 
f 3446//3874 4161//3874 4162//3874 
f 3452//3874 4163//3874 4164//3874 
f 4157//3874 4154//3874 3452//3874 
f 4165//3874 4166//3874 4167//3874 
f 3452//3874 4168//3874 4169//3874 
f 4165//3874 4170//3874 4171//3874 
f 4160//3874 4152//3874 3446//3874 
f 3446//3874 4172//3874 4161//3874 
f 3446//3874 4173//3874 4174//3874 
f 3452//3874 4175//3874 4176//3874 
f 4155//3874 4163//3874 3452//3874 
f 4165//3874 4177//3874 4166//3874 
f 4169//3874 4178//3874 3452//3874 
f 4165//3874 4179//3874 4170//3874 
f 4180//3874 4181//3874 4182//3874 
f 4183//3874 4184//3874 4182//3874 
f 4185//3874 4186//3874 4187//3874 
f 4162//3874 4159//3874 3446//3874 
f 3446//3874 4188//3874 4173//3874 
f 3452//3874 4189//3874 4190//3874 
f 4176//3874 4191//3874 3452//3874 
f 3452//3874 4167//3874 4156//3874 
f 4178//3874 4165//3874 3452//3874 
f 4165//3874 4192//3874 4179//3874 
f 3448//3874 4193//3874 4194//3874 
f 4195//3874 4196//3874 4197//3874 
f 4182//3874 4198//3874 4180//3874 
f 4182//3874 4181//3874 4183//3874 
f 4185//3874 4194//3874 4186//3874 
f 4149//3874 4153//3874 4199//3874 
f 4174//3874 4172//3874 3446//3874 
f 3448//3874 4200//3874 4201//3874 
f 4202//3874 4203//3874 4204//3874 
f 3450//3874 4190//3874 4205//3874 
f 3452//3874 4206//3874 4189//3874 
f 3452//3874 4207//3874 4175//3874 
f 3452//3874 4208//3874 4209//3874 
f 4167//3874 3452//3874 4165//3874 
f 4171//3874 4210//3874 4165//3874 
f 3446//3874 4211//3874 4212//3874 
f 3448//3874 4213//3874 4214//3874 
f 4194//3874 4215//3874 3448//3874 
f 4197//3874 4216//3874 4195//3874 
f 4217//3874 4218//3874 4180//3874 
f 4219//3874 4220//3874 4184//3874 
f 4185//3874 4221//3874 4222//3874 
f 4185//3874 4223//3874 4224//3874 
f 4187//3874 4225//3874 4185//3874 
f 4149//3874 4226//3874 4227//3874 
f 4158//3874 4228//3874 3446//3874 
f 3446//3874 4229//3874 4230//3874 
f 4201//3874 4231//3874 3448//3874 
f 3448//3874 4232//3874 4233//3874 
f 4202//3874 4234//3874 4203//3874 
f 4202//3874 4235//3874 4236//3874 
f 4202//3874 4237//3874 4238//3874 
f 4202//3874 4239//3874 4240//3874 
f 4241//3874 4150//3874 4239//3874 
f 4205//3874 4242//3874 3450//3874 
f 3452//3874 4243//3874 4206//3874 
f 4209//3874 4207//3874 3452//3874 
f 4210//3874 4177//3874 4165//3874 
f 4192//3874 4165//3874 4244//3874 
f 4244//3874 4245//3874 4246//3874 
f 3446//3874 4247//3874 4168//3874 
f 3446//3874 4248//3874 4249//3874 
f 3446//3874 4250//3874 4211//3874 
f 4215//3874 4213//3874 3448//3874 
f 4216//3874 4251//3874 4195//3874 
f 4195//3874 4252//3874 4253//3874 
f 4195//3874 4254//3874 4255//3874 
f 4217//3874 4195//3874 4218//3874 
f 4219//3874 4256//3874 4220//3874 
f 4185//3874 4257//3874 4221//3874 
f 4225//3874 4223//3874 4185//3874 
f 4149//3874 4258//3874 4226//3874 
f 4230//3874 4188//3874 3446//3874 
f 3446//3874 4259//3874 4260//3874 
f 3446//3874 3448//3874 4261//3874 
f 3448//3874 4262//3874 4263//3874 
f 3448//3874 4264//3874 4265//3874 
f 4233//3874 4200//3874 3448//3874 
f 4236//3874 4234//3874 4202//3874 
f 4238//3874 4266//3874 4202//3874 
f 4202//3874 4267//3874 4268//3874 
f 4202//3874 4269//3874 4270//3874 
f 4240//3874 4271//3874 4202//3874 
f 4239//3874 4202//3874 4241//3874 
f 4272//3874 4273//3874 4274//3874 
f 4245//3874 4275//3874 4274//3874 
f 3450//3874 4276//3874 4277//3874 
f 4190//3874 3450//3874 3452//3874 
f 3452//3874 4278//3874 4279//3874 
f 4164//3874 4208//3874 3452//3874 
f 4246//3874 4280//3874 4244//3874 
f 4249//3874 4247//3874 3446//3874 
f 4212//3874 4281//3874 3446//3874 
f 3446//3874 4282//3874 4283//3874 
f 3446//3874 4228//3874 4284//3874 
f 4214//3874 4285//3874 3448//3874 
f 4194//3874 4286//3874 4287//3874 
f 4194//3874 4288//3874 4289//3874 
f 4253//3874 4196//3874 4195//3874 
f 4255//3874 4290//3874 4195//3874 
f 4198//3874 4217//3874 4180//3874 
f 4183//3874 4219//3874 4184//3874 
f 4185//3874 4291//3874 4292//3874 
f 4224//3874 4257//3874 4185//3874 
f 4199//3874 4258//3874 4149//3874 
f 4260//3874 4293//3874 3446//3874 
f 4261//3874 4294//3874 3446//3874 
f 3448//3874 4295//3874 4296//3874 
f 3448//3874 4297//3874 4262//3874 
f 4231//3874 4264//3874 3448//3874 
f 4266//3874 4235//3874 4202//3874 
f 4202//3874 4298//3874 4299//3874 
f 4268//3874 4300//3874 4202//3874 
f 4202//3874 4301//3874 4269//3874 
f 4202//3874 4302//3874 4303//3874 
f 4202//3874 4304//3874 4305//3874 
f 4241//3874 4306//3874 4150//3874 
f 4274//3874 4307//3874 4272//3874 
f 4245//3874 4308//3874 4275//3874 
f 3450//3874 4309//3874 4276//3874 
f 4279//3874 4243//3874 3452//3874 
f 4244//3874 4280//3874 4192//3874 
f 4281//3874 4248//3874 3446//3874 
f 4284//3874 4282//3874 3446//3874 
f 4287//3874 4215//3874 4194//3874 
f 4289//3874 4310//3874 4194//3874 
f 4290//3874 4252//3874 4195//3874 
f 4195//3874 4311//3874 4312//3874 
f 4219//3874 4185//3874 4256//3874 
f 4222//3874 4291//3874 4185//3874 
f 4293//3874 4229//3874 3446//3874 
f 3446//3874 4313//3874 4314//3874 
f 4294//3874 4315//3874 3446//3874 
f 3448//3874 4316//3874 4295//3874 
f 3448//3874 4317//3874 4318//3874 
f 4265//3874 4297//3874 3448//3874 
f 4299//3874 4237//3874 4202//3874 
f 4270//3874 4267//3874 4202//3874 
f 4202//3874 4319//3874 4302//3874 
f 4271//3874 4304//3874 4202//3874 
f 3448//3874 4320//3874 4321//3874 
f 3450//3874 4322//3874 4320//3874 
f 4307//3874 4323//3874 4272//3874 
f 4245//3874 4324//3874 4308//3874 
f 4322//3874 4325//3874 4326//3874 
f 3450//3874 4327//3874 4328//3874 
f 3450//3874 4329//3874 4330//3874 
f 3450//3874 4331//3874 4332//3874 
f 4277//3874 4333//3874 3450//3874 
f 4191//3874 4278//3874 3452//3874 
f 4283//3874 4250//3874 3446//3874 
f 4310//3874 4286//3874 4194//3874 
f 4194//3874 4185//3874 4334//3874 
f 4312//3874 4254//3874 4195//3874 
f 4292//3874 4256//3874 4185//3874 
f 4149//3874 4335//3874 4336//3874 
f 4314//3874 4259//3874 3446//3874 
f 4296//3874 4261//3874 3448//3874 
f 4263//3874 4317//3874 3448//3874 
f 3448//3874 4204//3874 4337//3874 
f 4300//3874 4298//3874 4202//3874 
f 4202//3874 4338//3874 4339//3874 
f 4305//3874 4319//3874 4202//3874 
f 3448//3874 4340//3874 4341//3874 
f 4320//3874 3448//3874 3450//3874 
f 4274//3874 4273//3874 4245//3874 
f 4245//3874 4342//3874 4343//3874 
f 4245//3874 4344//3874 4345//3874 
f 4245//3874 4244//3874 4346//3874 
f 4347//3874 4348//3874 4349//3874 
f 4350//3874 4272//3874 4351//3874 
f 4326//3874 4352//3874 4322//3874 
f 4322//3874 3450//3874 4353//3874 
f 3450//3874 4354//3874 4327//3874 
f 4330//3874 4355//3874 3450//3874 
f 4333//3874 4331//3874 3450//3874 
f 3450//3874 4356//3874 4357//3874 
f 4168//3874 3452//3874 3446//3874 
f 4334//3874 4288//3874 4194//3874 
f 4217//3874 4311//3874 4195//3874 
f 4227//3874 4335//3874 4149//3874 
f 4318//3874 4316//3874 3448//3874 
f 4204//3874 3448//3874 4202//3874 
f 4303//3874 4338//3874 4202//3874 
f 3448//3874 4358//3874 4340//3874 
f 3448//3874 4359//3874 4360//3874 
f 4321//3874 4361//3874 3448//3874 
f 4272//3874 4362//3874 4363//3874 
f 4272//3874 4364//3874 4365//3874 
f 4343//3874 4324//3874 4245//3874 
f 4345//3874 4366//3874 4245//3874 
f 4346//3874 4367//3874 4245//3874 
f 4349//3874 4368//3874 4347//3874 
f 4347//3874 4369//3874 4370//3874 
f 4369//3874 4371//3874 4350//3874 
f 4352//3874 4372//3874 4322//3874 
f 4353//3874 4373//3874 4322//3874 
f 4328//3874 4374//3874 3450//3874 
f 4332//3874 4329//3874 3450//3874 
f 4242//3874 4356//3874 3450//3874 
f 4251//3874 4149//3874 4195//3874 
f 4315//3874 4313//3874 3446//3874 
f 4150//3874 4306//3874 4375//3874 
f 4339//3874 4301//3874 4202//3874 
f 3448//3874 4376//3874 4358//3874 
f 4361//3874 4359//3874 3448//3874 
f 4272//3874 4377//3874 4362//3874 
f 4323//3874 4364//3874 4272//3874 
f 4245//3874 4378//3874 4344//3874 
f 4367//3874 4379//3874 4245//3874 
f 4370//3874 4348//3874 4347//3874 
f 4369//3874 4347//3874 4371//3874 
f 4322//3874 4380//3874 4325//3874 
f 4374//3874 4353//3874 3450//3874 
f 4357//3874 4309//3874 3450//3874 
f 4336//3874 4195//3874 4149//3874 
f 4337//3874 4193//3874 3448//3874 
f 4360//3874 4376//3874 3448//3874 
f 4365//3874 4377//3874 4272//3874 
f 4379//3874 4378//3874 4245//3874 
f 4351//3874 4369//3874 4350//3874 
f 4373//3874 4380//3874 4322//3874 
f 4285//3874 4232//3874 3448//3874 
f 4341//3874 4202//3874 3448//3874 
f 4366//3874 4342//3874 4245//3874 
f 4372//3874 4347//3874 4322//3874 
f 4375//3874 4151//3874 4150//3874 
f 4368//3874 4322//3874 4347//3874 
f 4363//3874 4351//3874 4272//3874 
f 4355//3874 4354//3874 3450//3874 
o mesh69
f 4294//3875 4261//3876 3997//3876 
f 4315//3877 4294//3875 4040//3878 
f 4313//3879 4315//3877 4039//3880 
f 4314//3881 4313//3879 4075//3882 
f 4259//3883 4314//3881 4111//3884 
f 4260//3885 4259//3883 4110//3886 
f 4293//3887 4260//3885 4042//3888 
f 4229//3889 4293//3887 4041//3890 
f 4230//3891 4229//3889 4076//3892 
f 4188//3893 4230//3891 4044//3894 
f 4173//3895 4188//3893 4043//3896 
f 4174//3897 4173//3895 3998//3898 
f 4172//3899 4174//3897 3972//3900 
f 4161//3901 4172//3899 3971//3902 
f 4162//3903 4161//3901 4000//3904 
f 4159//3905 4162//3903 3999//3906 
f 4160//3907 4159//3905 4103//3908 
f 4152//3909 4160//3907 4027//3910 
f 4153//3911 4152//3909 4026//3912 
f 4199//3913 4153//3911 4028//3914 
f 4258//3915 4199//3913 4105//3916 
f 4226//3917 4258//3915 4104//3918 
f 4227//3919 4226//3917 4119//3920 
f 4335//3921 4227//3919 4107//3922 
f 4336//3923 4335//3921 4106//3924 
f 4195//3925 4336//3923 4130//3926 
f 4218//3927 4195//3925 3965//3928 
f 4180//3929 4218//3927 4030//3930 
f 4181//3931 4180//3929 3944//3932 
f 4183//3933 4181//3931 3943//3934 
f 4219//3935 4183//3933 3942//3936 
f 4185//3937 4219//3935 3995//3938 
f 4334//3939 4185//3937 3938//3940 
f 4288//3941 4334//3939 4073//3942 
f 4289//3943 4288//3941 4072//3944 
f 4310//3945 4289//3943 3948//3946 
f 4286//3947 4310//3945 3947//3948 
f 4287//3949 4286//3947 3968//3950 
f 4215//3951 4287//3949 3931//3952 
f 4213//3953 4215//3951 3921//3954 
f 4214//3955 4213//3953 3920//3956 
f 4285//3957 4214//3955 3924//3958 
f 4232//3959 4285//3957 3923//3960 
f 4233//3961 4232//3959 3926//3962 
f 4200//3963 4233//3961 3925//3964 
f 4201//3965 4200//3963 3927//3966 
f 4231//3967 4201//3965 3929//3968 
f 4264//3969 4231//3967 3928//3970 
f 4265//3971 4264//3969 3930//3972 
f 4297//3973 4265//3971 3951//3974 
f 4262//3975 4297//3973 3950//3976 
f 4263//3977 4262//3975 3996//3978 
f 4317//3979 4263//3977 3970//3980 
f 4318//3981 4317//3979 3969//3982 
f 4316//3983 4318//3981 4037//3984 
f 4295//3985 4316//3983 4036//3986 
f 4296//3987 4295//3985 4074//3988 
f 4261//3876 4296//3987 4038//3987 
f 4038//3987 3997//3876 4261//3876 
f 4074//3988 4038//3987 4296//3987 
f 4036//3986 4074//3988 4295//3985 
f 4037//3984 4036//3986 4316//3983 
f 3969//3982 4037//3984 4318//3981 
f 3970//3980 3969//3982 4317//3979 
f 3996//3978 3970//3980 4263//3977 
f 3950//3976 3996//3978 4262//3975 
f 3951//3974 3950//3976 4297//3973 
f 3930//3972 3951//3974 4265//3971 
f 3928//3970 3930//3972 4264//3969 
f 3929//3968 3928//3970 4231//3967 
f 3927//3966 3929//3968 4201//3965 
f 3925//3964 3927//3966 4200//3963 
f 3926//3962 3925//3964 4233//3961 
f 3923//3960 3926//3962 4232//3959 
f 3924//3958 3923//3960 4285//3957 
f 3920//3956 3924//3958 4214//3955 
f 3921//3954 3920//3956 4213//3953 
f 3931//3952 3921//3954 4215//3951 
f 3968//3950 3931//3952 4287//3949 
f 3947//3948 3968//3950 4286//3947 
f 3948//3946 3947//3948 4310//3945 
f 4072//3944 3948//3946 4289//3943 
f 4073//3942 4072//3944 4288//3941 
f 3938//3940 4073//3942 4334//3939 
f 3995//3938 3938//3940 4185//3937 
f 3942//3936 3995//3938 4219//3935 
f 3943//3934 3942//3936 4183//3933 
f 3944//3932 3943//3934 4181//3931 
f 4030//3930 3944//3932 4180//3929 
f 3965//3928 4030//3930 4218//3927 
f 4130//3926 3965//3928 4195//3925 
f 4106//3924 4130//3926 4336//3923 
f 4107//3922 4106//3924 4335//3921 
f 4119//3920 4107//3922 4227//3919 
f 4104//3918 4119//3920 4226//3917 
f 4105//3916 4104//3918 4258//3915 
f 4028//3914 4105//3916 4199//3913 
f 4026//3912 4028//3914 4153//3911 
f 4027//3910 4026//3912 4152//3909 
f 4103//3908 4027//3910 4160//3907 
f 3999//3906 4103//3908 4159//3905 
f 4000//3904 3999//3906 4162//3903 
f 3971//3902 4000//3904 4161//3901 
f 3972//3900 3971//3902 4172//3899 
f 3998//3898 3972//3900 4174//3897 
f 4043//3896 3998//3898 4173//3895 
f 4044//3894 4043//3896 4188//3893 
f 4076//3892 4044//3894 4230//3891 
f 4041//3890 4076//3892 4229//3889 
f 4042//3888 4041//3890 4293//3887 
f 4110//3886 4042//3888 4260//3885 
f 4111//3884 4110//3886 4259//3883 
f 4075//3882 4111//3884 4314//3881 
f 4039//3880 4075//3882 4313//3879 
f 4040//3878 4039//3880 4315//3877 
f 3997//3876 4040//3878 4294//3875 
o mesh70
f 4198//3989 4182//3990 3946//3990 
f 4217//3991 4198//3989 3945//3992 
f 4311//3993 4217//3991 3964//3994 
f 4312//3995 4311//3993 4070//3996 
f 4254//3997 4312//3995 4109//3998 
f 4255//3999 4254//3997 4108//4000 
f 4290//4001 4255//3999 4032//4002 
f 4252//4003 4290//4001 4031//4004 
f 4253//4005 4252//4003 4071//4006 
f 4196//4007 4253//4005 4034//4008 
f 4197//4009 4196//4007 4033//4010 
f 4216//4011 4197//4009 4035//4012 
f 4251//4013 4216//4011 3967//4014 
f 4149//4015 4251//4013 3966//4016 
f 4150//4017 4149//4015 3988//4018 
f 4239//4019 4150//4017 3987//4020 
f 4240//4021 4239//4019 4112//4022 
f 4271//4023 4240//4021 3974//4024 
f 4304//4025 4271//4023 3973//4026 
f 4305//4027 4304//4025 4001//4028 
f 4319//4029 4305//4027 4003//4030 
f 4302//4031 4319//4029 4002//4032 
f 4303//4033 4302//4031 4045//4034 
f 4338//4035 4303//4033 4005//4036 
f 4339//4037 4338//4035 4004//4038 
f 4301//4039 4339//4037 4078//4040 
f 4269//4041 4301//4039 4077//4042 
f 4270//4043 4269//4041 4079//4044 
f 4267//4045 4270//4043 4047//4046 
f 4268//4047 4267//4045 4046//4048 
f 4300//4049 4268//4047 4049//4050 
f 4298//4051 4300//4049 4048//4052 
f 4299//4053 4298//4051 4080//4054 
f 4237//4055 4299//4053 4082//4056 
f 4238//4057 4237//4055 4081//4058 
f 4266//4059 4238//4057 4007//4060 
f 4235//4061 4266//4059 4006//4062 
f 4236//4063 4235//4061 4050//4064 
f 4234//4065 4236//4063 4009//4066 
f 4203//4067 4234//4065 4008//4068 
f 4204//4069 4203//4067 3975//4070 
f 4337//4071 4204//4069 3954//4072 
f 4193//4073 4337//4071 3953//4074 
f 4194//4075 4193//4073 3918//4076 
f 4186//4077 4194//4075 3917//4078 
f 4187//4079 4186//4077 3989//4080 
f 4225//4081 4187//4079 3963//4082 
f 4223//4083 4225//4081 3940//4084 
f 4224//4085 4223//4083 3939//4086 
f 4257//4087 4224//4085 3991//4088 
f 4221//4089 4257//4087 3990//4090 
f 4222//4091 4221//4089 4029//4092 
f 4291//4093 4222//4091 3993//4094 
f 4292//4095 4291//4093 3992//4096 
f 4256//4097 4292//4095 4069//4098 
f 4220//4099 4256//4097 4068//4100 
f 4184//4101 4220//4099 3994//4102 
f 4182//3990 4184//4101 3941//4101 
f 3941//4101 3946//3990 4182//3990 
f 3994//4102 3941//4101 4184//4101 
f 4068//4100 3994//4102 4220//4099 
f 4069//4098 4068//4100 4256//4097 
f 3992//4096 4069//4098 4292//4095 
f 3993//4094 3992//4096 4291//4093 
f 4029//4092 3993//4094 4222//4091 
f 3990//4090 4029//4092 4221//4089 
f 3991//4088 3990//4090 4257//4087 
f 3939//4086 3991//4088 4224//4085 
f 3940//4084 3939//4086 4223//4083 
f 3963//4082 3940//4084 4225//4081 
f 3989//4080 3963//4082 4187//4079 
f 3917//4078 3989//4080 4186//4077 
f 3918//4076 3917//4078 4194//4075 
f 3953//4074 3918//4076 4193//4073 
f 3954//4072 3953//4074 4337//4071 
f 3975//4070 3954//4072 4204//4069 
f 4008//4068 3975//4070 4203//4067 
f 4009//4066 4008//4068 4234//4065 
f 4050//4064 4009//4066 4236//4063 
f 4006//4062 4050//4064 4235//4061 
f 4007//4060 4006//4062 4266//4059 
f 4081//4058 4007//4060 4238//4057 
f 4082//4056 4081//4058 4237//4055 
f 4080//4054 4082//4056 4299//4053 
f 4048//4052 4080//4054 4298//4051 
f 4049//4050 4048//4052 4300//4049 
f 4046//4048 4049//4050 4268//4047 
f 4047//4046 4046//4048 4267//4045 
f 4079//4044 4047//4046 4270//4043 
f 4077//4042 4079//4044 4269//4041 
f 4078//4040 4077//4042 4301//4039 
f 4004//4038 4078//4040 4339//4037 
f 4005//4036 4004//4038 4338//4035 
f 4045//4034 4005//4036 4303//4033 
f 4002//4032 4045//4034 4302//4031 
f 4003//4030 4002//4032 4319//4029 
f 4001//4028 4003//4030 4305//4027 
f 3973//4026 4001//4028 4304//4025 
f 3974//4024 3973//4026 4271//4023 
f 4112//4022 3974//4024 4240//4021 
f 3987//4020 4112//4022 4239//4019 
f 3988//4018 3987//4020 4150//4017 
f 3966//4016 3988//4018 4149//4015 
f 3967//4014 3966//4016 4251//4013 
f 4035//4012 3967//4014 4216//4011 
f 4033//4010 4035//4012 4197//4009 
f 4034//4008 4033//4010 4196//4007 
f 4071//4006 4034//4008 4253//4005 
f 4031//4004 4071//4006 4252//4003 
f 4032//4002 4031//4004 4290//4001 
f 4108//4000 4032//4002 4255//3999 
f 4109//3998 4108//4000 4254//3997 
f 4070//3996 4109//3998 4312//3995 
f 3964//3994 4070//3996 4311//3993 
f 3945//3992 3964//3994 4217//3991 
f 3946//3990 3945//3992 4198//3989 
o mesh71
f 3976//4103 4051//4104 4274//4104 
f 4086//4105 3976//4103 4275//4106 
f 4012//4107 4086//4105 4308//4108 
f 4137//4109 4012//4107 4324//4110 
f 4136//4111 4137//4109 4343//4112 
f 4126//4113 4136//4111 4342//4114 
f 4127//4115 4126//4113 4366//4116 
f 4141//4117 4127//4115 4345//4118 
f 4134//4119 4141//4117 4344//4120 
f 4135//4121 4134//4119 4378//4122 
f 4133//4123 4135//4121 4379//4124 
f 4124//4125 4133//4123 4367//4126 
f 4125//4127 4124//4125 4346//4128 
f 4085//4129 4125//4127 4244//4130 
f 4083//4131 4085//4129 4165//4132 
f 4084//4133 4083//4131 4178//4134 
f 4123//4135 4084//4133 4169//4136 
f 4121//4137 4123//4135 4168//4138 
f 4122//4139 4121//4137 4247//4140 
f 4132//4141 4122//4139 4249//4142 
f 4113//4143 4132//4141 4248//4144 
f 4114//4145 4113//4143 4281//4146 
f 4120//4147 4114//4145 4212//4148 
f 3952//4149 4120//4147 4211//4150 
f 3955//4151 3952//4149 4250//4152 
f 4010//4153 3955//4151 4283//4154 
f 4131//4155 4010//4153 4282//4156 
f 3919//4157 4131//4155 4284//4158 
f 3922//4159 3919//4157 4228//4160 
f 3949//4161 3922//4159 4158//4162 
f 4102//4163 3949//4161 4151//4164 
f 4100//4165 4102//4163 4375//4166 
f 4101//4167 4100//4165 4306//4168 
f 4024//4169 4101//4167 4241//4170 
f 4025//4171 4024//4169 4202//4172 
f 4067//4173 4025//4171 4341//4174 
f 4099//4175 4067//4173 4340//4176 
f 4098//4177 4099//4175 4358//4178 
f 4066//4179 4098//4177 4376//4180 
f 3985//4181 4066//4179 4360//4182 
f 3936//4183 3985//4181 4359//4184 
f 3937//4185 3936//4183 4361//4186 
f 3960//4187 3937//4185 4321//4188 
f 3958//4189 3960//4187 4320//4190 
f 4095//4191 3958//4189 4322//4192 
f 4140//4193 4095//4191 4368//4194 
f 4145//4195 4140//4193 4349//4196 
f 4148//4197 4145//4195 4348//4198 
f 4147//4199 4148//4197 4370//4200 
f 4138//4201 4147//4199 4369//4202 
f 4139//4203 4138//4201 4351//4204 
f 4144//4205 4139//4203 4363//4206 
f 4142//4207 4144//4205 4362//4208 
f 4143//4209 4142//4207 4377//4210 
f 4116//4211 4143//4209 4365//4212 
f 4087//4213 4116//4211 4364//4214 
f 4088//4215 4087//4213 4323//4216 
f 4051//4104 4088//4215 4307//4215 
f 4307//4215 4274//4104 4051//4104 
f 4323//4216 4307//4215 4088//4215 
f 4364//4214 4323//4216 4087//4213 
f 4365//4212 4364//4214 4116//4211 
f 4377//4210 4365//4212 4143//4209 
f 4362//4208 4377//4210 4142//4207 
f 4363//4206 4362//4208 4144//4205 
f 4351//4204 4363//4206 4139//4203 
f 4369//4202 4351//4204 4138//4201 
f 4370//4200 4369//4202 4147//4199 
f 4348//4198 4370//4200 4148//4197 
f 4349//4196 4348//4198 4145//4195 
f 4368//4194 4349//4196 4140//4193 
f 4322//4192 4368//4194 4095//4191 
f 4320//4190 4322//4192 3958//4189 
f 4321//4188 4320//4190 3960//4187 
f 4361//4186 4321//4188 3937//4185 
f 4359//4184 4361//4186 3936//4183 
f 4360//4182 4359//4184 3985//4181 
f 4376//4180 4360//4182 4066//4179 
f 4358//4178 4376//4180 4098//4177 
f 4340//4176 4358//4178 4099//4175 
f 4341//4174 4340//4176 4067//4173 
f 4202//4172 4341//4174 4025//4171 
f 4241//4170 4202//4172 4024//4169 
f 4306//4168 4241//4170 4101//4167 
f 4375//4166 4306//4168 4100//4165 
f 4151//4164 4375//4166 4102//4163 
f 4158//4162 4151//4164 3949//4161 
f 4228//4160 4158//4162 3922//4159 
f 4284//4158 4228//4160 3919//4157 
f 4282//4156 4284//4158 4131//4155 
f 4283//4154 4282//4156 4010//4153 
f 4250//4152 4283//4154 3955//4151 
f 4211//4150 4250//4152 3952//4149 
f 4212//4148 4211//4150 4120//4147 
f 4281//4146 4212//4148 4114//4145 
f 4248//4144 4281//4146 4113//4143 
f 4249//4142 4248//4144 4132//4141 
f 4247//4140 4249//4142 4122//4139 
f 4168//4138 4247//4140 4121//4137 
f 4169//4136 4168//4138 4123//4135 
f 4178//4134 4169//4136 4084//4133 
f 4165//4132 4178//4134 4083//4131 
f 4244//4130 4165//4132 4085//4129 
f 4346//4128 4244//4130 4125//4127 
f 4367//4126 4346//4128 4124//4125 
f 4379//4124 4367//4126 4133//4123 
f 4378//4122 4379//4124 4135//4121 
f 4344//4120 4378//4122 4134//4119 
f 4345//4118 4344//4120 4141//4117 
f 4366//4116 4345//4118 4127//4115 
f 4342//4114 4366//4116 4126//4113 
f 4343//4112 4342//4114 4136//4111 
f 4324//4110 4343//4112 4137//4109 
f 4308//4108 4324//4110 4012//4107 
f 4275//4106 4308//4108 4086//4105 
f 4274//4104 4275//4106 3976//4103 
o mesh72
f 4018//4217 3981//4218 4190//4218 
f 4060//4219 4018//4217 4189//4220 
f 4093//4221 4060//4219 4206//4222 
f 4094//4223 4093//4221 4243//4224 
f 4017//4225 4094//4223 4279//4226 
f 3979//4227 4017//4225 4278//4228 
f 3980//4229 3979//4227 4191//4230 
f 4059//4231 3980//4229 4176//4232 
f 4057//4233 4059//4231 4175//4234 
f 4058//4235 4057//4233 4207//4236 
f 4055//4237 4058//4235 4209//4238 
f 4056//4239 4055//4237 4208//4240 
f 4092//4241 4056//4239 4164//4242 
f 4054//4243 4092//4241 4163//4244 
f 4015//4245 4054//4243 4155//4246 
f 4016//4247 4015//4245 4154//4248 
f 4091//4249 4016//4247 4157//4250 
f 4090//4251 4091//4249 4156//4252 
f 4053//4253 4090//4251 4167//4254 
f 4117//4255 4053//4253 4166//4256 
f 4013//4257 4117//4255 4177//4258 
f 4014//4259 4013//4257 4210//4260 
f 4052//4261 4014//4259 4171//4262 
f 4089//4263 4052//4261 4170//4264 
f 4115//4265 4089//4263 4179//4266 
f 4011//4267 4115//4265 4192//4268 
f 3977//4269 4011//4267 4280//4270 
f 3978//4271 3977//4269 4246//4272 
f 4146//4273 3978//4271 4245//4274 
f 4096//4275 4146//4273 4273//4276 
f 4097//4277 4096//4275 4272//4278 
f 4118//4279 4097//4277 4350//4280 
f 4023//4281 4118//4279 4371//4282 
f 3986//4283 4023//4281 4347//4284 
f 3961//4285 3986//4283 4372//4286 
f 3962//4287 3961//4285 4352//4288 
f 4065//4289 3962//4287 4326//4290 
f 3984//4291 4065//4289 4325//4292 
f 3959//4293 3984//4291 4380//4294 
f 4022//4295 3959//4293 4373//4296 
f 3934//4297 4022//4295 4353//4298 
f 3935//4299 3934//4297 4374//4300 
f 3932//4301 3935//4299 4328//4302 
f 3933//4303 3932//4301 4327//4304 
f 3956//4305 3933//4303 4354//4306 
f 3957//4307 3956//4305 4355//4308 
f 4063//4309 3957//4307 4330//4310 
f 4064//4311 4063//4309 4329//4312 
f 4062//4313 4064//4311 4332//4314 
f 3982//4315 4062//4313 4331//4316 
f 3983//4317 3982//4315 4333//4318 
f 4021//4319 3983//4317 4277//4320 
f 4128//4321 4021//4319 4276//4322 
f 4129//4323 4128//4321 4309//4324 
f 4061//4325 4129//4323 4357//4326 
f 4019//4327 4061//4325 4356//4328 
f 4020//4329 4019//4327 4242//4330 
f 3981//4218 4020//4329 4205//4329 
f 4205//4329 4190//4218 3981//4218 
f 4242//4330 4205//4329 4020//4329 
f 4356//4328 4242//4330 4019//4327 
f 4357//4326 4356//4328 4061//4325 
f 4309//4324 4357//4326 4129//4323 
f 4276//4322 4309//4324 4128//4321 
f 4277//4320 4276//4322 4021//4319 
f 4333//4318 4277//4320 3983//4317 
f 4331//4316 4333//4318 3982//4315 
f 4332//4314 4331//4316 4062//4313 
f 4329//4312 4332//4314 4064//4311 
f 4330//4310 4329//4312 4063//4309 
f 4355//4308 4330//4310 3957//4307 
f 4354//4306 4355//4308 3956//4305 
f 4327//4304 4354//4306 3933//4303 
f 4328//4302 4327//4304 3932//4301 
f 4374//4300 4328//4302 3935//4299 
f 4353//4298 4374//4300 3934//4297 
f 4373//4296 4353//4298 4022//4295 
f 4380//4294 4373//4296 3959//4293 
f 4325//4292 4380//4294 3984//4291 
f 4326//4290 4325//4292 4065//4289 
f 4352//4288 4326//4290 3962//4287 
f 4372//4286 4352//4288 3961//4285 
f 4347//4284 4372//4286 3986//4283 
f 4371//4282 4347//4284 4023//4281 
f 4350//4280 4371//4282 4118//4279 
f 4272//4278 4350//4280 4097//4277 
f 4273//4276 4272//4278 4096//4275 
f 4245//4274 4273//4276 4146//4273 
f 4246//4272 4245//4274 3978//4271 
f 4280//4270 4246//4272 3977//4269 
f 4192//4268 4280//4270 4011//4267 
f 4179//4266 4192//4268 4115//4265 
f 4170//4264 4179//4266 4089//4263 
f 4171//4262 4170//4264 4052//4261 
f 4210//4260 4171//4262 4014//4259 
f 4177//4258 4210//4260 4013//4257 
f 4166//4256 4177//4258 4117//4255 
f 4167//4254 4166//4256 4053//4253 
f 4156//4252 4167//4254 4090//4251 
f 4157//4250 4156//4252 4091//4249 
f 4154//4248 4157//4250 4016//4247 
f 4155//4246 4154//4248 4015//4245 
f 4163//4244 4155//4246 4054//4243 
f 4164//4242 4163//4244 4092//4241 
f 4208//4240 4164//4242 4056//4239 
f 4209//4238 4208//4240 4055//4237 
f 4207//4236 4209//4238 4058//4235 
f 4175//4234 4207//4236 4057//4233 
f 4176//4232 4175//4234 4059//4231 
f 4191//4230 4176//4232 3980//4229 
f 4278//4228 4191//4230 3979//4227 
f 4279//4226 4278//4228 4017//4225 
f 4243//4224 4279//4226 4094//4223 
f 4206//4222 4243//4224 4093//4221 
f 4189//4220 4206//4222 4060//4219 
f 4190//4218 4189//4220 4018//4217 
