# OBJ generated by ONSHAPE BY PTC INC, 1.221 Units = meters
mtllib topbar.mtl
g am-5875: A-Frame Top Bar
v -0.000275995 -0.00381226 0.0111125 
v 1.5242e-19 -0.0037973 0.0111125 
v 7.77651e-19 -0.0037973 0.0127 
v -0.000548755 -0.00385698 0.0111125 
v -0.000275995 -0.00381226 0.0127 
v -0.000815081 -0.00393093 0.0111125 
v -0.000548755 -0.00385698 0.0127 
v -0.00107185 -0.00403323 0.0111125 
v -0.000815081 -0.00393093 0.0127 
v -0.00131605 -0.0041627 0.0111125 
v -0.00107185 -0.00403323 0.0127 
v -0.00154483 -0.00431781 0.0111125 
v -0.00131605 -0.0041627 0.0127 
v -0.00175549 -0.00449675 0.0111125 
v -0.00154483 -0.00431781 0.0127 
v -0.00194557 -0.00469742 0.0111125 
v -0.00175549 -0.00449675 0.0127 
v -0.00211284 -0.00491746 0.0111125 
v -0.00194557 -0.00469742 0.0127 
v -0.00225534 -0.00515429 0.0111125 
v -0.00211284 -0.00491746 0.0127 
v -0.0023714 -0.00540515 0.0111125 
v -0.00225534 -0.00515429 0.0127 
v -0.00245965 -0.00566708 0.0111125 
v -0.0023714 -0.00540515 0.0127 
v -0.00251907 -0.00593702 0.0111125 
v -0.00245965 -0.00566708 0.0127 
v -0.00254896 -0.0062118 0.0111125 
v -0.00251907 -0.00593702 0.0127 
v -0.00254896 -0.0064882 0.0111125 
v -0.00254896 -0.0062118 0.0127 
v -0.00251907 -0.00676298 0.0111125 
v -0.00254896 -0.0064882 0.0127 
v -0.00245965 -0.00703292 0.0111125 
v -0.00251907 -0.00676298 0.0127 
v -0.0023714 -0.00729485 0.0111125 
v -0.00245965 -0.00703292 0.0127 
v -0.00225534 -0.00754571 0.0111125 
v -0.0023714 -0.00729485 0.0127 
v -0.00211284 -0.00778254 0.0111125 
v -0.00225534 -0.00754571 0.0127 
v -0.00194557 -0.00800258 0.0111125 
v -0.00211284 -0.00778254 0.0127 
v -0.00175549 -0.00820325 0.0111125 
v -0.00194557 -0.00800258 0.0127 
v -0.00154483 -0.00838219 0.0111125 
v -0.00175549 -0.00820325 0.0127 
v -0.00131605 -0.0085373 0.0111125 
v -0.00154483 -0.00838219 0.0127 
v -0.00107185 -0.00866677 0.0111125 
v -0.00131605 -0.0085373 0.0127 
v -0.000815081 -0.00876907 0.0111125 
v -0.00107185 -0.00866677 0.0127 
v -0.000548755 -0.00884302 0.0111125 
v -0.000815081 -0.00876907 0.0127 
v -0.000275995 -0.00888774 0.0111125 
v -0.000548755 -0.00884302 0.0127 
v 1.09027e-18 -0.0089027 0.0111125 
v -0.000275995 -0.00888774 0.0127 
v 0.000275995 -0.00888774 0.0111125 
v 1.09027e-18 -0.0089027 0.0127 
v 0.000548755 -0.00884302 0.0111125 
v 0.000275995 -0.00888774 0.0127 
v 0.000815081 -0.00876907 0.0111125 
v 0.000548755 -0.00884302 0.0127 
v 0.00107185 -0.00866677 0.0111125 
v 0.000815081 -0.00876907 0.0127 
v 0.00131605 -0.0085373 0.0111125 
v 0.00107185 -0.00866677 0.0127 
v 0.00154483 -0.00838219 0.0111125 
v 0.00131605 -0.0085373 0.0127 
v 0.00175549 -0.00820325 0.0111125 
v 0.00154483 -0.00838219 0.0127 
v 0.00194557 -0.00800258 0.0111125 
v 0.00175549 -0.00820325 0.0127 
v 0.00211284 -0.00778254 0.0111125 
v 0.00194557 -0.00800258 0.0127 
v 0.00225534 -0.00754571 0.0111125 
v 0.00211284 -0.00778254 0.0127 
v 0.0023714 -0.00729485 0.0111125 
v 0.00225534 -0.00754571 0.0127 
v 0.00245965 -0.00703292 0.0111125 
v 0.0023714 -0.00729485 0.0127 
v 0.00251907 -0.00676298 0.0111125 
v 0.00245965 -0.00703292 0.0127 
v 0.00254896 -0.0064882 0.0111125 
v 0.00251907 -0.00676298 0.0127 
v 0.00254896 -0.0062118 0.0111125 
v 0.00254896 -0.0064882 0.0127 
v 0.00251907 -0.00593702 0.0111125 
v 0.00254896 -0.0062118 0.0127 
v 0.00245965 -0.00566708 0.0111125 
v 0.00251907 -0.00593702 0.0127 
v 0.0023714 -0.00540515 0.0111125 
v 0.00245965 -0.00566708 0.0127 
v 0.00225534 -0.00515429 0.0111125 
v 0.0023714 -0.00540515 0.0127 
v 0.00211284 -0.00491746 0.0111125 
v 0.00225534 -0.00515429 0.0127 
v 0.00194557 -0.00469742 0.0111125 
v 0.00211284 -0.00491746 0.0127 
v 0.00175549 -0.00449675 0.0111125 
v 0.00194557 -0.00469742 0.0127 
v 0.00154483 -0.00431781 0.0111125 
v 0.00175549 -0.00449675 0.0127 
v 0.00131605 -0.0041627 0.0111125 
v 0.00154483 -0.00431781 0.0127 
v 0.00107185 -0.00403323 0.0111125 
v 0.00131605 -0.0041627 0.0127 
v 0.000815081 -0.00393093 0.0111125 
v 0.00107185 -0.00403323 0.0127 
v 0.000548755 -0.00385698 0.0111125 
v 0.000815081 -0.00393093 0.0127 
v 0.000275995 -0.00381226 0.0111125 
v 0.000548755 -0.00385698 0.0127 
v 0.000275995 -0.00381226 0.0127 
v -0.0127 -0.6096 0.0127 
v -0.00254896 -0.584338 0.0127 
v -0.00254896 -0.584062 0.0127 
v 3.42322e-18 -0.0279527 0.0127 
v -0.0023714 -0.602305 0.0127 
v -0.00225534 -0.602054 0.0127 
v -0.00254896 -0.603112 0.0127 
v -0.00251907 -0.602837 0.0127 
v -0.0127 0 0.0127 
v -0.0023714 -0.0263449 0.0127 
v -0.00245965 -0.0260829 0.0127 
v -0.000275995 -0.0279377 0.0127 
v -0.00254896 -0.603388 0.0127 
v -0.00245965 -0.603933 0.0127 
v -0.00251907 -0.603663 0.0127 
v -0.00254896 -0.0252618 0.0127 
v -0.00251907 -0.025813 0.0127 
v -0.000548755 -0.600757 0.0127 
v -0.000275995 -0.600712 0.0127 
v -0.00194557 -0.585853 0.0127 
v -0.00211284 -0.601817 0.0127 
v -0.00194557 -0.601597 0.0127 
v -0.000548755 -0.027893 0.0127 
v -0.00254896 -0.0255382 0.0127 
v -0.00251907 -0.024987 0.0127 
v 0.000548755 -0.600757 0.0127 
v 0.00211284 -0.585633 0.0127 
v 0.00194557 -0.585853 0.0127 
v -0.00211284 -0.585633 0.0127 
v -0.000815081 -0.600831 0.0127 
v -0.00131605 -0.601063 0.0127 
v -0.00107185 -0.600933 0.0127 
v -0.00245965 -0.602567 0.0127 
v -0.00211284 -0.604683 0.0127 
v -0.00225534 -0.604446 0.0127 
v -0.00175549 -0.605103 0.0127 
v -0.00194557 -0.604903 0.0127 
v 0.0127 -0.6096 0.0127 
v 0.00254896 -0.584062 0.0127 
v 0.00254896 -0.584338 0.0127 
v 0.000815081 -0.600831 0.0127 
v 0.00107185 -0.600933 0.0127 
v 0.000275995 -0.600712 0.0127 
v 0.000815081 -0.586619 0.0127 
v 0.000548755 -0.586693 0.0127 
v 0.00131605 -0.586387 0.0127 
v 0.00107185 -0.586517 0.0127 
v -0.00175549 -0.601397 0.0127 
v -0.0023714 -0.604195 0.0127 
v -0.000815081 -0.605669 0.0127 
v -0.00107185 -0.605567 0.0127 
v -0.000275995 -0.605788 0.0127 
v -0.000548755 -0.605743 0.0127 
v 0.00211284 -0.604683 0.0127 
v 0.00194557 -0.604903 0.0127 
v 0.0023714 -0.604195 0.0127 
v 0.00225534 -0.604446 0.0127 
v 0.00254896 -0.603388 0.0127 
v 0.00251907 -0.603663 0.0127 
v 0.00154483 -0.0274322 0.0127 
v -0.00251907 -0.583787 0.0127 
v -0.00225534 -0.0265957 0.0127 
v 0.0023714 -0.602305 0.0127 
v 0.00175549 -0.601397 0.0127 
v 0.00194557 -0.601597 0.0127 
v -0.000815081 -0.586619 0.0127 
v -0.00107185 -0.586517 0.0127 
v -0.000275995 -0.586738 0.0127 
v -0.000548755 -0.586693 0.0127 
v -0.00154483 -0.601218 0.0127 
v -0.0023714 -0.585145 0.0127 
v -0.00245965 -0.584883 0.0127 
v -0.00225534 -0.585396 0.0127 
v -0.00154483 -0.605282 0.0127 
v 0.000815081 -0.605669 0.0127 
v 0.000548755 -0.605743 0.0127 
v 0.00131605 -0.605437 0.0127 
v 0.00107185 -0.605567 0.0127 
v 0.00254896 -0.603112 0.0127 
v 0.00175549 -0.0272532 0.0127 
v 0.00225534 -0.583004 0.0127 
v 0.0023714 -0.583255 0.0127 
v 0.00175549 -0.582347 0.0127 
v 0.00194557 -0.582547 0.0127 
v 0.000815081 -0.581781 0.0127 
v 0.00107185 -0.581883 0.0127 
v 0.000275995 -0.581662 0.0127 
v 0.000548755 -0.581707 0.0127 
v 0.000275995 -0.0228623 0.0127 
v 0.0127 0 0.0127 
v -0.00211284 -0.0268325 0.0127 
v -0.00175549 -0.0272532 0.0127 
v -0.00194557 -0.0270526 0.0127 
v 0.00245965 -0.602567 0.0127 
v 0.00251907 -0.602837 0.0127 
v 0.00211284 -0.601817 0.0127 
v 0.00225534 -0.602054 0.0127 
v 0.00154483 -0.601218 0.0127 
v 0.00131605 -0.601063 0.0127 
v 0.0023714 -0.585145 0.0127 
v 0.00225534 -0.585396 0.0127 
v 0.00251907 -0.584613 0.0127 
v 0.00245965 -0.584883 0.0127 
v 0 -0.600697 0.0127 
v 0.000275995 -0.586738 0.0127 
v 3.42322e-18 -0.586753 0.0127 
v 0.00154483 -0.586232 0.0127 
v 0.00175549 -0.586053 0.0127 
v -0.00251907 -0.584613 0.0127 
v -0.00131605 -0.605437 0.0127 
v 0.00175549 -0.605103 0.0127 
v 0.00245965 -0.603933 0.0127 
v 0.00211284 -0.582767 0.0127 
v 0.00154483 -0.582168 0.0127 
v -0.00211284 -0.582767 0.0127 
v -0.00194557 -0.582547 0.0127 
v -0.0023714 -0.583255 0.0127 
v -0.00225534 -0.583004 0.0127 
v 0.00131605 -0.0275873 0.0127 
v 0.000548755 -0.022907 0.0127 
v 0.000815081 -0.0229809 0.0127 
v -0.00154483 -0.586232 0.0127 
v -0.00175549 -0.586053 0.0127 
v -0.00131605 -0.586387 0.0127 
v -0.000815081 -0.0278191 0.0127 
v -0.00107185 -0.0277168 0.0127 
v 3.12616e-19 -0.605803 0.0127 
v 0.00154483 -0.605282 0.0127 
v 0.00131605 -0.582013 0.0127 
v -0.000815081 -0.581781 0.0127 
v -0.000548755 -0.581707 0.0127 
v -0.00131605 -0.582013 0.0127 
v -0.00107185 -0.581883 0.0127 
v -0.00245965 -0.583517 0.0127 
v 0.00154483 -0.0233678 0.0127 
v 0.00175549 -0.0235468 0.0127 
v 0.00107185 -0.0230832 0.0127 
v 0.00131605 -0.0232127 0.0127 
v 0.000275995 -0.605788 0.0127 
v 0.00245965 -0.583517 0.0127 
v -0.000275995 -0.581662 0.0127 
v 3.1106e-18 -0.581647 0.0127 
v -0.000275995 -0.0228623 0.0127 
v 3.1106e-18 -0.0228473 0.0127 
v 0.00107185 -0.0277168 0.0127 
v 0.00251907 -0.583787 0.0127 
v -0.00154483 -0.582168 0.0127 
v -0.00175549 -0.582347 0.0127 
v 0.00251907 -0.025813 0.0127 
v 0.00245965 -0.0260829 0.0127 
v -0.000815081 -0.0229809 0.0127 
v -0.000548755 -0.022907 0.0127 
v -0.00154483 -0.0233678 0.0127 
v -0.00131605 -0.0232127 0.0127 
v -0.00194557 -0.0237474 0.0127 
v -0.00175549 -0.0235468 0.0127 
v 0.000548755 -0.027893 0.0127 
v 0.000275995 -0.0279377 0.0127 
v 0.000815081 -0.0278191 0.0127 
v 0.00211284 -0.0268325 0.0127 
v 0.00194557 -0.0270526 0.0127 
v 0.0023714 -0.0263449 0.0127 
v 0.00225534 -0.0265957 0.0127 
v 0.00254896 -0.0255382 0.0127 
v 0.00254896 -0.0252618 0.0127 
v 0.00245965 -0.0247171 0.0127 
v 0.00251907 -0.024987 0.0127 
v 0.00225534 -0.0242043 0.0127 
v 0.0023714 -0.0244551 0.0127 
v -0.00131605 -0.0275873 0.0127 
v -0.00154483 -0.0274322 0.0127 
v 0.00194557 -0.0237474 0.0127 
v 0.00211284 -0.0239675 0.0127 
v -0.00107185 -0.0230832 0.0127 
v -0.00245965 -0.0247171 0.0127 
v -0.0023714 -0.0244551 0.0127 
v -0.00225534 -0.0242043 0.0127 
v -0.00211284 -0.0239675 0.0127 
v -0.000275995 -0.581662 0.0111125 
v 2.48537e-18 -0.581647 0.0111125 
v -0.000548755 -0.581707 0.0111125 
v -0.000815081 -0.581781 0.0111125 
v -0.00107185 -0.581883 0.0111125 
v -0.00131605 -0.582013 0.0111125 
v -0.00154483 -0.582168 0.0111125 
v -0.00175549 -0.582347 0.0111125 
v -0.00194557 -0.582547 0.0111125 
v -0.00211284 -0.582767 0.0111125 
v -0.00225534 -0.583004 0.0111125 
v -0.0023714 -0.583255 0.0111125 
v -0.00245965 -0.583517 0.0111125 
v -0.00251907 -0.583787 0.0111125 
v -0.00254896 -0.584062 0.0111125 
v -0.00254896 -0.584338 0.0111125 
v -0.00251907 -0.584613 0.0111125 
v -0.00245965 -0.584883 0.0111125 
v -0.0023714 -0.585145 0.0111125 
v -0.00225534 -0.585396 0.0111125 
v -0.00211284 -0.585633 0.0111125 
v -0.00194557 -0.585853 0.0111125 
v -0.00175549 -0.586053 0.0111125 
v -0.00154483 -0.586232 0.0111125 
v -0.00131605 -0.586387 0.0111125 
v -0.00107185 -0.586517 0.0111125 
v -0.000815081 -0.586619 0.0111125 
v -0.000548755 -0.586693 0.0111125 
v -0.000275995 -0.586738 0.0111125 
v 3.42322e-18 -0.586753 0.0111125 
v 0.000275995 -0.586738 0.0111125 
v 0.000548755 -0.586693 0.0111125 
v 0.000815081 -0.586619 0.0111125 
v 0.00107185 -0.586517 0.0111125 
v 0.00131605 -0.586387 0.0111125 
v 0.00154483 -0.586232 0.0111125 
v 0.00175549 -0.586053 0.0111125 
v 0.00194557 -0.585853 0.0111125 
v 0.00211284 -0.585633 0.0111125 
v 0.00225534 -0.585396 0.0111125 
v 0.0023714 -0.585145 0.0111125 
v 0.00245965 -0.584883 0.0111125 
v 0.00251907 -0.584613 0.0111125 
v 0.00254896 -0.584338 0.0111125 
v 0.00254896 -0.584062 0.0111125 
v 0.00251907 -0.583787 0.0111125 
v 0.00245965 -0.583517 0.0111125 
v 0.0023714 -0.583255 0.0111125 
v 0.00225534 -0.583004 0.0111125 
v 0.00211284 -0.582767 0.0111125 
v 0.00194557 -0.582547 0.0111125 
v 0.00175549 -0.582347 0.0111125 
v 0.00154483 -0.582168 0.0111125 
v 0.00131605 -0.582013 0.0111125 
v 0.00107185 -0.581883 0.0111125 
v 0.000815081 -0.581781 0.0111125 
v 0.000548755 -0.581707 0.0111125 
v 0.000275995 -0.581662 0.0111125 
v -0.000275995 -0.600712 0.0111125 
v -6.25231e-19 -0.600697 0.0111125 
v -0.000548755 -0.600757 0.0111125 
v -0.000815081 -0.600831 0.0111125 
v -0.00107185 -0.600933 0.0111125 
v -0.00131605 -0.601063 0.0111125 
v -0.00154483 -0.601218 0.0111125 
v -0.00175549 -0.601397 0.0111125 
v -0.00194557 -0.601597 0.0111125 
v -0.00211284 -0.601817 0.0111125 
v -0.00225534 -0.602054 0.0111125 
v -0.0023714 -0.602305 0.0111125 
v -0.00245965 -0.602567 0.0111125 
v -0.00251907 -0.602837 0.0111125 
v -0.00254896 -0.603112 0.0111125 
v -0.00254896 -0.603388 0.0111125 
v -0.00251907 -0.603663 0.0111125 
v -0.00245965 -0.603933 0.0111125 
v -0.0023714 -0.604195 0.0111125 
v -0.00225534 -0.604446 0.0111125 
v -0.00211284 -0.604683 0.0111125 
v -0.00194557 -0.604903 0.0111125 
v -0.00175549 -0.605103 0.0111125 
v -0.00154483 -0.605282 0.0111125 
v -0.00131605 -0.605437 0.0111125 
v -0.00107185 -0.605567 0.0111125 
v -0.000815081 -0.605669 0.0111125 
v -0.000548755 -0.605743 0.0111125 
v -0.000275995 -0.605788 0.0111125 
v 3.12616e-19 -0.605803 0.0111125 
v 0.000275995 -0.605788 0.0111125 
v 0.000548755 -0.605743 0.0111125 
v 0.000815081 -0.605669 0.0111125 
v 0.00107185 -0.605567 0.0111125 
v 0.00131605 -0.605437 0.0111125 
v 0.00154483 -0.605282 0.0111125 
v 0.00175549 -0.605103 0.0111125 
v 0.00194557 -0.604903 0.0111125 
v 0.00211284 -0.604683 0.0111125 
v 0.00225534 -0.604446 0.0111125 
v 0.0023714 -0.604195 0.0111125 
v 0.00245965 -0.603933 0.0111125 
v 0.00251907 -0.603663 0.0111125 
v 0.00254896 -0.603388 0.0111125 
v 0.00254896 -0.603112 0.0111125 
v 0.00251907 -0.602837 0.0111125 
v 0.00245965 -0.602567 0.0111125 
v 0.0023714 -0.602305 0.0111125 
v 0.00225534 -0.602054 0.0111125 
v 0.00211284 -0.601817 0.0111125 
v 0.00194557 -0.601597 0.0111125 
v 0.00175549 -0.601397 0.0111125 
v 0.00154483 -0.601218 0.0111125 
v 0.00131605 -0.601063 0.0111125 
v 0.00107185 -0.600933 0.0111125 
v 0.000815081 -0.600831 0.0111125 
v 0.000548755 -0.600757 0.0111125 
v 0.000275995 -0.600712 0.0111125 
v -0.000275995 -0.0228623 0.0111125 
v 2.48537e-18 -0.0228473 0.0111125 
v -0.000548755 -0.022907 0.0111125 
v -0.000815081 -0.0229809 0.0111125 
v -0.00107185 -0.0230832 0.0111125 
v -0.00131605 -0.0232127 0.0111125 
v -0.00154483 -0.0233678 0.0111125 
v -0.00175549 -0.0235468 0.0111125 
v -0.00194557 -0.0237474 0.0111125 
v -0.00211284 -0.0239675 0.0111125 
v -0.00225534 -0.0242043 0.0111125 
v -0.0023714 -0.0244551 0.0111125 
v -0.00245965 -0.0247171 0.0111125 
v -0.00251907 -0.024987 0.0111125 
v -0.00254896 -0.0252618 0.0111125 
v -0.00254896 -0.0255382 0.0111125 
v -0.00251907 -0.025813 0.0111125 
v -0.00245965 -0.0260829 0.0111125 
v -0.0023714 -0.0263449 0.0111125 
v -0.00225534 -0.0265957 0.0111125 
v -0.00211284 -0.0268325 0.0111125 
v -0.00194557 -0.0270526 0.0111125 
v -0.00175549 -0.0272532 0.0111125 
v -0.00154483 -0.0274322 0.0111125 
v -0.00131605 -0.0275873 0.0111125 
v -0.00107185 -0.0277168 0.0111125 
v -0.000815081 -0.0278191 0.0111125 
v -0.000548755 -0.027893 0.0111125 
v -0.000275995 -0.0279377 0.0111125 
v 3.42322e-18 -0.0279527 0.0111125 
v 0.000275995 -0.0279377 0.0111125 
v 0.000548755 -0.027893 0.0111125 
v 0.000815081 -0.0278191 0.0111125 
v 0.00107185 -0.0277168 0.0111125 
v 0.00131605 -0.0275873 0.0111125 
v 0.00154483 -0.0274322 0.0111125 
v 0.00175549 -0.0272532 0.0111125 
v 0.00194557 -0.0270526 0.0111125 
v 0.00211284 -0.0268325 0.0111125 
v 0.00225534 -0.0265957 0.0111125 
v 0.0023714 -0.0263449 0.0111125 
v 0.00245965 -0.0260829 0.0111125 
v 0.00251907 -0.025813 0.0111125 
v 0.00254896 -0.0255382 0.0111125 
v 0.00254896 -0.0252618 0.0111125 
v 0.00251907 -0.024987 0.0111125 
v 0.00245965 -0.0247171 0.0111125 
v 0.0023714 -0.0244551 0.0111125 
v 0.00225534 -0.0242043 0.0111125 
v 0.00211284 -0.0239675 0.0111125 
v 0.00194557 -0.0237474 0.0111125 
v 0.00175549 -0.0235468 0.0111125 
v 0.00154483 -0.0233678 0.0111125 
v 0.00131605 -0.0232127 0.0111125 
v 0.00107185 -0.0230832 0.0111125 
v 0.000815081 -0.0229809 0.0111125 
v 0.000548755 -0.022907 0.0111125 
v 0.000275995 -0.0228623 0.0111125 
v 0.0127 -0.6096 -0.0127 
v 0.0127 0 -0.0127 
v -0.0127 0 -0.0127 
v -0.0127 -0.6096 -0.0127 
v 0.0111125 -0.6096 0.0111125 
v 0.0111125 0 0.0111125 
v -0.0111125 -0.6096 0.0111125 
v -0.0111125 0 0.0111125 
v -0.0111125 -0.6096 -0.0111125 
v 0.0111125 -0.6096 -0.0111125 
v 0.0111125 0 -0.0111125 
v -0.0111125 0 -0.0111125 
v 0.000815081 -0.586619 -0.0127 
v 0.00251907 -0.602837 -0.0127 
v 0.00254896 -0.603112 -0.0127 
v 0.00107185 -0.586517 -0.0127 
v 0.000275995 -0.586738 -0.0127 
v 0.000548755 -0.586693 -0.0127 
v 0.00254896 -0.603388 -0.0127 
v 0.00245965 -0.603933 -0.0127 
v 0.00251907 -0.603663 -0.0127 
v 0.000275995 -0.0279377 -0.0127 
v 0.00254896 -0.584062 -0.0127 
v 0.00211284 -0.604683 -0.0127 
v 0.00225534 -0.604446 -0.0127 
v 0.00175549 -0.605103 -0.0127 
v 0.00194557 -0.604903 -0.0127 
v 3.42322e-18 -0.0279527 -0.0127 
v 0.00251907 -0.584613 -0.0127 
v 0.00254896 -0.584338 -0.0127 
v 0.00211284 -0.585633 -0.0127 
v 0.00225534 -0.585396 -0.0127 
v 0.00175549 -0.586053 -0.0127 
v 0.00194557 -0.585853 -0.0127 
v 0.0023714 -0.604195 -0.0127 
v 0.000815081 -0.605669 -0.0127 
v 0.00107185 -0.605567 -0.0127 
v 0.000275995 -0.605788 -0.0127 
v 0.000548755 -0.605743 -0.0127 
v 0.00254896 -0.0062118 -0.0127 
v 0.00251907 -0.00593702 -0.0127 
v 0.0023714 -0.00729485 -0.0127 
v 0.00245965 -0.00703292 -0.0127 
v 0.0023714 -0.0263449 -0.0127 
v 0.00245965 -0.0260829 -0.0127 
v 0.0023714 -0.585145 -0.0127 
v 0.00245965 -0.584883 -0.0127 
v 0.00131605 -0.586387 -0.0127 
v 0.00154483 -0.605282 -0.0127 
v 0.00254896 -0.0064882 -0.0127 
v 0.00251907 -0.00676298 -0.0127 
v 0.00254896 -0.0252618 -0.0127 
v 0.00225534 -0.00754571 -0.0127 
v 0.00251907 -0.025813 -0.0127 
v 0.00154483 -0.586232 -0.0127 
v 0.00131605 -0.605437 -0.0127 
v -0.00211284 -0.604683 -0.0127 
v -0.00194557 -0.604903 -0.0127 
v -0.00254896 -0.603388 -0.0127 
v -0.00251907 -0.603663 -0.0127 
v -0.000275995 -0.600712 -0.0127 
v -0.000548755 -0.586693 -0.0127 
v -0.000275995 -0.586738 -0.0127 
v 0.00211284 -0.00778254 -0.0127 
v 0.00254896 -0.0255382 -0.0127 
v 0.00107185 -0.00866677 -0.0127 
v 0.00251907 -0.024987 -0.0127 
v -0.00254896 -0.584062 -0.0127 
v -0.00254896 -0.584338 -0.0127 
v -0.000548755 -0.600757 -0.0127 
v -0.00211284 -0.585633 -0.0127 
v -0.00194557 -0.585853 -0.0127 
v 0.000815081 -0.0278191 -0.0127 
v 0.00107185 -0.0277168 -0.0127 
v -0.000815081 -0.605669 -0.0127 
v -0.000548755 -0.605743 -0.0127 
v -0.00131605 -0.605437 -0.0127 
v -0.00107185 -0.605567 -0.0127 
v -0.00175549 -0.605103 -0.0127 
v -0.0023714 -0.604195 -0.0127 
v -0.00225534 -0.604446 -0.0127 
v -0.00254896 -0.603112 -0.0127 
v 0.000275995 -0.600712 -0.0127 
v -6.25231e-19 -0.600697 -0.0127 
v 0.00211284 -0.601817 -0.0127 
v 0.00194557 -0.601597 -0.0127 
v -0.00154483 -0.0274322 -0.0127 
v 0.00251907 -0.583787 -0.0127 
v -0.000275995 -0.0228623 -0.0127 
v -0.00131605 -0.0085373 -0.0127 
v -0.00107185 -0.00866677 -0.0127 
v -0.00245965 -0.00566708 -0.0127 
v -0.00251907 -0.00593702 -0.0127 
v 0.0023714 -0.00540515 -0.0127 
v 0.00225534 -0.00515429 -0.0127 
v 0.00245965 -0.00566708 -0.0127 
v 0.00175549 -0.00820325 -0.0127 
v 0.00194557 -0.00800258 -0.0127 
v 0.000815081 -0.00876907 -0.0127 
v -0.0023714 -0.602305 -0.0127 
v -0.000815081 -0.600831 -0.0127 
v -0.00107185 -0.600933 -0.0127 
v 0.000548755 -0.027893 -0.0127 
v 3.12616e-19 -0.605803 -0.0127 
v -0.00245965 -0.603933 -0.0127 
v -0.000815081 -0.586619 -0.0127 
v -0.00131605 -0.586387 -0.0127 
v -0.00107185 -0.586517 -0.0127 
v 0.000815081 -0.600831 -0.0127 
v 0.000548755 -0.600757 -0.0127 
v 0.00131605 -0.601063 -0.0127 
v 0.00107185 -0.600933 -0.0127 
v 0.00175549 -0.601397 -0.0127 
v 0.00245965 -0.602567 -0.0127 
v -0.00175549 -0.0272532 -0.0127 
v -0.00225534 -0.583004 -0.0127 
v -0.0023714 -0.583255 -0.0127 
v 0.00245965 -0.583517 -0.0127 
v -0.000548755 -0.022907 -0.0127 
v -0.00211284 -0.00778254 -0.0127 
v -0.00194557 -0.00800258 -0.0127 
v -0.000815081 -0.0229809 -0.0127 
v -0.00225534 -0.00754571 -0.0127 
v -0.00251907 -0.00676298 -0.0127 
v -0.00245965 -0.00703292 -0.0127 
v -0.000275995 -0.00888774 -0.0127 
v 1.09027e-18 -0.0089027 -0.0127 
v -0.000815081 -0.00876907 -0.0127 
v -0.0023714 -0.00540515 -0.0127 
v -0.00211284 -0.00491746 -0.0127 
v -0.00225534 -0.00515429 -0.0127 
v 0.000815081 -0.00393093 -0.0127 
v 0.000548755 -0.00385698 -0.0127 
v 0.00131605 -0.0041627 -0.0127 
v 0.00107185 -0.00403323 -0.0127 
v 0.00211284 -0.00491746 -0.0127 
v 0.00194557 -0.00469742 -0.0127 
v 0.000548755 -0.00884302 -0.0127 
v 0.00225534 -0.0265957 -0.0127 
v -0.00211284 -0.601817 -0.0127 
v -0.00225534 -0.602054 -0.0127 
v -0.00175549 -0.601397 -0.0127 
v -0.00194557 -0.601597 -0.0127 
v -0.000275995 -0.605788 -0.0127 
v -0.00154483 -0.605282 -0.0127 
v 0.00225534 -0.602054 -0.0127 
v 0.0023714 -0.602305 -0.0127 
v -0.00211284 -0.582767 -0.0127 
v -0.00175549 -0.582347 -0.0127 
v -0.00194557 -0.582547 -0.0127 
v -0.000815081 -0.581781 -0.0127 
v -0.00107185 -0.581883 -0.0127 
v -0.000275995 -0.581662 -0.0127 
v -0.000548755 -0.581707 -0.0127 
v 0.000815081 -0.581781 -0.0127 
v 0.000548755 -0.581707 -0.0127 
v 0.00131605 -0.582013 -0.0127 
v 0.00107185 -0.581883 -0.0127 
v 0.00211284 -0.582767 -0.0127 
v 0.00194557 -0.582547 -0.0127 
v 0.0023714 -0.583255 -0.0127 
v 0.00225534 -0.583004 -0.0127 
v -0.00131605 -0.0275873 -0.0127 
v -0.0023714 -0.00729485 -0.0127 
v -0.00254896 -0.0064882 -0.0127 
v -0.000548755 -0.00884302 -0.0127 
v -0.00154483 -0.00838219 -0.0127 
v -0.00175549 -0.00820325 -0.0127 
v -0.00175549 -0.00449675 -0.0127 
v -0.00194557 -0.00469742 -0.0127 
v -0.000815081 -0.00393093 -0.0127 
v -0.00107185 -0.00403323 -0.0127 
v -0.000275995 -0.00381226 -0.0127 
v -0.000548755 -0.00385698 -0.0127 
v 0.00154483 -0.00838219 -0.0127 
v 0.00131605 -0.0085373 -0.0127 
v 0.00211284 -0.0268325 -0.0127 
v 0.00175549 -0.0272532 -0.0127 
v 0.00194557 -0.0270526 -0.0127 
v -0.00245965 -0.602567 -0.0127 
v -0.00251907 -0.602837 -0.0127 
v -0.00131605 -0.601063 -0.0127 
v -0.00154483 -0.601218 -0.0127 
v -0.0023714 -0.585145 -0.0127 
v -0.00225534 -0.585396 -0.0127 
v -0.00251907 -0.584613 -0.0127 
v -0.00154483 -0.586232 -0.0127 
v -0.00175549 -0.586053 -0.0127 
v 0.00154483 -0.601218 -0.0127 
v 0.00175549 -0.582347 -0.0127 
v -0.00254896 -0.0062118 -0.0127 
v 0.000275995 -0.0228623 -0.0127 
v 2.48537e-18 -0.0228473 -0.0127 
v 0.00154483 -0.00431781 -0.0127 
v 0.00175549 -0.00449675 -0.0127 
v -0.00245965 -0.584883 -0.0127 
v 3.42322e-18 -0.586753 -0.0127 
v -0.00245965 -0.583517 -0.0127 
v -0.00251907 -0.583787 -0.0127 
v -0.00154483 -0.582168 -0.0127 
v -0.00131605 -0.582013 -0.0127 
v 0.00154483 -0.582168 -0.0127 
v 0.00154483 -0.0233678 -0.0127 
v 0.00131605 -0.0232127 -0.0127 
v 0.00194557 -0.0237474 -0.0127 
v 0.00175549 -0.0235468 -0.0127 
v -0.00154483 -0.00431781 -0.0127 
v -0.00131605 -0.0041627 -0.0127 
v 0.000275995 -0.00381226 -0.0127 
v 1.5242e-19 -0.0037973 -0.0127 
v -0.00107185 -0.0277168 -0.0127 
v 0.000275995 -0.581662 -0.0127 
v 2.48537e-18 -0.581647 -0.0127 
v -0.00251907 -0.025813 -0.0127 
v -0.00245965 -0.0260829 -0.0127 
v -0.00154483 -0.0233678 -0.0127 
v -0.00175549 -0.0235468 -0.0127 
v -0.00107185 -0.0230832 -0.0127 
v -0.00131605 -0.0232127 -0.0127 
v 0.000815081 -0.0229809 -0.0127 
v 0.000548755 -0.022907 -0.0127 
v 0.000275995 -0.00888774 -0.0127 
v -0.000548755 -0.027893 -0.0127 
v -0.000275995 -0.0279377 -0.0127 
v -0.000815081 -0.0278191 -0.0127 
v -0.00211284 -0.0268325 -0.0127 
v -0.00194557 -0.0270526 -0.0127 
v -0.0023714 -0.0263449 -0.0127 
v -0.00225534 -0.0265957 -0.0127 
v -0.00254896 -0.0255382 -0.0127 
v -0.00254896 -0.0252618 -0.0127 
v -0.00245965 -0.0247171 -0.0127 
v -0.00251907 -0.024987 -0.0127 
v -0.00225534 -0.0242043 -0.0127 
v -0.0023714 -0.0244551 -0.0127 
v 0.00107185 -0.0230832 -0.0127 
v 0.00131605 -0.0275873 -0.0127 
v 0.00154483 -0.0274322 -0.0127 
v -0.00194557 -0.0237474 -0.0127 
v -0.00211284 -0.0239675 -0.0127 
v 0.00245965 -0.0247171 -0.0127 
v 0.0023714 -0.0244551 -0.0127 
v 0.00225534 -0.0242043 -0.0127 
v 0.00211284 -0.0239675 -0.0127 
v -0.00254896 -0.584338 -0.0111125 
v -0.00254896 -0.584062 -0.0111125 
v 3.42322e-18 -0.0279527 -0.0111125 
v -0.0023714 -0.602305 -0.0111125 
v -0.00225534 -0.602054 -0.0111125 
v -0.00254896 -0.603112 -0.0111125 
v -0.00251907 -0.602837 -0.0111125 
v -0.00254896 -0.0062118 -0.0111125 
v -0.00251907 -0.00593702 -0.0111125 
v -0.000275995 -0.0279377 -0.0111125 
v -0.00254896 -0.603388 -0.0111125 
v -0.00245965 -0.603933 -0.0111125 
v -0.00251907 -0.603663 -0.0111125 
v -0.00245965 -0.00566708 -0.0111125 
v -0.0023714 -0.00729485 -0.0111125 
v -0.00245965 -0.00703292 -0.0111125 
v -0.00254896 -0.0252618 -0.0111125 
v -0.00225534 -0.00754571 -0.0111125 
v -0.00245965 -0.0260829 -0.0111125 
v -0.00251907 -0.025813 -0.0111125 
v -0.000548755 -0.600757 -0.0111125 
v -0.000275995 -0.600712 -0.0111125 
v -0.00194557 -0.585853 -0.0111125 
v -0.00211284 -0.601817 -0.0111125 
v -0.00194557 -0.601597 -0.0111125 
v -0.000548755 -0.027893 -0.0111125 
v -0.00254896 -0.0064882 -0.0111125 
v -0.00251907 -0.00676298 -0.0111125 
v -0.00211284 -0.00778254 -0.0111125 
v -0.00254896 -0.0255382 -0.0111125 
v -0.00107185 -0.00866677 -0.0111125 
v -0.00251907 -0.024987 -0.0111125 
v 0.000548755 -0.600757 -0.0111125 
v 0.00211284 -0.585633 -0.0111125 
v 0.00194557 -0.585853 -0.0111125 
v -0.00211284 -0.585633 -0.0111125 
v -0.000815081 -0.600831 -0.0111125 
v -0.00131605 -0.601063 -0.0111125 
v -0.00107185 -0.600933 -0.0111125 
v -0.00245965 -0.602567 -0.0111125 
v -0.00211284 -0.604683 -0.0111125 
v -0.00225534 -0.604446 -0.0111125 
v -0.00175549 -0.605103 -0.0111125 
v -0.00194557 -0.604903 -0.0111125 
v -0.0023714 -0.00540515 -0.0111125 
v -0.00225534 -0.00515429 -0.0111125 
v -0.00175549 -0.00820325 -0.0111125 
v -0.00194557 -0.00800258 -0.0111125 
v -0.000815081 -0.00876907 -0.0111125 
v 0.00254896 -0.584062 -0.0111125 
v 0.00254896 -0.584338 -0.0111125 
v 0.000815081 -0.600831 -0.0111125 
v 0.00107185 -0.600933 -0.0111125 
v 0.000275995 -0.600712 -0.0111125 
v 0.000815081 -0.586619 -0.0111125 
v 0.000548755 -0.586693 -0.0111125 
v 0.00131605 -0.586387 -0.0111125 
v 0.00107185 -0.586517 -0.0111125 
v -0.00175549 -0.601397 -0.0111125 
v -0.0023714 -0.604195 -0.0111125 
v -0.000815081 -0.605669 -0.0111125 
v -0.00107185 -0.605567 -0.0111125 
v -0.000275995 -0.605788 -0.0111125 
v -0.000548755 -0.605743 -0.0111125 
v 0.00211284 -0.604683 -0.0111125 
v 0.00194557 -0.604903 -0.0111125 
v 0.0023714 -0.604195 -0.0111125 
v 0.00225534 -0.604446 -0.0111125 
v 0.00254896 -0.603388 -0.0111125 
v 0.00251907 -0.603663 -0.0111125 
v 0.00154483 -0.0274322 -0.0111125 
v -0.00251907 -0.583787 -0.0111125 
v -0.000815081 -0.00393093 -0.0111125 
v -0.000548755 -0.00385698 -0.0111125 
v -0.00131605 -0.0041627 -0.0111125 
v -0.00107185 -0.00403323 -0.0111125 
v -0.00211284 -0.00491746 -0.0111125 
v -0.00194557 -0.00469742 -0.0111125 
v -0.000548755 -0.00884302 -0.0111125 
v -0.00211284 -0.0268325 -0.0111125 
v -0.00225534 -0.0265957 -0.0111125 
v -0.00175549 -0.0272532 -0.0111125 
v -0.00194557 -0.0270526 -0.0111125 
v 0.0023714 -0.602305 -0.0111125 
v 0.00175549 -0.601397 -0.0111125 
v 0.00194557 -0.601597 -0.0111125 
v -0.000815081 -0.586619 -0.0111125 
v -0.00107185 -0.586517 -0.0111125 
v -0.000275995 -0.586738 -0.0111125 
v -0.000548755 -0.586693 -0.0111125 
v -0.00154483 -0.601218 -0.0111125 
v -0.0023714 -0.585145 -0.0111125 
v -0.00245965 -0.584883 -0.0111125 
v -0.00225534 -0.585396 -0.0111125 
v -0.00154483 -0.605282 -0.0111125 
v 0.000815081 -0.605669 -0.0111125 
v 0.000548755 -0.605743 -0.0111125 
v 0.00131605 -0.605437 -0.0111125 
v 0.00107185 -0.605567 -0.0111125 
v 0.00254896 -0.603112 -0.0111125 
v 0.00175549 -0.0272532 -0.0111125 
v 0.0023714 -0.583255 -0.0111125 
v 0.00245965 -0.583517 -0.0111125 
v 0.00211284 -0.582767 -0.0111125 
v 0.00225534 -0.583004 -0.0111125 
v 0.00175549 -0.582347 -0.0111125 
v 0.00194557 -0.582547 -0.0111125 
v 0.000815081 -0.581781 -0.0111125 
v 0.00107185 -0.581883 -0.0111125 
v 0.000275995 -0.581662 -0.0111125 
v 0.000548755 -0.581707 -0.0111125 
v 0.000275995 -0.0228623 -0.0111125 
v 0.00131605 -0.0085373 -0.0111125 
v 0.00107185 -0.00866677 -0.0111125 
v 0.00245965 -0.00566708 -0.0111125 
v 0.00251907 -0.00593702 -0.0111125 
v -0.00154483 -0.00838219 -0.0111125 
v -0.00131605 -0.0085373 -0.0111125 
v -0.0023714 -0.0263449 -0.0111125 
v 0.00245965 -0.602567 -0.0111125 
v 0.00251907 -0.602837 -0.0111125 
v 0.00211284 -0.601817 -0.0111125 
v 0.00225534 -0.602054 -0.0111125 
v 0.00154483 -0.601218 -0.0111125 
v 0.00131605 -0.601063 -0.0111125 
v 0.0023714 -0.585145 -0.0111125 
v 0.00225534 -0.585396 -0.0111125 
v 0.00251907 -0.584613 -0.0111125 
v 0.00245965 -0.584883 -0.0111125 
v 0 -0.600697 -0.0111125 
v 0.000275995 -0.586738 -0.0111125 
v 3.42322e-18 -0.586753 -0.0111125 
v 0.00154483 -0.586232 -0.0111125 
v 0.00175549 -0.586053 -0.0111125 
v -0.00251907 -0.584613 -0.0111125 
v -0.00131605 -0.605437 -0.0111125 
v 0.00175549 -0.605103 -0.0111125 
v 0.00245965 -0.603933 -0.0111125 
v 0.00154483 -0.582168 -0.0111125 
v -0.00211284 -0.582767 -0.0111125 
v -0.00194557 -0.582547 -0.0111125 
v -0.0023714 -0.583255 -0.0111125 
v -0.00225534 -0.583004 -0.0111125 
v 0.00131605 -0.0275873 -0.0111125 
v 0.000548755 -0.022907 -0.0111125 
v 0.00211284 -0.00778254 -0.0111125 
v 0.00194557 -0.00800258 -0.0111125 
v 0.0023714 -0.00729485 -0.0111125 
v 0.00225534 -0.00754571 -0.0111125 
v 0.00251907 -0.00676298 -0.0111125 
v 0.00245965 -0.00703292 -0.0111125 
v 0.000275995 -0.00888774 -0.0111125 
v 1.09027e-18 -0.0089027 -0.0111125 
v 0.000815081 -0.00876907 -0.0111125 
v 0.0023714 -0.00540515 -0.0111125 
v 0.00211284 -0.00491746 -0.0111125 
v 0.00225534 -0.00515429 -0.0111125 
v -0.00154483 -0.00431781 -0.0111125 
v -0.00175549 -0.00449675 -0.0111125 
v -0.00154483 -0.586232 -0.0111125 
v -0.00175549 -0.586053 -0.0111125 
v -0.00131605 -0.586387 -0.0111125 
v -0.000815081 -0.0278191 -0.0111125 
v -0.00107185 -0.0277168 -0.0111125 
v 3.12616e-19 -0.605803 -0.0111125 
v 0.00154483 -0.605282 -0.0111125 
v 0.00131605 -0.582013 -0.0111125 
v -0.000815081 -0.581781 -0.0111125 
v -0.000548755 -0.581707 -0.0111125 
v -0.00131605 -0.582013 -0.0111125 
v -0.00107185 -0.581883 -0.0111125 
v -0.00245965 -0.583517 -0.0111125 
v 0.00154483 -0.0233678 -0.0111125 
v 0.00175549 -0.0235468 -0.0111125 
v 0.00107185 -0.0230832 -0.0111125 
v 0.00131605 -0.0232127 -0.0111125 
v 0.000815081 -0.0229809 -0.0111125 
v 0.00254896 -0.0064882 -0.0111125 
v 0.000548755 -0.00884302 -0.0111125 
v 0.00154483 -0.00838219 -0.0111125 
v 0.00175549 -0.00820325 -0.0111125 
v 0.00175549 -0.00449675 -0.0111125 
v 0.00194557 -0.00469742 -0.0111125 
v 0.000815081 -0.00393093 -0.0111125 
v 0.00107185 -0.00403323 -0.0111125 
v 0.000275995 -0.00381226 -0.0111125 
v 0.000548755 -0.00385698 -0.0111125 
v 0.000275995 -0.605788 -0.0111125 
v -0.000275995 -0.581662 -0.0111125 
v 3.1106e-18 -0.581647 -0.0111125 
v 0.00254896 -0.0062118 -0.0111125 
v -0.000275995 -0.0228623 -0.0111125 
v 3.1106e-18 -0.0228473 -0.0111125 
v 7.77651e-19 -0.0037973 -0.0111125 
v -0.000275995 -0.00888774 -0.0111125 
v 0.00107185 -0.0277168 -0.0111125 
v 0.00251907 -0.583787 -0.0111125 
v -0.00154483 -0.582168 -0.0111125 
v -0.00175549 -0.582347 -0.0111125 
v 0.00251907 -0.025813 -0.0111125 
v 0.00245965 -0.0260829 -0.0111125 
v -0.000815081 -0.0229809 -0.0111125 
v -0.000548755 -0.022907 -0.0111125 
v -0.00154483 -0.0233678 -0.0111125 
v -0.00131605 -0.0232127 -0.0111125 
v -0.00194557 -0.0237474 -0.0111125 
v -0.00175549 -0.0235468 -0.0111125 
v 0.00154483 -0.00431781 -0.0111125 
v 0.00131605 -0.0041627 -0.0111125 
v -0.000275995 -0.00381226 -0.0111125 
v 0.000548755 -0.027893 -0.0111125 
v 0.000275995 -0.0279377 -0.0111125 
v 0.000815081 -0.0278191 -0.0111125 
v 0.00211284 -0.0268325 -0.0111125 
v 0.00194557 -0.0270526 -0.0111125 
v 0.0023714 -0.0263449 -0.0111125 
v 0.00225534 -0.0265957 -0.0111125 
v 0.00254896 -0.0255382 -0.0111125 
v 0.00254896 -0.0252618 -0.0111125 
v 0.00245965 -0.0247171 -0.0111125 
v 0.00251907 -0.024987 -0.0111125 
v 0.00225534 -0.0242043 -0.0111125 
v 0.0023714 -0.0244551 -0.0111125 
v -0.00131605 -0.0275873 -0.0111125 
v -0.00154483 -0.0274322 -0.0111125 
v 0.00194557 -0.0237474 -0.0111125 
v 0.00211284 -0.0239675 -0.0111125 
v -0.00107185 -0.0230832 -0.0111125 
v -0.00245965 -0.0247171 -0.0111125 
v -0.0023714 -0.0244551 -0.0111125 
v -0.00225534 -0.0242043 -0.0111125 
v -0.00211284 -0.0239675 -0.0111125 
vn 0.108119 -0.994138 0 
vn 2.44929e-16 -1 0 
vn 0.21497 -0.976621 0 
vn 0.108119 -0.994138 0 
vn 0.319302 -0.947653 0 
vn 0.21497 -0.976621 0 
vn 0.419889 -0.907575 0 
vn 0.319302 -0.947653 0 
vn 0.515554 -0.856857 0 
vn 0.419889 -0.907575 0 
vn 0.605174 -0.796093 0 
vn 0.515554 -0.856857 0 
vn 0.687699 -0.725995 0 
vn 0.605174 -0.796093 0 
vn 0.762162 -0.647386 0 
vn 0.687699 -0.725995 0 
vn 0.827689 -0.561187 0 
vn 0.762162 -0.647386 0 
vn 0.883512 -0.468408 0 
vn 0.827689 -0.561187 0 
vn 0.928977 -0.370138 0 
vn 0.883512 -0.468408 0 
vn 0.96355 -0.267528 0 
vn 0.928977 -0.370138 0 
vn 0.986827 -0.161782 0 
vn 0.96355 -0.267528 0 
vn 0.998533 -0.0541389 0 
vn 0.986827 -0.161782 0 
vn 0.998533 0.0541389 0 
vn 0.998533 -0.0541389 0 
vn 0.986827 0.161782 0 
vn 0.998533 0.0541389 0 
vn 0.96355 0.267528 0 
vn 0.986827 0.161782 0 
vn 0.928977 0.370138 0 
vn 0.96355 0.267528 0 
vn 0.883512 0.468408 0 
vn 0.928977 0.370138 0 
vn 0.827689 0.561187 0 
vn 0.883512 0.468408 0 
vn 0.762162 0.647386 0 
vn 0.827689 0.561187 0 
vn 0.687699 0.725995 0 
vn 0.762162 0.647386 0 
vn 0.605174 0.796093 0 
vn 0.687699 0.725995 0 
vn 0.515554 0.856857 0 
vn 0.605174 0.796093 0 
vn 0.419889 0.907575 0 
vn 0.515554 0.856857 0 
vn 0.319302 0.947653 0 
vn 0.419889 0.907575 0 
vn 0.21497 0.976621 0 
vn 0.319302 0.947653 0 
vn 0.108119 0.994138 0 
vn 0.21497 0.976621 0 
vn -1.22465e-16 1 0 
vn 0.108119 0.994138 0 
vn -0.108119 0.994138 0 
vn -1.22465e-16 1 0 
vn -0.21497 0.976621 0 
vn -0.108119 0.994138 0 
vn -0.319302 0.947653 0 
vn -0.21497 0.976621 0 
vn -0.419889 0.907575 0 
vn -0.319302 0.947653 0 
vn -0.515554 0.856857 0 
vn -0.419889 0.907575 0 
vn -0.605174 0.796093 0 
vn -0.515554 0.856857 0 
vn -0.687699 0.725995 0 
vn -0.605174 0.796093 0 
vn -0.762162 0.647386 0 
vn -0.687699 0.725995 0 
vn -0.827689 0.561187 0 
vn -0.762162 0.647386 0 
vn -0.883512 0.468408 0 
vn -0.827689 0.561187 0 
vn -0.928977 0.370138 0 
vn -0.883512 0.468408 0 
vn -0.96355 0.267528 0 
vn -0.928977 0.370138 0 
vn -0.986827 0.161782 0 
vn -0.96355 0.267528 0 
vn -0.998533 0.0541389 0 
vn -0.986827 0.161782 0 
vn -0.998533 -0.0541389 0 
vn -0.998533 0.0541389 0 
vn -0.986827 -0.161782 0 
vn -0.998533 -0.0541389 0 
vn -0.96355 -0.267528 0 
vn -0.986827 -0.161782 0 
vn -0.928977 -0.370138 0 
vn -0.96355 -0.267528 0 
vn -0.883512 -0.468408 0 
vn -0.928977 -0.370138 0 
vn -0.827689 -0.561187 0 
vn -0.883512 -0.468408 0 
vn -0.762162 -0.647386 0 
vn -0.827689 -0.561187 0 
vn -0.687699 -0.725995 0 
vn -0.762162 -0.647386 0 
vn -0.605174 -0.796093 0 
vn -0.687699 -0.725995 0 
vn -0.515554 -0.856857 0 
vn -0.605174 -0.796093 0 
vn -0.419889 -0.907575 0 
vn -0.515554 -0.856857 0 
vn -0.319302 -0.947653 0 
vn -0.419889 -0.907575 0 
vn -0.21497 -0.976621 0 
vn -0.319302 -0.947653 0 
vn -0.108119 -0.994138 0 
vn -0.21497 -0.976621 0 
vn 0 0 1 
vn 0.108119 -0.994138 0 
vn 2.44929e-16 -1 0 
vn 0.21497 -0.976621 0 
vn 0.108119 -0.994138 0 
vn 0.319302 -0.947653 0 
vn 0.21497 -0.976621 0 
vn 0.419889 -0.907575 0 
vn 0.319302 -0.947653 0 
vn 0.515554 -0.856857 0 
vn 0.419889 -0.907575 0 
vn 0.605174 -0.796093 0 
vn 0.515554 -0.856857 0 
vn 0.687699 -0.725995 0 
vn 0.605174 -0.796093 0 
vn 0.762162 -0.647386 0 
vn 0.687699 -0.725995 0 
vn 0.827689 -0.561187 0 
vn 0.762162 -0.647386 0 
vn 0.883512 -0.468408 0 
vn 0.827689 -0.561187 0 
vn 0.928977 -0.370138 0 
vn 0.883512 -0.468408 0 
vn 0.96355 -0.267528 0 
vn 0.928977 -0.370138 0 
vn 0.986827 -0.161782 0 
vn 0.96355 -0.267528 0 
vn 0.998533 -0.0541389 0 
vn 0.986827 -0.161782 0 
vn 0.998533 0.0541389 0 
vn 0.998533 -0.0541389 0 
vn 0.986827 0.161782 0 
vn 0.998533 0.0541389 0 
vn 0.96355 0.267528 0 
vn 0.986827 0.161782 0 
vn 0.928977 0.370138 0 
vn 0.96355 0.267528 0 
vn 0.883512 0.468408 0 
vn 0.928977 0.370138 0 
vn 0.827689 0.561187 0 
vn 0.883512 0.468408 0 
vn 0.762162 0.647386 0 
vn 0.827689 0.561187 0 
vn 0.687699 0.725995 0 
vn 0.762162 0.647386 0 
vn 0.605174 0.796093 0 
vn 0.687699 0.725995 0 
vn 0.515554 0.856857 0 
vn 0.605174 0.796093 0 
vn 0.419889 0.907575 0 
vn 0.515554 0.856857 0 
vn 0.319302 0.947653 0 
vn 0.419889 0.907575 0 
vn 0.21497 0.976621 0 
vn 0.319302 0.947653 0 
vn 0.108119 0.994138 0 
vn 0.21497 0.976621 0 
vn -1.22465e-16 1 0 
vn 0.108119 0.994138 0 
vn -0.108119 0.994138 0 
vn -1.22465e-16 1 0 
vn -0.21497 0.976621 0 
vn -0.108119 0.994138 0 
vn -0.319302 0.947653 0 
vn -0.21497 0.976621 0 
vn -0.419889 0.907575 0 
vn -0.319302 0.947653 0 
vn -0.515554 0.856857 0 
vn -0.419889 0.907575 0 
vn -0.605174 0.796093 0 
vn -0.515554 0.856857 0 
vn -0.687699 0.725995 0 
vn -0.605174 0.796093 0 
vn -0.762162 0.647386 0 
vn -0.687699 0.725995 0 
vn -0.827689 0.561187 0 
vn -0.762162 0.647386 0 
vn -0.883512 0.468408 0 
vn -0.827689 0.561187 0 
vn -0.928977 0.370138 0 
vn -0.883512 0.468408 0 
vn -0.96355 0.267528 0 
vn -0.928977 0.370138 0 
vn -0.986827 0.161782 0 
vn -0.96355 0.267528 0 
vn -0.998533 0.0541389 0 
vn -0.986827 0.161782 0 
vn -0.998533 -0.0541389 0 
vn -0.998533 0.0541389 0 
vn -0.986827 -0.161782 0 
vn -0.998533 -0.0541389 0 
vn -0.96355 -0.267528 0 
vn -0.986827 -0.161782 0 
vn -0.928977 -0.370138 0 
vn -0.96355 -0.267528 0 
vn -0.883512 -0.468408 0 
vn -0.928977 -0.370138 0 
vn -0.827689 -0.561187 0 
vn -0.883512 -0.468408 0 
vn -0.762162 -0.647386 0 
vn -0.827689 -0.561187 0 
vn -0.687699 -0.725995 0 
vn -0.762162 -0.647386 0 
vn -0.605174 -0.796093 0 
vn -0.687699 -0.725995 0 
vn -0.515554 -0.856857 0 
vn -0.605174 -0.796093 0 
vn -0.419889 -0.907575 0 
vn -0.515554 -0.856857 0 
vn -0.319302 -0.947653 0 
vn -0.419889 -0.907575 0 
vn -0.21497 -0.976621 0 
vn -0.319302 -0.947653 0 
vn -0.108119 -0.994138 0 
vn -0.21497 -0.976621 0 
vn 0.108119 -0.994138 0 
vn 2.44929e-16 -1 0 
vn 0.21497 -0.976621 0 
vn 0.108119 -0.994138 0 
vn 0.319302 -0.947653 0 
vn 0.21497 -0.976621 0 
vn 0.419889 -0.907575 0 
vn 0.319302 -0.947653 0 
vn 0.515554 -0.856857 0 
vn 0.419889 -0.907575 0 
vn 0.605174 -0.796093 0 
vn 0.515554 -0.856857 0 
vn 0.687699 -0.725995 0 
vn 0.605174 -0.796093 0 
vn 0.762162 -0.647386 0 
vn 0.687699 -0.725995 0 
vn 0.827689 -0.561187 0 
vn 0.762162 -0.647386 0 
vn 0.883512 -0.468408 0 
vn 0.827689 -0.561187 0 
vn 0.928977 -0.370138 0 
vn 0.883512 -0.468408 0 
vn 0.96355 -0.267528 0 
vn 0.928977 -0.370138 0 
vn 0.986827 -0.161782 0 
vn 0.96355 -0.267528 0 
vn 0.998533 -0.0541389 0 
vn 0.986827 -0.161782 0 
vn 0.998533 0.0541389 0 
vn 0.998533 -0.0541389 0 
vn 0.986827 0.161782 0 
vn 0.998533 0.0541389 0 
vn 0.96355 0.267528 0 
vn 0.986827 0.161782 0 
vn 0.928977 0.370138 0 
vn 0.96355 0.267528 0 
vn 0.883512 0.468408 0 
vn 0.928977 0.370138 0 
vn 0.827689 0.561187 0 
vn 0.883512 0.468408 0 
vn 0.762162 0.647386 0 
vn 0.827689 0.561187 0 
vn 0.687699 0.725995 0 
vn 0.762162 0.647386 0 
vn 0.605174 0.796093 0 
vn 0.687699 0.725995 0 
vn 0.515554 0.856857 0 
vn 0.605174 0.796093 0 
vn 0.419889 0.907575 0 
vn 0.515554 0.856857 0 
vn 0.319302 0.947653 0 
vn 0.419889 0.907575 0 
vn 0.21497 0.976621 0 
vn 0.319302 0.947653 0 
vn 0.108119 0.994138 0 
vn 0.21497 0.976621 0 
vn -1.22465e-16 1 0 
vn 0.108119 0.994138 0 
vn -0.108119 0.994138 0 
vn -1.22465e-16 1 0 
vn -0.21497 0.976621 0 
vn -0.108119 0.994138 0 
vn -0.319302 0.947653 0 
vn -0.21497 0.976621 0 
vn -0.419889 0.907575 0 
vn -0.319302 0.947653 0 
vn -0.515554 0.856857 0 
vn -0.419889 0.907575 0 
vn -0.605174 0.796093 0 
vn -0.515554 0.856857 0 
vn -0.687699 0.725995 0 
vn -0.605174 0.796093 0 
vn -0.762162 0.647386 0 
vn -0.687699 0.725995 0 
vn -0.827689 0.561187 0 
vn -0.762162 0.647386 0 
vn -0.883512 0.468408 0 
vn -0.827689 0.561187 0 
vn -0.928977 0.370138 0 
vn -0.883512 0.468408 0 
vn -0.96355 0.267528 0 
vn -0.928977 0.370138 0 
vn -0.986827 0.161782 0 
vn -0.96355 0.267528 0 
vn -0.998533 0.0541389 0 
vn -0.986827 0.161782 0 
vn -0.998533 -0.0541389 0 
vn -0.998533 0.0541389 0 
vn -0.986827 -0.161782 0 
vn -0.998533 -0.0541389 0 
vn -0.96355 -0.267528 0 
vn -0.986827 -0.161782 0 
vn -0.928977 -0.370138 0 
vn -0.96355 -0.267528 0 
vn -0.883512 -0.468408 0 
vn -0.928977 -0.370138 0 
vn -0.827689 -0.561187 0 
vn -0.883512 -0.468408 0 
vn -0.762162 -0.647386 0 
vn -0.827689 -0.561187 0 
vn -0.687699 -0.725995 0 
vn -0.762162 -0.647386 0 
vn -0.605174 -0.796093 0 
vn -0.687699 -0.725995 0 
vn -0.515554 -0.856857 0 
vn -0.605174 -0.796093 0 
vn -0.419889 -0.907575 0 
vn -0.515554 -0.856857 0 
vn -0.319302 -0.947653 0 
vn -0.419889 -0.907575 0 
vn -0.21497 -0.976621 0 
vn -0.319302 -0.947653 0 
vn -0.108119 -0.994138 0 
vn -0.21497 -0.976621 0 
vn 0.108119 -0.994138 0 
vn 2.44929e-16 -1 0 
vn 0.21497 -0.976621 0 
vn 0.108119 -0.994138 0 
vn 0.319302 -0.947653 0 
vn 0.21497 -0.976621 0 
vn 0.419889 -0.907575 0 
vn 0.319302 -0.947653 0 
vn 0.515554 -0.856857 0 
vn 0.419889 -0.907575 0 
vn 0.605174 -0.796093 0 
vn 0.515554 -0.856857 0 
vn 0.687699 -0.725995 0 
vn 0.605174 -0.796093 0 
vn 0.762162 -0.647386 0 
vn 0.687699 -0.725995 0 
vn 0.827689 -0.561187 0 
vn 0.762162 -0.647386 0 
vn 0.883512 -0.468408 0 
vn 0.827689 -0.561187 0 
vn 0.928977 -0.370138 0 
vn 0.883512 -0.468408 0 
vn 0.96355 -0.267528 0 
vn 0.928977 -0.370138 0 
vn 0.986827 -0.161782 0 
vn 0.96355 -0.267528 0 
vn 0.998533 -0.0541389 0 
vn 0.986827 -0.161782 0 
vn 0.998533 0.0541389 0 
vn 0.998533 -0.0541389 0 
vn 0.986827 0.161782 0 
vn 0.998533 0.0541389 0 
vn 0.96355 0.267528 0 
vn 0.986827 0.161782 0 
vn 0.928977 0.370138 0 
vn 0.96355 0.267528 0 
vn 0.883512 0.468408 0 
vn 0.928977 0.370138 0 
vn 0.827689 0.561187 0 
vn 0.883512 0.468408 0 
vn 0.762162 0.647386 0 
vn 0.827689 0.561187 0 
vn 0.687699 0.725995 0 
vn 0.762162 0.647386 0 
vn 0.605174 0.796093 0 
vn 0.687699 0.725995 0 
vn 0.515554 0.856857 0 
vn 0.605174 0.796093 0 
vn 0.419889 0.907575 0 
vn 0.515554 0.856857 0 
vn 0.319302 0.947653 0 
vn 0.419889 0.907575 0 
vn 0.21497 0.976621 0 
vn 0.319302 0.947653 0 
vn 0.108119 0.994138 0 
vn 0.21497 0.976621 0 
vn -1.22465e-16 1 0 
vn 0.108119 0.994138 0 
vn -0.108119 0.994138 0 
vn -1.22465e-16 1 0 
vn -0.21497 0.976621 0 
vn -0.108119 0.994138 0 
vn -0.319302 0.947653 0 
vn -0.21497 0.976621 0 
vn -0.419889 0.907575 0 
vn -0.319302 0.947653 0 
vn -0.515554 0.856857 0 
vn -0.419889 0.907575 0 
vn -0.605174 0.796093 0 
vn -0.515554 0.856857 0 
vn -0.687699 0.725995 0 
vn -0.605174 0.796093 0 
vn -0.762162 0.647386 0 
vn -0.687699 0.725995 0 
vn -0.827689 0.561187 0 
vn -0.762162 0.647386 0 
vn -0.883512 0.468408 0 
vn -0.827689 0.561187 0 
vn -0.928977 0.370138 0 
vn -0.883512 0.468408 0 
vn -0.96355 0.267528 0 
vn -0.928977 0.370138 0 
vn -0.986827 0.161782 0 
vn -0.96355 0.267528 0 
vn -0.998533 0.0541389 0 
vn -0.986827 0.161782 0 
vn -0.998533 -0.0541389 0 
vn -0.998533 0.0541389 0 
vn -0.986827 -0.161782 0 
vn -0.998533 -0.0541389 0 
vn -0.96355 -0.267528 0 
vn -0.986827 -0.161782 0 
vn -0.928977 -0.370138 0 
vn -0.96355 -0.267528 0 
vn -0.883512 -0.468408 0 
vn -0.928977 -0.370138 0 
vn -0.827689 -0.561187 0 
vn -0.883512 -0.468408 0 
vn -0.762162 -0.647386 0 
vn -0.827689 -0.561187 0 
vn -0.687699 -0.725995 0 
vn -0.762162 -0.647386 0 
vn -0.605174 -0.796093 0 
vn -0.687699 -0.725995 0 
vn -0.515554 -0.856857 0 
vn -0.605174 -0.796093 0 
vn -0.419889 -0.907575 0 
vn -0.515554 -0.856857 0 
vn -0.319302 -0.947653 0 
vn -0.419889 -0.907575 0 
vn -0.21497 -0.976621 0 
vn -0.319302 -0.947653 0 
vn -0.108119 -0.994138 0 
vn -0.21497 -0.976621 0 
vn 1 0 2.04889e-16 
vn -1 0 -2.04889e-16 
vn 7.80528e-17 0 -1 
vn 0 -1 0 
vn 0 1 0 
vn -1 0 0 
vn 1 0 0 
vn 0 0 -1 
vn 0 0 1 
vn 0.108119 -0.994138 0 
vn 2.44929e-16 -1 0 
vn 0.21497 -0.976621 0 
vn 0.108119 -0.994138 0 
vn 0.319302 -0.947653 0 
vn 0.21497 -0.976621 0 
vn 0.419889 -0.907575 0 
vn 0.319302 -0.947653 0 
vn 0.515554 -0.856857 0 
vn 0.419889 -0.907575 0 
vn 0.605174 -0.796093 0 
vn 0.515554 -0.856857 0 
vn 0.687699 -0.725995 0 
vn 0.605174 -0.796093 0 
vn 0.762162 -0.647386 0 
vn 0.687699 -0.725995 0 
vn 0.827689 -0.561187 0 
vn 0.762162 -0.647386 0 
vn 0.883512 -0.468408 0 
vn 0.827689 -0.561187 0 
vn 0.928977 -0.370138 0 
vn 0.883512 -0.468408 0 
vn 0.96355 -0.267528 0 
vn 0.928977 -0.370138 0 
vn 0.986827 -0.161782 0 
vn 0.96355 -0.267528 0 
vn 0.998533 -0.0541389 0 
vn 0.986827 -0.161782 0 
vn 0.998533 0.0541389 0 
vn 0.998533 -0.0541389 0 
vn 0.986827 0.161782 0 
vn 0.998533 0.0541389 0 
vn 0.96355 0.267528 0 
vn 0.986827 0.161782 0 
vn 0.928977 0.370138 0 
vn 0.96355 0.267528 0 
vn 0.883512 0.468408 0 
vn 0.928977 0.370138 0 
vn 0.827689 0.561187 0 
vn 0.883512 0.468408 0 
vn 0.762162 0.647386 0 
vn 0.827689 0.561187 0 
vn 0.687699 0.725995 0 
vn 0.762162 0.647386 0 
vn 0.605174 0.796093 0 
vn 0.687699 0.725995 0 
vn 0.515554 0.856857 0 
vn 0.605174 0.796093 0 
vn 0.419889 0.907575 0 
vn 0.515554 0.856857 0 
vn 0.319302 0.947653 0 
vn 0.419889 0.907575 0 
vn 0.21497 0.976621 0 
vn 0.319302 0.947653 0 
vn 0.108119 0.994138 0 
vn 0.21497 0.976621 0 
vn -1.22465e-16 1 0 
vn 0.108119 0.994138 0 
vn -0.108119 0.994138 0 
vn -1.22465e-16 1 0 
vn -0.21497 0.976621 0 
vn -0.108119 0.994138 0 
vn -0.319302 0.947653 0 
vn -0.21497 0.976621 0 
vn -0.419889 0.907575 0 
vn -0.319302 0.947653 0 
vn -0.515554 0.856857 0 
vn -0.419889 0.907575 0 
vn -0.605174 0.796093 0 
vn -0.515554 0.856857 0 
vn -0.687699 0.725995 0 
vn -0.605174 0.796093 0 
vn -0.762162 0.647386 0 
vn -0.687699 0.725995 0 
vn -0.827689 0.561187 0 
vn -0.762162 0.647386 0 
vn -0.883512 0.468408 0 
vn -0.827689 0.561187 0 
vn -0.928977 0.370138 0 
vn -0.883512 0.468408 0 
vn -0.96355 0.267528 0 
vn -0.928977 0.370138 0 
vn -0.986827 0.161782 0 
vn -0.96355 0.267528 0 
vn -0.998533 0.0541389 0 
vn -0.986827 0.161782 0 
vn -0.998533 -0.0541389 0 
vn -0.998533 0.0541389 0 
vn -0.986827 -0.161782 0 
vn -0.998533 -0.0541389 0 
vn -0.96355 -0.267528 0 
vn -0.986827 -0.161782 0 
vn -0.928977 -0.370138 0 
vn -0.96355 -0.267528 0 
vn -0.883512 -0.468408 0 
vn -0.928977 -0.370138 0 
vn -0.827689 -0.561187 0 
vn -0.883512 -0.468408 0 
vn -0.762162 -0.647386 0 
vn -0.827689 -0.561187 0 
vn -0.687699 -0.725995 0 
vn -0.762162 -0.647386 0 
vn -0.605174 -0.796093 0 
vn -0.687699 -0.725995 0 
vn -0.515554 -0.856857 0 
vn -0.605174 -0.796093 0 
vn -0.419889 -0.907575 0 
vn -0.515554 -0.856857 0 
vn -0.319302 -0.947653 0 
vn -0.419889 -0.907575 0 
vn -0.21497 -0.976621 0 
vn -0.319302 -0.947653 0 
vn -0.108119 -0.994138 0 
vn -0.21497 -0.976621 0 
vn 0.108119 -0.994138 0 
vn 2.44929e-16 -1 0 
vn 0.21497 -0.976621 0 
vn 0.108119 -0.994138 0 
vn 0.319302 -0.947653 0 
vn 0.21497 -0.976621 0 
vn 0.419889 -0.907575 0 
vn 0.319302 -0.947653 0 
vn 0.515554 -0.856857 0 
vn 0.419889 -0.907575 0 
vn 0.605174 -0.796093 0 
vn 0.515554 -0.856857 0 
vn 0.687699 -0.725995 0 
vn 0.605174 -0.796093 0 
vn 0.762162 -0.647386 0 
vn 0.687699 -0.725995 0 
vn 0.827689 -0.561187 0 
vn 0.762162 -0.647386 0 
vn 0.883512 -0.468408 0 
vn 0.827689 -0.561187 0 
vn 0.928977 -0.370138 0 
vn 0.883512 -0.468408 0 
vn 0.96355 -0.267528 0 
vn 0.928977 -0.370138 0 
vn 0.986827 -0.161782 0 
vn 0.96355 -0.267528 0 
vn 0.998533 -0.0541389 0 
vn 0.986827 -0.161782 0 
vn 0.998533 0.0541389 0 
vn 0.998533 -0.0541389 0 
vn 0.986827 0.161782 0 
vn 0.998533 0.0541389 0 
vn 0.96355 0.267528 0 
vn 0.986827 0.161782 0 
vn 0.928977 0.370138 0 
vn 0.96355 0.267528 0 
vn 0.883512 0.468408 0 
vn 0.928977 0.370138 0 
vn 0.827689 0.561187 0 
vn 0.883512 0.468408 0 
vn 0.762162 0.647386 0 
vn 0.827689 0.561187 0 
vn 0.687699 0.725995 0 
vn 0.762162 0.647386 0 
vn 0.605174 0.796093 0 
vn 0.687699 0.725995 0 
vn 0.515554 0.856857 0 
vn 0.605174 0.796093 0 
vn 0.419889 0.907575 0 
vn 0.515554 0.856857 0 
vn 0.319302 0.947653 0 
vn 0.419889 0.907575 0 
vn 0.21497 0.976621 0 
vn 0.319302 0.947653 0 
vn 0.108119 0.994138 0 
vn 0.21497 0.976621 0 
vn -1.22465e-16 1 0 
vn 0.108119 0.994138 0 
vn -0.108119 0.994138 0 
vn -1.22465e-16 1 0 
vn -0.21497 0.976621 0 
vn -0.108119 0.994138 0 
vn -0.319302 0.947653 0 
vn -0.21497 0.976621 0 
vn -0.419889 0.907575 0 
vn -0.319302 0.947653 0 
vn -0.515554 0.856857 0 
vn -0.419889 0.907575 0 
vn -0.605174 0.796093 0 
vn -0.515554 0.856857 0 
vn -0.687699 0.725995 0 
vn -0.605174 0.796093 0 
vn -0.762162 0.647386 0 
vn -0.687699 0.725995 0 
vn -0.827689 0.561187 0 
vn -0.762162 0.647386 0 
vn -0.883512 0.468408 0 
vn -0.827689 0.561187 0 
vn -0.928977 0.370138 0 
vn -0.883512 0.468408 0 
vn -0.96355 0.267528 0 
vn -0.928977 0.370138 0 
vn -0.986827 0.161782 0 
vn -0.96355 0.267528 0 
vn -0.998533 0.0541389 0 
vn -0.986827 0.161782 0 
vn -0.998533 -0.0541389 0 
vn -0.998533 0.0541389 0 
vn -0.986827 -0.161782 0 
vn -0.998533 -0.0541389 0 
vn -0.96355 -0.267528 0 
vn -0.986827 -0.161782 0 
vn -0.928977 -0.370138 0 
vn -0.96355 -0.267528 0 
vn -0.883512 -0.468408 0 
vn -0.928977 -0.370138 0 
vn -0.827689 -0.561187 0 
vn -0.883512 -0.468408 0 
vn -0.762162 -0.647386 0 
vn -0.827689 -0.561187 0 
vn -0.687699 -0.725995 0 
vn -0.762162 -0.647386 0 
vn -0.605174 -0.796093 0 
vn -0.687699 -0.725995 0 
vn -0.515554 -0.856857 0 
vn -0.605174 -0.796093 0 
vn -0.419889 -0.907575 0 
vn -0.515554 -0.856857 0 
vn -0.319302 -0.947653 0 
vn -0.419889 -0.907575 0 
vn -0.21497 -0.976621 0 
vn -0.319302 -0.947653 0 
vn -0.108119 -0.994138 0 
vn -0.21497 -0.976621 0 
vn 0.108119 -0.994138 0 
vn 2.44929e-16 -1 0 
vn 0.21497 -0.976621 0 
vn 0.108119 -0.994138 0 
vn 0.319302 -0.947653 0 
vn 0.21497 -0.976621 0 
vn 0.419889 -0.907575 0 
vn 0.319302 -0.947653 0 
vn 0.515554 -0.856857 0 
vn 0.419889 -0.907575 0 
vn 0.605174 -0.796093 0 
vn 0.515554 -0.856857 0 
vn 0.687699 -0.725995 0 
vn 0.605174 -0.796093 0 
vn 0.762162 -0.647386 0 
vn 0.687699 -0.725995 0 
vn 0.827689 -0.561187 0 
vn 0.762162 -0.647386 0 
vn 0.883512 -0.468408 0 
vn 0.827689 -0.561187 0 
vn 0.928977 -0.370138 0 
vn 0.883512 -0.468408 0 
vn 0.96355 -0.267528 0 
vn 0.928977 -0.370138 0 
vn 0.986827 -0.161782 0 
vn 0.96355 -0.267528 0 
vn 0.998533 -0.0541389 0 
vn 0.986827 -0.161782 0 
vn 0.998533 0.0541389 0 
vn 0.998533 -0.0541389 0 
vn 0.986827 0.161782 0 
vn 0.998533 0.0541389 0 
vn 0.96355 0.267528 0 
vn 0.986827 0.161782 0 
vn 0.928977 0.370138 0 
vn 0.96355 0.267528 0 
vn 0.883512 0.468408 0 
vn 0.928977 0.370138 0 
vn 0.827689 0.561187 0 
vn 0.883512 0.468408 0 
vn 0.762162 0.647386 0 
vn 0.827689 0.561187 0 
vn 0.687699 0.725995 0 
vn 0.762162 0.647386 0 
vn 0.605174 0.796093 0 
vn 0.687699 0.725995 0 
vn 0.515554 0.856857 0 
vn 0.605174 0.796093 0 
vn 0.419889 0.907575 0 
vn 0.515554 0.856857 0 
vn 0.319302 0.947653 0 
vn 0.419889 0.907575 0 
vn 0.21497 0.976621 0 
vn 0.319302 0.947653 0 
vn 0.108119 0.994138 0 
vn 0.21497 0.976621 0 
vn -1.22465e-16 1 0 
vn 0.108119 0.994138 0 
vn -0.108119 0.994138 0 
vn -1.22465e-16 1 0 
vn -0.21497 0.976621 0 
vn -0.108119 0.994138 0 
vn -0.319302 0.947653 0 
vn -0.21497 0.976621 0 
vn -0.419889 0.907575 0 
vn -0.319302 0.947653 0 
vn -0.515554 0.856857 0 
vn -0.419889 0.907575 0 
vn -0.605174 0.796093 0 
vn -0.515554 0.856857 0 
vn -0.687699 0.725995 0 
vn -0.605174 0.796093 0 
vn -0.762162 0.647386 0 
vn -0.687699 0.725995 0 
vn -0.827689 0.561187 0 
vn -0.762162 0.647386 0 
vn -0.883512 0.468408 0 
vn -0.827689 0.561187 0 
vn -0.928977 0.370138 0 
vn -0.883512 0.468408 0 
vn -0.96355 0.267528 0 
vn -0.928977 0.370138 0 
vn -0.986827 0.161782 0 
vn -0.96355 0.267528 0 
vn -0.998533 0.0541389 0 
vn -0.986827 0.161782 0 
vn -0.998533 -0.0541389 0 
vn -0.998533 0.0541389 0 
vn -0.986827 -0.161782 0 
vn -0.998533 -0.0541389 0 
vn -0.96355 -0.267528 0 
vn -0.986827 -0.161782 0 
vn -0.928977 -0.370138 0 
vn -0.96355 -0.267528 0 
vn -0.883512 -0.468408 0 
vn -0.928977 -0.370138 0 
vn -0.827689 -0.561187 0 
vn -0.883512 -0.468408 0 
vn -0.762162 -0.647386 0 
vn -0.827689 -0.561187 0 
vn -0.687699 -0.725995 0 
vn -0.762162 -0.647386 0 
vn -0.605174 -0.796093 0 
vn -0.687699 -0.725995 0 
vn -0.515554 -0.856857 0 
vn -0.605174 -0.796093 0 
vn -0.419889 -0.907575 0 
vn -0.515554 -0.856857 0 
vn -0.319302 -0.947653 0 
vn -0.419889 -0.907575 0 
vn -0.21497 -0.976621 0 
vn -0.319302 -0.947653 0 
vn -0.108119 -0.994138 0 
vn -0.21497 -0.976621 0 
vn 0.108119 -0.994138 0 
vn 2.44929e-16 -1 0 
vn 0.21497 -0.976621 0 
vn 0.108119 -0.994138 0 
vn 0.319302 -0.947653 0 
vn 0.21497 -0.976621 0 
vn 0.419889 -0.907575 0 
vn 0.319302 -0.947653 0 
vn 0.515554 -0.856857 0 
vn 0.419889 -0.907575 0 
vn 0.605174 -0.796093 0 
vn 0.515554 -0.856857 0 
vn 0.687699 -0.725995 0 
vn 0.605174 -0.796093 0 
vn 0.762162 -0.647386 0 
vn 0.687699 -0.725995 0 
vn 0.827689 -0.561187 0 
vn 0.762162 -0.647386 0 
vn 0.883512 -0.468408 0 
vn 0.827689 -0.561187 0 
vn 0.928977 -0.370138 0 
vn 0.883512 -0.468408 0 
vn 0.96355 -0.267528 0 
vn 0.928977 -0.370138 0 
vn 0.986827 -0.161782 0 
vn 0.96355 -0.267528 0 
vn 0.998533 -0.0541389 0 
vn 0.986827 -0.161782 0 
vn 0.998533 0.0541389 0 
vn 0.998533 -0.0541389 0 
vn 0.986827 0.161782 0 
vn 0.998533 0.0541389 0 
vn 0.96355 0.267528 0 
vn 0.986827 0.161782 0 
vn 0.928977 0.370138 0 
vn 0.96355 0.267528 0 
vn 0.883512 0.468408 0 
vn 0.928977 0.370138 0 
vn 0.827689 0.561187 0 
vn 0.883512 0.468408 0 
vn 0.762162 0.647386 0 
vn 0.827689 0.561187 0 
vn 0.687699 0.725995 0 
vn 0.762162 0.647386 0 
vn 0.605174 0.796093 0 
vn 0.687699 0.725995 0 
vn 0.515554 0.856857 0 
vn 0.605174 0.796093 0 
vn 0.419889 0.907575 0 
vn 0.515554 0.856857 0 
vn 0.319302 0.947653 0 
vn 0.419889 0.907575 0 
vn 0.21497 0.976621 0 
vn 0.319302 0.947653 0 
vn 0.108119 0.994138 0 
vn 0.21497 0.976621 0 
vn -1.22465e-16 1 0 
vn 0.108119 0.994138 0 
vn -0.108119 0.994138 0 
vn -1.22465e-16 1 0 
vn -0.21497 0.976621 0 
vn -0.108119 0.994138 0 
vn -0.319302 0.947653 0 
vn -0.21497 0.976621 0 
vn -0.419889 0.907575 0 
vn -0.319302 0.947653 0 
vn -0.515554 0.856857 0 
vn -0.419889 0.907575 0 
vn -0.605174 0.796093 0 
vn -0.515554 0.856857 0 
vn -0.687699 0.725995 0 
vn -0.605174 0.796093 0 
vn -0.762162 0.647386 0 
vn -0.687699 0.725995 0 
vn -0.827689 0.561187 0 
vn -0.762162 0.647386 0 
vn -0.883512 0.468408 0 
vn -0.827689 0.561187 0 
vn -0.928977 0.370138 0 
vn -0.883512 0.468408 0 
vn -0.96355 0.267528 0 
vn -0.928977 0.370138 0 
vn -0.986827 0.161782 0 
vn -0.96355 0.267528 0 
vn -0.998533 0.0541389 0 
vn -0.986827 0.161782 0 
vn -0.998533 -0.0541389 0 
vn -0.998533 0.0541389 0 
vn -0.986827 -0.161782 0 
vn -0.998533 -0.0541389 0 
vn -0.96355 -0.267528 0 
vn -0.986827 -0.161782 0 
vn -0.928977 -0.370138 0 
vn -0.96355 -0.267528 0 
vn -0.883512 -0.468408 0 
vn -0.928977 -0.370138 0 
vn -0.827689 -0.561187 0 
vn -0.883512 -0.468408 0 
vn -0.762162 -0.647386 0 
vn -0.827689 -0.561187 0 
vn -0.687699 -0.725995 0 
vn -0.762162 -0.647386 0 
vn -0.605174 -0.796093 0 
vn -0.687699 -0.725995 0 
vn -0.515554 -0.856857 0 
vn -0.605174 -0.796093 0 
vn -0.419889 -0.907575 0 
vn -0.515554 -0.856857 0 
vn -0.319302 -0.947653 0 
vn -0.419889 -0.907575 0 
vn -0.21497 -0.976621 0 
vn -0.319302 -0.947653 0 
vn -0.108119 -0.994138 0 
vn -0.21497 -0.976621 0 
usemtl 0.901961_0.901961_0.901961_0.000000_0.000000
o mesh0
f 1//1 2//2 3//2 
f 4//3 1//1 5//4 
f 6//5 4//3 7//6 
f 8//7 6//5 9//8 
f 10//9 8//7 11//10 
f 12//11 10//9 13//12 
f 14//13 12//11 15//14 
f 16//15 14//13 17//16 
f 18//17 16//15 19//18 
f 20//19 18//17 21//20 
f 22//21 20//19 23//22 
f 24//23 22//21 25//24 
f 26//25 24//23 27//26 
f 28//27 26//25 29//28 
f 30//29 28//27 31//30 
f 32//31 30//29 33//32 
f 34//33 32//31 35//34 
f 36//35 34//33 37//36 
f 38//37 36//35 39//38 
f 40//39 38//37 41//40 
f 42//41 40//39 43//42 
f 44//43 42//41 45//44 
f 46//45 44//43 47//46 
f 48//47 46//45 49//48 
f 50//49 48//47 51//50 
f 52//51 50//49 53//52 
f 54//53 52//51 55//54 
f 56//55 54//53 57//56 
f 58//57 56//55 59//58 
f 60//59 58//57 61//60 
f 62//61 60//59 63//62 
f 64//63 62//61 65//64 
f 66//65 64//63 67//66 
f 68//67 66//65 69//68 
f 70//69 68//67 71//70 
f 72//71 70//69 73//72 
f 74//73 72//71 75//74 
f 76//75 74//73 77//76 
f 78//77 76//75 79//78 
f 80//79 78//77 81//80 
f 82//81 80//79 83//82 
f 84//83 82//81 85//84 
f 86//85 84//83 87//86 
f 88//87 86//85 89//88 
f 90//89 88//87 91//90 
f 92//91 90//89 93//92 
f 94//93 92//91 95//94 
f 96//95 94//93 97//96 
f 98//97 96//95 99//98 
f 100//99 98//97 101//100 
f 102//101 100//99 103//102 
f 104//103 102//101 105//104 
f 106//105 104//103 107//106 
f 108//107 106//105 109//108 
f 110//109 108//107 111//110 
f 112//111 110//109 113//112 
f 114//113 112//111 115//114 
f 2//2 114//113 116//113 
f 116//113 3//2 2//2 
f 115//114 116//113 114//113 
f 113//112 115//114 112//111 
f 111//110 113//112 110//109 
f 109//108 111//110 108//107 
f 107//106 109//108 106//105 
f 105//104 107//106 104//103 
f 103//102 105//104 102//101 
f 101//100 103//102 100//99 
f 99//98 101//100 98//97 
f 97//96 99//98 96//95 
f 95//94 97//96 94//93 
f 93//92 95//94 92//91 
f 91//90 93//92 90//89 
f 89//88 91//90 88//87 
f 87//86 89//88 86//85 
f 85//84 87//86 84//83 
f 83//82 85//84 82//81 
f 81//80 83//82 80//79 
f 79//78 81//80 78//77 
f 77//76 79//78 76//75 
f 75//74 77//76 74//73 
f 73//72 75//74 72//71 
f 71//70 73//72 70//69 
f 69//68 71//70 68//67 
f 67//66 69//68 66//65 
f 65//64 67//66 64//63 
f 63//62 65//64 62//61 
f 61//60 63//62 60//59 
f 59//58 61//60 58//57 
f 57//56 59//58 56//55 
f 55//54 57//56 54//53 
f 53//52 55//54 52//51 
f 51//50 53//52 50//49 
f 49//48 51//50 48//47 
f 47//46 49//48 46//45 
f 45//44 47//46 44//43 
f 43//42 45//44 42//41 
f 41//40 43//42 40//39 
f 39//38 41//40 38//37 
f 37//36 39//38 36//35 
f 35//34 37//36 34//33 
f 33//32 35//34 32//31 
f 31//30 33//32 30//29 
f 29//28 31//30 28//27 
f 27//26 29//28 26//25 
f 25//24 27//26 24//23 
f 23//22 25//24 22//21 
f 21//20 23//22 20//19 
f 19//18 21//20 18//17 
f 17//16 19//18 16//15 
f 15//14 17//16 14//13 
f 13//12 15//14 12//11 
f 11//10 13//12 10//9 
f 9//8 11//10 8//7 
f 7//6 9//8 6//5 
f 5//4 7//6 4//3 
f 3//2 5//4 1//1 
o mesh1
f 117//115 118//115 119//115 
f 119//115 120//115 117//115 
f 117//115 121//115 122//115 
f 122//115 118//115 117//115 
f 117//115 123//115 124//115 
f 125//115 31//115 29//115 
f 125//115 126//115 127//115 
f 120//115 128//115 117//115 
f 117//115 129//115 123//115 
f 117//115 130//115 131//115 
f 29//115 27//115 125//115 
f 125//115 39//115 37//115 
f 125//115 132//115 41//115 
f 127//115 133//115 125//115 
f 134//115 135//115 136//115 
f 118//115 137//115 138//115 
f 128//115 139//115 117//115 
f 131//115 129//115 117//115 
f 125//115 33//115 31//115 
f 37//115 35//115 125//115 
f 132//115 43//115 41//115 
f 133//115 140//115 125//115 
f 53//115 132//115 141//115 
f 142//115 143//115 144//115 
f 145//115 146//115 134//115 
f 145//115 147//115 148//115 
f 122//115 137//115 118//115 
f 124//115 149//115 117//115 
f 117//115 150//115 151//115 
f 117//115 152//115 153//115 
f 125//115 25//115 23//115 
f 35//115 33//115 125//115 
f 140//115 132//115 125//115 
f 132//115 47//115 45//115 
f 141//115 55//115 53//115 
f 154//115 155//115 156//115 
f 143//115 157//115 158//115 
f 144//115 159//115 142//115 
f 159//115 160//115 161//115 
f 159//115 162//115 163//115 
f 148//115 146//115 145//115 
f 138//115 164//115 118//115 
f 117//115 165//115 130//115 
f 153//115 150//115 117//115 
f 117//115 166//115 167//115 
f 117//115 168//115 169//115 
f 154//115 170//115 171//115 
f 154//115 172//115 173//115 
f 154//115 174//115 175//115 
f 176//115 119//115 177//115 
f 125//115 9//115 7//115 
f 125//115 13//115 11//115 
f 125//115 21//115 19//115 
f 27//115 25//115 125//115 
f 45//115 43//115 132//115 
f 141//115 57//115 55//115 
f 117//115 178//115 126//115 
f 156//115 179//115 154//115 
f 156//115 180//115 181//115 
f 142//115 157//115 143//115 
f 135//115 182//115 183//115 
f 135//115 184//115 185//115 
f 163//115 160//115 159//115 
f 186//115 187//115 188//115 
f 186//115 145//115 189//115 
f 145//115 186//115 147//115 
f 149//115 121//115 117//115 
f 117//115 190//115 152//115 
f 169//115 166//115 117//115 
f 154//115 191//115 192//115 
f 154//115 193//115 194//115 
f 173//115 170//115 154//115 
f 154//115 195//115 174//115 
f 196//115 197//115 198//115 
f 196//115 199//115 200//115 
f 196//115 201//115 202//115 
f 196//115 203//115 204//115 
f 177//115 196//115 176//115 
f 205//115 71//115 69//115 
f 206//115 95//115 93//115 
f 11//115 9//115 125//115 
f 23//115 21//115 125//115 
f 132//115 49//115 47//115 
f 53//115 51//115 132//115 
f 117//115 207//115 178//115 
f 117//115 208//115 209//115 
f 154//115 210//115 211//115 
f 156//115 212//115 213//115 
f 156//115 214//115 180//115 
f 158//115 215//115 143//115 
f 214//115 216//115 217//115 
f 214//115 218//115 219//115 
f 185//115 182//115 135//115 
f 184//115 135//115 220//115 
f 159//115 221//115 222//115 
f 159//115 223//115 162//115 
f 159//115 144//115 224//115 
f 188//115 225//115 186//115 
f 136//115 145//115 134//115 
f 151//115 165//115 117//115 
f 167//115 226//115 117//115 
f 194//115 191//115 154//115 
f 171//115 227//115 154//115 
f 175//115 228//115 154//115 
f 196//115 229//115 197//115 
f 196//115 230//115 199//115 
f 204//115 201//115 196//115 
f 196//115 231//115 232//115 
f 196//115 233//115 234//115 
f 176//115 235//115 119//115 
f 236//115 79//115 77//115 
f 237//115 206//115 81//115 
f 206//115 87//115 85//115 
f 205//115 63//115 61//115 
f 69//115 67//115 205//115 
f 206//115 97//115 95//115 
f 206//115 101//115 99//115 
f 125//115 15//115 13//115 
f 19//115 17//115 125//115 
f 51//115 49//115 132//115 
f 209//115 207//115 117//115 
f 154//115 179//115 210//115 
f 181//115 212//115 156//115 
f 217//115 143//115 214//115 
f 214//115 156//115 218//115 
f 135//115 238//115 239//115 
f 183//115 240//115 135//115 
f 222//115 220//115 159//115 
f 224//115 223//115 159//115 
f 117//115 241//115 242//115 
f 189//115 187//115 186//115 
f 226//115 190//115 117//115 
f 117//115 154//115 243//115 
f 154//115 244//115 193//115 
f 228//115 172//115 154//115 
f 200//115 229//115 196//115 
f 202//115 245//115 196//115 
f 196//115 246//115 247//115 
f 196//115 248//115 249//115 
f 234//115 231//115 196//115 
f 177//115 250//115 196//115 
f 206//115 251//115 252//115 
f 206//115 253//115 254//115 
f 77//115 205//115 236//115 
f 206//115 83//115 81//115 
f 206//115 89//115 87//115 
f 205//115 65//115 63//115 
f 205//115 73//115 71//115 
f 205//115 77//115 75//115 
f 99//115 97//115 206//115 
f 206//115 105//115 103//115 
f 206//115 113//115 111//115 
f 206//115 116//115 115//115 
f 17//115 15//115 125//115 
f 126//115 125//115 117//115 
f 156//115 213//115 179//115 
f 219//115 216//115 214//115 
f 240//115 238//115 135//115 
f 161//115 221//115 159//115 
f 117//115 139//115 241//115 
f 164//115 186//115 118//115 
f 154//115 255//115 243//115 
f 227//115 244//115 154//115 
f 154//115 198//115 256//115 
f 245//115 230//115 196//115 
f 196//115 257//115 258//115 
f 249//115 246//115 196//115 
f 250//115 233//115 196//115 
f 254//115 251//115 206//115 
f 81//115 79//115 237//115 
f 206//115 91//115 89//115 
f 61//115 259//115 260//115 
f 75//115 73//115 205//115 
f 103//115 101//115 206//115 
f 115//115 113//115 206//115 
f 206//115 125//115 3//115 
f 41//115 39//115 125//115 
f 141//115 61//115 59//115 
f 215//115 214//115 143//115 
f 220//115 222//115 184//115 
f 225//115 118//115 186//115 
f 192//115 255//115 154//115 
f 119//115 235//115 261//115 
f 256//115 262//115 154//115 
f 258//115 203//115 196//115 
f 196//115 263//115 248//115 
f 232//115 264//115 196//115 
f 154//115 265//115 266//115 
f 206//115 237//115 253//115 
f 85//115 83//115 206//115 
f 67//115 65//115 205//115 
f 61//115 267//115 268//115 
f 61//115 269//115 270//115 
f 61//115 271//115 272//115 
f 206//115 107//115 105//115 
f 111//115 109//115 206//115 
f 125//115 5//115 3//115 
f 59//115 57//115 141//115 
f 239//115 136//115 135//115 
f 243//115 168//115 117//115 
f 119//115 273//115 274//115 
f 261//115 275//115 119//115 
f 198//115 154//115 196//115 
f 264//115 263//115 196//115 
f 154//115 276//115 277//115 
f 154//115 278//115 279//115 
f 154//115 280//115 265//115 
f 206//115 281//115 280//115 
f 206//115 282//115 283//115 
f 206//115 284//115 285//115 
f 236//115 237//115 79//115 
f 268//115 259//115 61//115 
f 272//115 269//115 61//115 
f 109//115 107//115 206//115 
f 7//115 5//115 125//115 
f 117//115 286//115 287//115 
f 242//115 286//115 117//115 
f 275//115 273//115 119//115 
f 247//115 257//115 196//115 
f 279//115 276//115 154//115 
f 280//115 154//115 206//115 
f 285//115 282//115 206//115 
f 206//115 288//115 289//115 
f 61//115 260//115 205//115 
f 270//115 290//115 61//115 
f 61//115 291//115 292//115 
f 3//115 116//115 206//115 
f 211//115 195//115 154//115 
f 262//115 155//115 154//115 
f 266//115 278//115 154//115 
f 289//115 284//115 206//115 
f 290//115 267//115 61//115 
f 61//115 293//115 294//115 
f 61//115 141//115 291//115 
f 287//115 208//115 117//115 
f 277//115 196//115 154//115 
f 252//115 288//115 206//115 
f 292//115 293//115 61//115 
f 274//115 120//115 119//115 
f 294//115 271//115 61//115 
f 283//115 281//115 206//115 
f 93//115 91//115 206//115 
o mesh2
f 295//116 296//117 258//117 
f 297//118 295//116 257//119 
f 298//120 297//118 247//121 
f 299//122 298//120 246//123 
f 300//124 299//122 249//125 
f 301//126 300//124 248//127 
f 302//128 301//126 263//129 
f 303//130 302//128 264//131 
f 304//132 303//130 232//133 
f 305//134 304//132 231//135 
f 306//136 305//134 234//137 
f 307//138 306//136 233//139 
f 308//140 307//138 250//141 
f 309//142 308//140 177//143 
f 310//144 309//142 119//145 
f 311//146 310//144 118//147 
f 312//148 311//146 225//149 
f 313//150 312//148 188//151 
f 314//152 313//150 187//153 
f 315//154 314//152 189//155 
f 316//156 315//154 145//157 
f 317//158 316//156 136//159 
f 318//160 317//158 239//161 
f 319//162 318//160 238//163 
f 320//164 319//162 240//165 
f 321//166 320//164 183//167 
f 322//168 321//166 182//169 
f 323//170 322//168 185//171 
f 324//172 323//170 184//173 
f 325//174 324//172 222//175 
f 326//176 325//174 221//177 
f 327//178 326//176 161//179 
f 328//180 327//178 160//181 
f 329//182 328//180 163//183 
f 330//184 329//182 162//185 
f 331//186 330//184 223//187 
f 332//188 331//186 224//189 
f 333//190 332//188 144//191 
f 334//192 333//190 143//193 
f 335//194 334//192 217//195 
f 336//196 335//194 216//197 
f 337//198 336//196 219//199 
f 338//200 337//198 218//201 
f 339//202 338//200 156//203 
f 340//204 339//202 155//205 
f 341//206 340//204 262//207 
f 342//208 341//206 256//209 
f 343//210 342//208 198//211 
f 344//212 343//210 197//213 
f 345//214 344//212 229//215 
f 346//216 345//214 200//217 
f 347//218 346//216 199//219 
f 348//220 347//218 230//221 
f 349//222 348//220 245//223 
f 350//224 349//222 202//225 
f 351//226 350//224 201//227 
f 352//228 351//226 204//229 
f 296//117 352//228 203//228 
f 203//228 258//117 296//117 
f 204//229 203//228 352//228 
f 201//227 204//229 351//226 
f 202//225 201//227 350//224 
f 245//223 202//225 349//222 
f 230//221 245//223 348//220 
f 199//219 230//221 347//218 
f 200//217 199//219 346//216 
f 229//215 200//217 345//214 
f 197//213 229//215 344//212 
f 198//211 197//213 343//210 
f 256//209 198//211 342//208 
f 262//207 256//209 341//206 
f 155//205 262//207 340//204 
f 156//203 155//205 339//202 
f 218//201 156//203 338//200 
f 219//199 218//201 337//198 
f 216//197 219//199 336//196 
f 217//195 216//197 335//194 
f 143//193 217//195 334//192 
f 144//191 143//193 333//190 
f 224//189 144//191 332//188 
f 223//187 224//189 331//186 
f 162//185 223//187 330//184 
f 163//183 162//185 329//182 
f 160//181 163//183 328//180 
f 161//179 160//181 327//178 
f 221//177 161//179 326//176 
f 222//175 221//177 325//174 
f 184//173 222//175 324//172 
f 185//171 184//173 323//170 
f 182//169 185//171 322//168 
f 183//167 182//169 321//166 
f 240//165 183//167 320//164 
f 238//163 240//165 319//162 
f 239//161 238//163 318//160 
f 136//159 239//161 317//158 
f 145//157 136//159 316//156 
f 189//155 145//157 315//154 
f 187//153 189//155 314//152 
f 188//151 187//153 313//150 
f 225//149 188//151 312//148 
f 118//147 225//149 311//146 
f 119//145 118//147 310//144 
f 177//143 119//145 309//142 
f 250//141 177//143 308//140 
f 233//139 250//141 307//138 
f 234//137 233//139 306//136 
f 231//135 234//137 305//134 
f 232//133 231//135 304//132 
f 264//131 232//133 303//130 
f 263//129 264//131 302//128 
f 248//127 263//129 301//126 
f 249//125 248//127 300//124 
f 246//123 249//125 299//122 
f 247//121 246//123 298//120 
f 257//119 247//121 297//118 
f 258//117 257//119 295//116 
o mesh3
f 353//230 354//231 220//231 
f 355//232 353//230 135//233 
f 356//234 355//232 134//235 
f 357//236 356//234 146//237 
f 358//238 357//236 148//239 
f 359//240 358//238 147//241 
f 360//242 359//240 186//243 
f 361//244 360//242 164//245 
f 362//246 361//244 138//247 
f 363//248 362//246 137//249 
f 364//250 363//248 122//251 
f 365//252 364//250 121//253 
f 366//254 365//252 149//255 
f 367//256 366//254 124//257 
f 368//258 367//256 123//259 
f 369//260 368//258 129//261 
f 370//262 369//260 131//263 
f 371//264 370//262 130//265 
f 372//266 371//264 165//267 
f 373//268 372//266 151//269 
f 374//270 373//268 150//271 
f 375//272 374//270 153//273 
f 376//274 375//272 152//275 
f 377//276 376//274 190//277 
f 378//278 377//276 226//279 
f 379//280 378//278 167//281 
f 380//282 379//280 166//283 
f 381//284 380//282 169//285 
f 382//286 381//284 168//287 
f 383//288 382//286 243//289 
f 384//290 383//288 255//291 
f 385//292 384//290 192//293 
f 386//294 385//292 191//295 
f 387//296 386//294 194//297 
f 388//298 387//296 193//299 
f 389//300 388//298 244//301 
f 390//302 389//300 227//303 
f 391//304 390//302 171//305 
f 392//306 391//304 170//307 
f 393//308 392//306 173//309 
f 394//310 393//308 172//311 
f 395//312 394//310 228//313 
f 396//314 395//312 175//315 
f 397//316 396//314 174//317 
f 398//318 397//316 195//319 
f 399//320 398//318 211//321 
f 400//322 399//320 210//323 
f 401//324 400//322 179//325 
f 402//326 401//324 213//327 
f 403//328 402//326 212//329 
f 404//330 403//328 181//331 
f 405//332 404//330 180//333 
f 406//334 405//332 214//335 
f 407//336 406//334 215//337 
f 408//338 407//336 158//339 
f 409//340 408//338 157//341 
f 410//342 409//340 142//343 
f 354//231 410//342 159//342 
f 159//342 220//231 354//231 
f 142//343 159//342 410//342 
f 157//341 142//343 409//340 
f 158//339 157//341 408//338 
f 215//337 158//339 407//336 
f 214//335 215//337 406//334 
f 180//333 214//335 405//332 
f 181//331 180//333 404//330 
f 212//329 181//331 403//328 
f 213//327 212//329 402//326 
f 179//325 213//327 401//324 
f 210//323 179//325 400//322 
f 211//321 210//323 399//320 
f 195//319 211//321 398//318 
f 174//317 195//319 397//316 
f 175//315 174//317 396//314 
f 228//313 175//315 395//312 
f 172//311 228//313 394//310 
f 173//309 172//311 393//308 
f 170//307 173//309 392//306 
f 171//305 170//307 391//304 
f 227//303 171//305 390//302 
f 244//301 227//303 389//300 
f 193//299 244//301 388//298 
f 194//297 193//299 387//296 
f 191//295 194//297 386//294 
f 192//293 191//295 385//292 
f 255//291 192//293 384//290 
f 243//289 255//291 383//288 
f 168//287 243//289 382//286 
f 169//285 168//287 381//284 
f 166//283 169//285 380//282 
f 167//281 166//283 379//280 
f 226//279 167//281 378//278 
f 190//277 226//279 377//276 
f 152//275 190//277 376//274 
f 153//273 152//275 375//272 
f 150//271 153//273 374//270 
f 151//269 150//271 373//268 
f 165//267 151//269 372//266 
f 130//265 165//267 371//264 
f 131//263 130//265 370//262 
f 129//261 131//263 369//260 
f 123//259 129//261 368//258 
f 124//257 123//259 367//256 
f 149//255 124//257 366//254 
f 121//253 149//255 365//252 
f 122//251 121//253 364//250 
f 137//249 122//251 363//248 
f 138//247 137//249 362//246 
f 164//245 138//247 361//244 
f 186//243 164//245 360//242 
f 147//241 186//243 359//240 
f 148//239 147//241 358//238 
f 146//237 148//239 357//236 
f 134//235 146//237 356//234 
f 135//233 134//235 355//232 
f 220//231 135//233 353//230 
o mesh4
f 411//344 412//345 260//345 
f 413//346 411//344 259//347 
f 414//348 413//346 268//349 
f 415//350 414//348 267//351 
f 416//352 415//350 290//353 
f 417//354 416//352 270//355 
f 418//356 417//354 269//357 
f 419//358 418//356 272//359 
f 420//360 419//358 271//361 
f 421//362 420//360 294//363 
f 422//364 421//362 293//365 
f 423//366 422//364 292//367 
f 424//368 423//366 291//369 
f 425//370 424//368 141//371 
f 426//372 425//370 132//373 
f 427//374 426//372 140//375 
f 428//376 427//374 133//377 
f 429//378 428//376 127//379 
f 430//380 429//378 126//381 
f 431//382 430//380 178//383 
f 432//384 431//382 207//385 
f 433//386 432//384 209//387 
f 434//388 433//386 208//389 
f 435//390 434//388 287//391 
f 436//392 435//390 286//393 
f 437//394 436//392 242//395 
f 438//396 437//394 241//397 
f 439//398 438//396 139//399 
f 440//400 439//398 128//401 
f 441//402 440//400 120//403 
f 442//404 441//402 274//405 
f 443//406 442//404 273//407 
f 444//408 443//406 275//409 
f 445//410 444//408 261//411 
f 446//412 445//410 235//413 
f 447//414 446//412 176//415 
f 448//416 447//414 196//417 
f 449//418 448//416 277//419 
f 450//420 449//418 276//421 
f 451//422 450//420 279//423 
f 452//424 451//422 278//425 
f 453//426 452//424 266//427 
f 454//428 453//426 265//429 
f 455//430 454//428 280//431 
f 456//432 455//430 281//433 
f 457//434 456//432 283//435 
f 458//436 457//434 282//437 
f 459//438 458//436 285//439 
f 460//440 459//438 284//441 
f 461//442 460//440 289//443 
f 462//444 461//442 288//445 
f 463//446 462//444 252//447 
f 464//448 463//446 251//449 
f 465//450 464//448 254//451 
f 466//452 465//450 253//453 
f 467//454 466//452 237//455 
f 468//456 467//454 236//457 
f 412//345 468//456 205//456 
f 205//456 260//345 412//345 
f 236//457 205//456 468//456 
f 237//455 236//457 467//454 
f 253//453 237//455 466//452 
f 254//451 253//453 465//450 
f 251//449 254//451 464//448 
f 252//447 251//449 463//446 
f 288//445 252//447 462//444 
f 289//443 288//445 461//442 
f 284//441 289//443 460//440 
f 285//439 284//441 459//438 
f 282//437 285//439 458//436 
f 283//435 282//437 457//434 
f 281//433 283//435 456//432 
f 280//431 281//433 455//430 
f 265//429 280//431 454//428 
f 266//427 265//429 453//426 
f 278//425 266//427 452//424 
f 279//423 278//425 451//422 
f 276//421 279//423 450//420 
f 277//419 276//421 449//418 
f 196//417 277//419 448//416 
f 176//415 196//417 447//414 
f 235//413 176//415 446//412 
f 261//411 235//413 445//410 
f 275//409 261//411 444//408 
f 273//407 275//409 443//406 
f 274//405 273//407 442//404 
f 120//403 274//405 441//402 
f 128//401 120//403 440//400 
f 139//399 128//401 439//398 
f 241//397 139//399 438//396 
f 242//395 241//397 437//394 
f 286//393 242//395 436//392 
f 287//391 286//393 435//390 
f 208//389 287//391 434//388 
f 209//387 208//389 433//386 
f 207//385 209//387 432//384 
f 178//383 207//385 431//382 
f 126//381 178//383 430//380 
f 127//379 126//381 429//378 
f 133//377 127//379 428//376 
f 140//375 133//377 427//374 
f 132//373 140//375 426//372 
f 141//371 132//373 425//370 
f 291//369 141//371 424//368 
f 292//367 291//369 423//366 
f 293//365 292//367 422//364 
f 294//363 293//365 421//362 
f 271//361 294//363 420//360 
f 272//359 271//361 419//358 
f 269//357 272//359 418//356 
f 270//355 269//357 417//354 
f 290//353 270//355 416//352 
f 267//351 290//353 415//350 
f 268//349 267//351 414//348 
f 259//347 268//349 413//346 
f 260//345 259//347 411//344 
o mesh5
f 469//458 470//458 206//458 
f 206//458 154//458 469//458 
o mesh6
f 117//459 125//459 471//459 
f 471//459 472//459 117//459 
o mesh7
f 327//460 473//460 398//460 
f 473//460 397//460 398//460 
f 473//460 327//460 328//460 
f 398//460 325//460 326//460 
f 398//460 326//460 327//460 
f 473//460 396//460 397//460 
f 473//460 394//460 395//460 
f 441//460 473//460 339//460 
f 395//460 396//460 473//460 
f 473//460 391//460 392//460 
f 473//460 389//460 390//460 
f 339//460 440//460 441//460 
f 473//460 337//460 338//460 
f 473//460 333//460 334//460 
f 473//460 331//460 332//460 
f 473//460 393//460 394//460 
f 390//460 391//460 473//460 
f 473//460 385//460 386//460 
f 473//460 383//460 384//460 
f 474//460 88//460 90//460 
f 474//460 80//460 82//460 
f 338//460 339//460 473//460 
f 473//460 335//460 336//460 
f 332//460 333//460 473//460 
f 328//460 329//460 473//460 
f 473//460 388//460 389//460 
f 384//460 385//460 473//460 
f 474//460 86//460 88//460 
f 82//460 84//460 474//460 
f 455//460 78//460 80//460 
f 474//460 452//460 453//460 
f 336//460 337//460 473//460 
f 473//460 330//460 331//460 
f 392//460 393//460 473//460 
f 386//460 387//460 473//460 
f 475//460 373//460 374//460 
f 475//460 368//460 369//460 
f 353//460 322//460 323//460 
f 84//460 86//460 474//460 
f 455//460 76//460 78//460 
f 453//460 454//460 474//460 
f 66//460 455//460 456//460 
f 475//460 309//460 310//460 
f 355//460 315//460 316//460 
f 473//460 443//460 444//460 
f 334//460 335//460 473//460 
f 387//460 388//460 473//460 
f 475//460 379//460 380//460 
f 475//460 377//460 378//460 
f 374//460 375//460 475//460 
f 475//460 371//460 372//460 
f 475//460 367//460 368//460 
f 323//460 410//460 354//460 
f 323//460 402//460 403//460 
f 434//460 339//460 340//460 
f 411//460 48//460 50//460 
f 476//460 24//460 26//460 
f 474//460 94//460 96//460 
f 90//460 92//460 474//460 
f 454//460 455//460 474//460 
f 455//460 72//460 74//460 
f 456//460 64//460 66//460 
f 310//460 364//460 475//460 
f 315//460 356//460 357//460 
f 316//460 353//460 355//460 
f 473//460 442//460 443//460 
f 329//460 330//460 473//460 
f 473//460 475//460 382//460 
f 378//460 379//460 475//460 
f 372//460 373//460 475//460 
f 369//460 370//460 475//460 
f 353//460 321//460 322//460 
f 353//460 319//460 320//460 
f 323//460 408//460 409//460 
f 323//460 406//460 407//460 
f 403//460 404//460 323//460 
f 323//460 398//460 399//460 
f 433//460 304//460 305//460 
f 433//460 302//460 303//460 
f 433//460 340//460 341//460 
f 340//460 433//460 434//460 
f 413//460 40//460 42//460 
f 476//460 36//460 38//460 
f 476//460 32//460 34//460 
f 411//460 56//460 58//460 
f 50//460 52//460 411//460 
f 476//460 22//460 24//460 
f 476//460 18//460 20//460 
f 474//460 110//460 112//460 
f 474//460 106//460 108//460 
f 474//460 98//460 100//460 
f 92//460 94//460 474//460 
f 74//460 76//460 455//460 
f 456//460 62//460 64//460 
f 473//460 449//460 450//460 
f 473//460 447//460 448//460 
f 310//460 362//460 363//460 
f 310//460 360//460 361//460 
f 355//460 356//460 315//460 
f 441//460 442//460 473//460 
f 475//460 381//460 382//460 
f 475//460 376//460 377//460 
f 370//460 371//460 475//460 
f 320//460 321//460 353//460 
f 407//460 408//460 323//460 
f 323//460 401//460 402//460 
f 399//460 400//460 323//460 
f 433//460 306//460 307//460 
f 303//460 304//460 433//460 
f 433//460 298//460 299//460 
f 433//460 295//460 297//460 
f 433//460 350//460 351//460 
f 433//460 348//460 349//460 
f 433//460 344//460 345//460 
f 433//460 342//460 343//460 
f 434//460 435//460 339//460 
f 42//460 411//460 413//460 
f 38//460 414//460 476//460 
f 476//460 30//460 32//460 
f 411//460 54//460 56//460 
f 411//460 46//460 48//460 
f 411//460 42//460 44//460 
f 20//460 22//460 476//460 
f 476//460 14//460 16//460 
f 476//460 6//460 8//460 
f 476//460 1//460 4//460 
f 108//460 110//460 474//460 
f 96//460 98//460 474//460 
f 455//460 70//460 72//460 
f 66//460 68//460 455//460 
f 473//460 451//460 452//460 
f 448//460 449//460 473//460 
f 475//460 365//460 366//460 
f 361//460 362//460 310//460 
f 357//460 358//460 315//460 
f 359//460 313//460 314//460 
f 359//460 310//460 311//460 
f 382//460 383//460 473//460 
f 375//460 376//460 475//460 
f 353//460 318//460 319//460 
f 353//460 316//460 317//460 
f 323//460 405//460 406//460 
f 400//460 401//460 323//460 
f 305//460 306//460 433//460 
f 297//460 298//460 433//460 
f 349//460 350//460 433//460 
f 345//460 346//460 433//460 
f 341//460 342//460 433//460 
f 38//460 40//460 414//460 
f 476//460 28//460 30//460 
f 58//460 468//460 412//460 
f 44//460 46//460 411//460 
f 16//460 18//460 476//460 
f 4//460 6//460 476//460 
f 474//460 104//460 106//460 
f 100//460 102//460 474//460 
f 68//460 70//460 455//460 
f 450//460 451//460 473//460 
f 475//460 364//460 365//460 
f 310//460 359//460 360//460 
f 314//460 315//460 359//460 
f 311//460 312//460 359//460 
f 380//460 381//460 475//460 
f 398//460 323//460 324//460 
f 317//460 318//460 353//460 
f 404//460 405//460 323//460 
f 433//460 301//460 302//460 
f 299//460 300//460 433//460 
f 433//460 347//460 348//460 
f 343//460 344//460 433//460 
f 34//460 36//460 476//460 
f 52//460 54//460 411//460 
f 58//460 463//460 464//460 
f 58//460 461//460 462//460 
f 476//460 12//460 14//460 
f 8//460 10//460 476//460 
f 474//460 114//460 2//460 
f 102//460 104//460 474//460 
f 452//460 474//460 473//460 
f 310//460 363//460 364//460 
f 312//460 313//460 359//460 
f 324//460 325//460 398//460 
f 409//460 410//460 323//460 
f 339//460 435//460 436//460 
f 475//460 307//460 308//460 
f 300//460 301//460 433//460 
f 433//460 352//460 296//460 
f 346//460 347//460 433//460 
f 475//460 427//460 428//460 
f 476//460 417//460 418//460 
f 476//460 415//460 416//460 
f 58//460 412//460 411//460 
f 58//460 466//460 467//460 
f 462//460 463//460 58//460 
f 10//460 12//460 476//460 
f 2//460 476//460 474//460 
f 80//460 474//460 455//460 
f 456//460 58//460 60//460 
f 358//460 359//460 315//460 
f 323//460 354//460 353//460 
f 339//460 438//460 439//460 
f 436//460 437//460 339//460 
f 307//460 475//460 433//460 
f 351//460 352//460 433//460 
f 475//460 431//460 432//460 
f 475//460 429//460 430//460 
f 475//460 426//460 427//460 
f 476//460 425//460 426//460 
f 476//460 423//460 424//460 
f 476//460 421//460 422//460 
f 416//460 417//460 476//460 
f 467//460 468//460 58//460 
f 464//460 465//460 58//460 
f 2//460 1//460 476//460 
f 60//460 62//460 456//460 
f 473//460 445//460 446//460 
f 444//460 445//460 473//460 
f 437//460 438//460 339//460 
f 296//460 295//460 433//460 
f 430//460 431//460 475//460 
f 426//460 475//460 476//460 
f 422//460 423//460 476//460 
f 476//460 419//460 420//460 
f 476//460 414//460 415//460 
f 465//460 466//460 58//460 
f 58//460 457//460 458//460 
f 112//460 114//460 474//460 
f 366//460 367//460 475//460 
f 308//460 309//460 475//460 
f 428//460 429//460 475//460 
f 420//460 421//460 476//460 
f 413//460 414//460 40//460 
f 58//460 459//460 460//460 
f 58//460 456//460 457//460 
f 446//460 447//460 473//460 
f 432//460 433//460 475//460 
f 418//460 419//460 476//460 
f 458//460 459//460 58//460 
f 439//460 440//460 339//460 
f 460//460 461//460 58//460 
f 424//460 425//460 476//460 
f 26//460 28//460 476//460 
o mesh8
f 154//461 117//461 475//461 
f 117//461 472//461 477//461 
f 477//461 475//461 117//461 
f 472//461 469//461 478//461 
f 469//461 154//461 473//461 
f 478//461 477//461 472//461 
f 475//461 473//461 154//461 
f 473//461 478//461 469//461 
o mesh9
f 206//462 470//462 479//462 
f 470//462 471//462 480//462 
f 480//462 479//462 470//462 
f 471//462 125//462 476//462 
f 476//462 480//462 471//462 
f 125//462 206//462 474//462 
f 474//462 476//462 125//462 
f 479//462 474//462 206//462 
o mesh10
f 473//463 474//463 479//463 
f 479//463 478//463 473//463 
o mesh11
f 477//464 480//464 476//464 
f 476//464 475//464 477//464 
o mesh12
f 481//465 469//465 482//465 
f 469//465 483//465 482//465 
f 469//465 481//465 484//465 
f 482//465 485//465 486//465 
f 482//465 486//465 481//465 
f 469//465 487//465 483//465 
f 469//465 488//465 489//465 
f 490//465 469//465 491//465 
f 489//465 487//465 469//465 
f 469//465 492//465 493//465 
f 469//465 494//465 495//465 
f 491//465 496//465 490//465 
f 469//465 497//465 498//465 
f 469//465 499//465 500//465 
f 469//465 501//465 502//465 
f 469//465 503//465 488//465 
f 495//465 492//465 469//465 
f 469//465 504//465 505//465 
f 469//465 506//465 507//465 
f 470//465 508//465 509//465 
f 470//465 510//465 511//465 
f 470//465 512//465 513//465 
f 498//465 491//465 469//465 
f 469//465 514//465 515//465 
f 502//465 499//465 469//465 
f 484//465 516//465 469//465 
f 469//465 517//465 494//465 
f 507//465 504//465 469//465 
f 470//465 518//465 508//465 
f 511//465 519//465 470//465 
f 470//465 520//465 521//465 
f 513//465 522//465 470//465 
f 515//465 497//465 469//465 
f 469//465 523//465 501//465 
f 493//465 503//465 469//465 
f 505//465 524//465 469//465 
f 472//465 525//465 526//465 
f 472//465 527//465 528//465 
f 529//465 530//465 531//465 
f 519//465 518//465 470//465 
f 520//465 532//465 521//465 
f 522//465 533//465 470//465 
f 534//465 520//465 535//465 
f 472//465 536//465 537//465 
f 538//465 539//465 540//465 
f 469//465 541//465 542//465 
f 500//465 514//465 469//465 
f 524//465 517//465 469//465 
f 472//465 543//465 544//465 
f 472//465 545//465 546//465 
f 526//465 547//465 472//465 
f 472//465 548//465 549//465 
f 472//465 550//465 527//465 
f 531//465 551//465 552//465 
f 531//465 553//465 554//465 
f 555//465 491//465 556//465 
f 557//465 558//465 559//465 
f 471//465 560//465 561//465 
f 470//465 562//465 563//465 
f 509//465 564//465 470//465 
f 533//465 520//465 470//465 
f 520//465 565//465 566//465 
f 535//465 567//465 534//465 
f 537//465 568//465 472//465 
f 539//465 569//465 570//465 
f 540//465 529//465 538//465 
f 469//465 571//465 541//465 
f 516//465 523//465 469//465 
f 469//465 472//465 572//465 
f 546//465 543//465 472//465 
f 549//465 525//465 472//465 
f 528//465 573//465 472//465 
f 529//465 574//465 530//465 
f 529//465 575//465 576//465 
f 531//465 577//465 578//465 
f 531//465 579//465 580//465 
f 554//465 581//465 531//465 
f 531//465 482//465 582//465 
f 583//465 584//465 585//465 
f 583//465 556//465 586//465 
f 556//465 583//465 555//465 
f 587//465 588//465 589//465 
f 590//465 471//465 591//465 
f 471//465 592//465 593//465 
f 557//465 594//465 595//465 
f 559//465 596//465 557//465 
f 471//465 597//465 560//465 
f 471//465 598//465 599//465 
f 470//465 600//465 601//465 
f 470//465 602//465 603//465 
f 470//465 604//465 605//465 
f 564//465 562//465 470//465 
f 566//465 532//465 520//465 
f 535//465 606//465 567//465 
f 469//465 607//465 512//465 
f 537//465 608//465 609//465 
f 537//465 610//465 611//465 
f 538//465 569//465 539//465 
f 490//465 571//465 469//465 
f 472//465 612//465 572//465 
f 472//465 613//465 545//465 
f 573//465 548//465 472//465 
f 576//465 574//465 529//465 
f 580//465 577//465 531//465 
f 531//465 614//465 553//465 
f 582//465 615//465 531//465 
f 583//465 616//465 584//465 
f 583//465 617//465 618//465 
f 583//465 619//465 620//465 
f 583//465 621//465 622//465 
f 583//465 623//465 624//465 
f 583//465 625//465 626//465 
f 583//465 627//465 628//465 
f 583//465 629//465 630//465 
f 555//465 631//465 491//465 
f 589//465 557//465 587//465 
f 471//465 632//465 591//465 
f 471//465 633//465 592//465 
f 557//465 634//465 594//465 
f 557//465 635//465 558//465 
f 557//465 589//465 636//465 
f 599//465 597//465 471//465 
f 471//465 637//465 638//465 
f 471//465 639//465 640//465 
f 471//465 641//465 642//465 
f 603//465 600//465 470//465 
f 563//465 604//465 470//465 
f 520//465 643//465 565//465 
f 534//465 644//465 520//465 
f 469//465 645//465 607//465 
f 469//465 646//465 647//465 
f 472//465 648//465 649//465 
f 611//465 608//465 537//465 
f 570//465 650//465 539//465 
f 651//465 652//465 653//465 
f 651//465 537//465 654//465 
f 572//465 506//465 469//465 
f 547//465 613//465 472//465 
f 529//465 655//465 575//465 
f 529//465 540//465 656//465 
f 531//465 657//465 579//465 
f 615//465 614//465 531//465 
f 618//465 616//465 583//465 
f 622//465 619//465 583//465 
f 626//465 623//465 583//465 
f 628//465 658//465 583//465 
f 586//465 629//465 583//465 
f 591//465 588//465 590//465 
f 471//465 659//465 633//465 
f 595//465 660//465 661//465 
f 636//465 635//465 557//465 
f 638//465 598//465 471//465 
f 642//465 639//465 471//465 
f 470//465 662//465 602//465 
f 605//465 663//465 470//465 
f 644//465 643//465 520//465 
f 647//465 645//465 469//465 
f 472//465 568//465 648//465 
f 537//465 651//465 610//465 
f 653//465 539//465 651//465 
f 654//465 664//465 651//465 
f 544//465 612//465 472//465 
f 482//465 531//465 665//465 
f 656//465 655//465 529//465 
f 581//465 657//465 531//465 
f 472//465 666//465 667//465 
f 583//465 668//465 617//465 
f 620//465 669//465 583//465 
f 583//465 670//465 625//465 
f 630//465 627//465 583//465 
f 593//465 632//465 471//465 
f 596//465 634//465 557//465 
f 595//465 671//465 672//465 
f 595//465 673//465 674//465 
f 471//465 675//465 637//465 
f 640//465 676//465 471//465 
f 470//465 677//465 678//465 
f 663//465 662//465 470//465 
f 512//465 470//465 469//465 
f 537//465 609//465 568//465 
f 664//465 652//465 651//465 
f 665//465 485//465 482//465 
f 578//465 551//465 531//465 
f 491//465 631//465 679//465 
f 472//465 585//465 666//465 
f 669//465 668//465 583//465 
f 583//465 680//465 681//465 
f 658//465 670//465 583//465 
f 472//465 682//465 683//465 
f 471//465 684//465 685//465 
f 471//465 686//465 687//465 
f 595//465 661//465 557//465 
f 595//465 688//465 689//465 
f 674//465 671//465 595//465 
f 676//465 675//465 471//465 
f 678//465 471//465 470//465 
f 521//465 510//465 470//465 
f 535//465 595//465 690//465 
f 650//465 651//465 539//465 
f 531//465 552//465 529//465 
f 491//465 691//465 692//465 
f 679//465 693//465 491//465 
f 585//465 472//465 583//465 
f 624//465 680//465 583//465 
f 472//465 694//465 695//465 
f 472//465 696//465 697//465 
f 472//465 698//465 682//465 
f 471//465 699//465 698//465 
f 471//465 700//465 701//465 
f 471//465 702//465 703//465 
f 687//465 684//465 471//465 
f 689//465 660//465 595//465 
f 672//465 704//465 595//465 
f 678//465 641//465 471//465 
f 690//465 606//465 535//465 
f 469//465 705//465 706//465 
f 542//465 705//465 469//465 
f 693//465 691//465 491//465 
f 681//465 621//465 583//465 
f 697//465 694//465 472//465 
f 698//465 472//465 471//465 
f 703//465 700//465 471//465 
f 471//465 707//465 708//465 
f 471//465 590//465 686//465 
f 704//465 688//465 595//465 
f 595//465 709//465 710//465 
f 601//465 677//465 470//465 
f 649//465 550//465 472//465 
f 667//465 536//465 472//465 
f 683//465 696//465 472//465 
f 708//465 702//465 471//465 
f 587//465 590//465 588//465 
f 595//465 711//465 712//465 
f 595//465 535//465 709//465 
f 706//465 646//465 469//465 
f 695//465 583//465 472//465 
f 685//465 707//465 471//465 
f 710//465 711//465 595//465 
f 692//465 496//465 491//465 
f 712//465 673//465 595//465 
f 701//465 699//465 471//465 
f 561//465 659//465 471//465 
o mesh13
f 477//466 713//466 714//466 
f 714//466 715//466 477//466 
f 713//466 477//466 716//466 
f 716//466 717//466 713//466 
f 477//466 718//466 719//466 
f 480//466 720//466 721//466 
f 715//466 722//466 477//466 
f 477//466 723//466 718//466 
f 477//466 724//466 725//466 
f 721//466 726//466 480//466 
f 480//466 727//466 728//466 
f 729//466 730//466 727//466 
f 480//466 731//466 732//466 
f 733//466 734//466 735//466 
f 713//466 736//466 737//466 
f 722//466 738//466 477//466 
f 725//466 723//466 477//466 
f 480//466 739//466 720//466 
f 728//466 740//466 480//466 
f 729//466 741//466 730//466 
f 732//466 742//466 480//466 
f 743//466 729//466 744//466 
f 745//466 746//466 747//466 
f 748//466 749//466 733//466 
f 748//466 750//466 751//466 
f 717//466 736//466 713//466 
f 719//466 752//466 477//466 
f 477//466 753//466 754//466 
f 477//466 755//466 756//466 
f 480//466 757//466 758//466 
f 740//466 739//466 480//466 
f 742//466 729//466 480//466 
f 729//466 759//466 760//466 
f 744//466 761//466 743//466 
f 478//466 762//466 763//466 
f 746//466 764//466 765//466 
f 747//466 766//466 745//466 
f 766//466 767//466 768//466 
f 766//466 769//466 770//466 
f 751//466 749//466 748//466 
f 737//466 771//466 713//466 
f 477//466 772//466 724//466 
f 756//466 753//466 477//466 
f 477//466 773//466 774//466 
f 477//466 775//466 776//466 
f 478//466 777//466 778//466 
f 478//466 779//466 780//466 
f 478//466 781//466 782//466 
f 783//466 714//466 784//466 
f 480//466 785//466 786//466 
f 480//466 787//466 788//466 
f 480//466 789//466 790//466 
f 726//466 757//466 480//466 
f 760//466 741//466 729//466 
f 744//466 791//466 761//466 
f 477//466 792//466 793//466 
f 477//466 794//466 795//466 
f 763//466 796//466 478//466 
f 763//466 797//466 798//466 
f 745//466 764//466 746//466 
f 734//466 799//466 800//466 
f 734//466 801//466 802//466 
f 770//466 767//466 766//466 
f 803//466 804//466 805//466 
f 803//466 748//466 806//466 
f 748//466 803//466 750//466 
f 752//466 716//466 477//466 
f 477//466 807//466 755//466 
f 776//466 773//466 477//466 
f 478//466 808//466 809//466 
f 478//466 810//466 811//466 
f 780//466 777//466 478//466 
f 478//466 812//466 781//466 
f 813//466 814//466 815//466 
f 813//466 816//466 817//466 
f 813//466 818//466 819//466 
f 813//466 820//466 821//466 
f 813//466 822//466 823//466 
f 784//466 813//466 783//466 
f 824//466 825//466 826//466 
f 479//466 827//466 828//466 
f 788//466 785//466 480//466 
f 758//466 789//466 480//466 
f 729//466 829//466 759//466 
f 743//466 830//466 729//466 
f 477//466 831//466 731//466 
f 795//466 792//466 477//466 
f 478//466 832//466 833//466 
f 763//466 834//466 835//466 
f 763//466 836//466 797//466 
f 765//466 837//466 746//466 
f 836//466 838//466 839//466 
f 836//466 840//466 841//466 
f 802//466 799//466 734//466 
f 801//466 734//466 842//466 
f 766//466 843//466 844//466 
f 766//466 845//466 769//466 
f 766//466 747//466 846//466 
f 805//466 847//466 803//466 
f 735//466 748//466 733//466 
f 754//466 772//466 477//466 
f 774//466 848//466 477//466 
f 811//466 808//466 478//466 
f 778//466 849//466 478//466 
f 782//466 850//466 478//466 
f 817//466 814//466 813//466 
f 813//466 851//466 818//466 
f 823//466 820//466 813//466 
f 813//466 852//466 853//466 
f 813//466 854//466 855//466 
f 783//466 856//466 714//466 
f 857//466 858//466 859//466 
f 479//466 860//466 861//466 
f 479//466 862//466 863//466 
f 824//466 864//466 865//466 
f 826//466 866//466 824//466 
f 479//466 867//466 827//466 
f 479//466 868//466 869//466 
f 480//466 870//466 787//466 
f 790//466 871//466 480//466 
f 830//466 829//466 729//466 
f 793//466 831//466 477//466 
f 478//466 796//466 832//466 
f 798//466 834//466 763//466 
f 839//466 746//466 836//466 
f 836//466 763//466 840//466 
f 734//466 872//466 873//466 
f 800//466 874//466 734//466 
f 844//466 842//466 766//466 
f 846//466 845//466 766//466 
f 477//466 875//466 876//466 
f 806//466 804//466 803//466 
f 848//466 807//466 477//466 
f 477//466 478//466 877//466 
f 478//466 878//466 810//466 
f 850//466 779//466 478//466 
f 819//466 816//466 813//466 
f 821//466 879//466 813//466 
f 813//466 880//466 881//466 
f 813//466 882//466 883//466 
f 855//466 852//466 813//466 
f 784//466 884//466 813//466 
f 479//466 885//466 886//466 
f 479//466 887//466 888//466 
f 859//466 824//466 857//466 
f 861//466 889//466 479//466 
f 479//466 890//466 862//466 
f 824//466 891//466 864//466 
f 824//466 892//466 825//466 
f 824//466 859//466 893//466 
f 869//466 867//466 479//466 
f 479//466 894//466 895//466 
f 479//466 896//466 897//466 
f 479//466 898//466 899//466 
f 871//466 870//466 480//466 
f 731//466 480//466 477//466 
f 763//466 835//466 796//466 
f 841//466 838//466 836//466 
f 874//466 872//466 734//466 
f 768//466 843//466 766//466 
f 477//466 738//466 875//466 
f 771//466 803//466 713//466 
f 478//466 900//466 877//466 
f 849//466 878//466 478//466 
f 879//466 851//466 813//466 
f 813//466 901//466 902//466 
f 883//466 880//466 813//466 
f 884//466 854//466 813//466 
f 888//466 885//466 479//466 
f 861//466 858//466 889//466 
f 479//466 903//466 890//466 
f 865//466 904//466 905//466 
f 893//466 892//466 824//466 
f 895//466 868//466 479//466 
f 899//466 896//466 479//466 
f 479//466 480//466 906//466 
f 727//466 480//466 729//466 
f 744//466 865//466 907//466 
f 837//466 836//466 746//466 
f 842//466 844//466 801//466 
f 847//466 713//466 803//466 
f 809//466 900//466 478//466 
f 714//466 856//466 908//466 
f 478//466 815//466 909//466 
f 902//466 822//466 813//466 
f 813//466 910//466 882//466 
f 853//466 911//466 813//466 
f 478//466 912//466 913//466 
f 479//466 889//466 887//466 
f 863//466 860//466 479//466 
f 866//466 891//466 824//466 
f 865//466 914//466 915//466 
f 865//466 916//466 917//466 
f 865//466 918//466 919//466 
f 479//466 920//466 894//466 
f 897//466 921//466 479//466 
f 480//466 922//466 906//466 
f 907//466 791//466 744//466 
f 873//466 735//466 734//466 
f 877//466 775//466 477//466 
f 714//466 923//466 924//466 
f 908//466 925//466 714//466 
f 815//466 478//466 813//466 
f 911//466 910//466 813//466 
f 478//466 926//466 927//466 
f 478//466 928//466 929//466 
f 478//466 930//466 912//466 
f 479//466 931//466 930//466 
f 479//466 932//466 933//466 
f 479//466 934//466 935//466 
f 857//466 889//466 858//466 
f 915//466 904//466 865//466 
f 919//466 916//466 865//466 
f 921//466 920//466 479//466 
f 786//466 922//466 480//466 
f 477//466 936//466 937//466 
f 876//466 936//466 477//466 
f 925//466 923//466 714//466 
f 881//466 901//466 813//466 
f 929//466 926//466 478//466 
f 930//466 478//466 479//466 
f 935//466 932//466 479//466 
f 479//466 938//466 939//466 
f 865//466 905//466 824//466 
f 917//466 940//466 865//466 
f 865//466 941//466 942//466 
f 906//466 898//466 479//466 
f 833//466 812//466 478//466 
f 909//466 762//466 478//466 
f 913//466 928//466 478//466 
f 939//466 934//466 479//466 
f 940//466 914//466 865//466 
f 865//466 943//466 944//466 
f 865//466 744//466 941//466 
f 937//466 794//466 477//466 
f 927//466 813//466 478//466 
f 886//466 938//466 479//466 
f 942//466 943//466 865//466 
f 924//466 715//466 714//466 
f 944//466 918//466 865//466 
f 933//466 931//466 479//466 
f 828//466 903//466 479//466 
o mesh14
f 641//467 678//468 906//468 
f 642//469 641//467 922//470 
f 639//471 642//469 786//472 
f 640//473 639//471 785//474 
f 676//475 640//473 788//476 
f 675//477 676//475 787//478 
f 637//479 675//477 870//480 
f 638//481 637//479 871//482 
f 598//483 638//481 790//484 
f 599//485 598//483 789//486 
f 597//487 599//485 758//488 
f 560//489 597//487 757//490 
f 561//491 560//489 726//492 
f 659//493 561//491 721//494 
f 633//495 659//493 720//496 
f 592//497 633//495 739//498 
f 593//499 592//497 740//500 
f 632//501 593//499 728//502 
f 591//503 632//501 727//504 
f 588//505 591//503 730//506 
f 589//507 588//505 741//508 
f 636//509 589//507 760//510 
f 635//511 636//509 759//512 
f 558//513 635//511 829//514 
f 559//515 558//513 830//516 
f 596//517 559//515 743//518 
f 634//519 596//517 761//520 
f 594//521 634//519 791//522 
f 595//523 594//521 907//524 
f 690//525 595//523 865//526 
f 606//527 690//525 864//528 
f 567//529 606//527 891//530 
f 534//531 567//529 866//532 
f 644//533 534//531 826//534 
f 643//535 644//533 825//536 
f 565//537 643//535 892//538 
f 566//539 565//537 893//540 
f 532//541 566//539 859//542 
f 521//543 532//541 858//544 
f 510//545 521//543 861//546 
f 511//547 510//545 860//548 
f 519//549 511//547 863//550 
f 518//551 519//549 862//552 
f 508//553 518//551 890//554 
f 509//555 508//553 903//556 
f 564//557 509//555 828//558 
f 562//559 564//557 827//560 
f 563//561 562//559 867//562 
f 604//563 563//561 869//564 
f 605//565 604//563 868//566 
f 663//567 605//565 895//568 
f 662//569 663//567 894//570 
f 602//571 662//569 920//572 
f 603//573 602//571 921//574 
f 600//575 603//573 897//576 
f 601//577 600//575 896//578 
f 677//579 601//577 899//580 
f 678//468 677//579 898//579 
f 898//579 906//468 678//468 
f 899//580 898//579 677//579 
f 896//578 899//580 601//577 
f 897//576 896//578 600//575 
f 921//574 897//576 603//573 
f 920//572 921//574 602//571 
f 894//570 920//572 662//569 
f 895//568 894//570 663//567 
f 868//566 895//568 605//565 
f 869//564 868//566 604//563 
f 867//562 869//564 563//561 
f 827//560 867//562 562//559 
f 828//558 827//560 564//557 
f 903//556 828//558 509//555 
f 890//554 903//556 508//553 
f 862//552 890//554 518//551 
f 863//550 862//552 519//549 
f 860//548 863//550 511//547 
f 861//546 860//548 510//545 
f 858//544 861//546 521//543 
f 859//542 858//544 532//541 
f 893//540 859//542 566//539 
f 892//538 893//540 565//537 
f 825//536 892//538 643//535 
f 826//534 825//536 644//533 
f 866//532 826//534 534//531 
f 891//530 866//532 567//529 
f 864//528 891//530 606//527 
f 865//526 864//528 690//525 
f 907//524 865//526 595//523 
f 791//522 907//524 594//521 
f 761//520 791//522 634//519 
f 743//518 761//520 596//517 
f 830//516 743//518 559//515 
f 829//514 830//516 558//513 
f 759//512 829//514 635//511 
f 760//510 759//512 636//509 
f 741//508 760//510 589//507 
f 730//506 741//508 588//505 
f 727//504 730//506 591//503 
f 728//502 727//504 632//501 
f 740//500 728//502 593//499 
f 739//498 740//500 592//497 
f 720//496 739//498 633//495 
f 721//494 720//496 659//493 
f 726//492 721//494 561//491 
f 757//490 726//492 560//489 
f 758//488 757//490 597//487 
f 789//486 758//488 599//485 
f 790//484 789//486 598//483 
f 871//482 790//484 638//481 
f 870//480 871//482 637//479 
f 787//478 870//480 675//477 
f 788//476 787//478 676//475 
f 785//474 788//476 640//473 
f 786//472 785//474 639//471 
f 922//470 786//472 642//469 
f 906//468 922//470 641//467 
o mesh15
f 621//581 681//582 902//582 
f 622//583 621//581 901//584 
f 619//585 622//583 881//586 
f 620//587 619//585 880//588 
f 669//589 620//587 883//590 
f 668//591 669//589 882//592 
f 617//593 668//591 910//594 
f 618//595 617//593 911//596 
f 616//597 618//595 853//598 
f 584//599 616//597 852//600 
f 585//601 584//599 855//602 
f 666//603 585//601 854//604 
f 667//605 666//603 884//606 
f 536//607 667//605 784//608 
f 537//609 536//607 714//610 
f 654//611 537//609 713//612 
f 664//613 654//611 847//614 
f 652//615 664//613 805//616 
f 653//617 652//615 804//618 
f 539//619 653//617 806//620 
f 540//621 539//619 748//622 
f 656//623 540//621 735//624 
f 655//625 656//623 873//626 
f 575//627 655//625 872//628 
f 576//629 575//627 874//630 
f 574//631 576//629 800//632 
f 530//633 574//631 799//634 
f 531//635 530//633 802//636 
f 665//637 531//635 801//638 
f 485//639 665//637 844//640 
f 486//641 485//639 843//642 
f 481//643 486//641 768//644 
f 484//645 481//643 767//646 
f 516//647 484//645 770//648 
f 523//649 516//647 769//650 
f 501//651 523//649 845//652 
f 502//653 501//651 846//654 
f 499//655 502//653 747//656 
f 500//657 499//655 746//658 
f 514//659 500//657 839//660 
f 515//661 514//659 838//662 
f 497//663 515//661 841//664 
f 498//665 497//663 840//666 
f 491//667 498//665 763//668 
f 556//669 491//667 762//670 
f 586//671 556//669 909//672 
f 629//673 586//671 815//674 
f 630//675 629//673 814//676 
f 627//677 630//675 817//678 
f 628//679 627//677 816//680 
f 658//681 628//679 819//682 
f 670//683 658//681 818//684 
f 625//685 670//683 851//686 
f 626//687 625//685 879//688 
f 623//689 626//687 821//690 
f 624//691 623//689 820//692 
f 680//693 624//691 823//694 
f 681//582 680//693 822//693 
f 822//693 902//582 681//582 
f 823//694 822//693 680//693 
f 820//692 823//694 624//691 
f 821//690 820//692 623//689 
f 879//688 821//690 626//687 
f 851//686 879//688 625//685 
f 818//684 851//686 670//683 
f 819//682 818//684 658//681 
f 816//680 819//682 628//679 
f 817//678 816//680 627//677 
f 814//676 817//678 630//675 
f 815//674 814//676 629//673 
f 909//672 815//674 586//671 
f 762//670 909//672 556//669 
f 763//668 762//670 491//667 
f 840//666 763//668 498//665 
f 841//664 840//666 497//663 
f 838//662 841//664 515//661 
f 839//660 838//662 514//659 
f 746//658 839//660 500//657 
f 747//656 746//658 499//655 
f 846//654 747//656 502//653 
f 845//652 846//654 501//651 
f 769//650 845//652 523//649 
f 770//648 769//650 516//647 
f 767//646 770//648 484//645 
f 768//644 767//646 481//643 
f 843//642 768//644 486//641 
f 844//640 843//642 485//639 
f 801//638 844//640 665//637 
f 802//636 801//638 531//635 
f 799//634 802//636 530//633 
f 800//632 799//634 574//631 
f 874//630 800//632 576//629 
f 872//628 874//630 575//627 
f 873//626 872//628 655//625 
f 735//624 873//626 656//623 
f 748//622 735//624 540//621 
f 806//620 748//622 539//619 
f 804//618 806//620 653//617 
f 805//616 804//618 652//615 
f 847//614 805//616 664//613 
f 713//612 847//614 654//611 
f 714//610 713//612 537//609 
f 784//608 714//610 536//607 
f 884//606 784//608 667//605 
f 854//604 884//606 666//603 
f 855//602 854//604 585//601 
f 852//600 855//602 584//599 
f 853//598 852//600 616//597 
f 911//596 853//598 618//595 
f 910//594 911//596 617//593 
f 882//592 910//594 668//591 
f 883//590 882//592 669//589 
f 880//588 883//590 620//587 
f 881//586 880//588 619//585 
f 901//584 881//586 622//583 
f 902//582 901//584 621//581 
o mesh16
f 529//695 552//696 842//696 
f 538//697 529//695 734//698 
f 569//699 538//697 733//700 
f 570//701 569//699 749//702 
f 650//703 570//701 751//704 
f 651//705 650//703 750//706 
f 610//707 651//705 803//708 
f 611//709 610//707 771//710 
f 608//711 611//709 737//712 
f 609//713 608//711 736//714 
f 568//715 609//713 717//716 
f 648//717 568//715 716//718 
f 649//719 648//717 752//720 
f 550//721 649//719 719//722 
f 527//723 550//721 718//724 
f 528//725 527//723 723//726 
f 573//727 528//725 725//728 
f 548//729 573//727 724//730 
f 549//731 548//729 772//732 
f 525//733 549//731 754//734 
f 526//735 525//733 753//736 
f 547//737 526//735 756//738 
f 613//739 547//737 755//740 
f 545//741 613//739 807//742 
f 546//743 545//741 848//744 
f 543//745 546//743 774//746 
f 544//747 543//745 773//748 
f 612//749 544//747 776//750 
f 572//751 612//749 775//752 
f 506//753 572//751 877//754 
f 507//755 506//753 900//756 
f 504//757 507//755 809//758 
f 505//759 504//757 808//760 
f 524//761 505//759 811//762 
f 517//763 524//761 810//764 
f 494//765 517//763 878//766 
f 495//767 494//765 849//768 
f 492//769 495//767 778//770 
f 493//771 492//769 777//772 
f 503//773 493//771 780//774 
f 488//775 503//773 779//776 
f 489//777 488//775 850//778 
f 487//779 489//777 782//780 
f 483//781 487//779 781//782 
f 482//783 483//781 812//784 
f 582//785 482//783 833//786 
f 615//787 582//785 832//788 
f 614//789 615//787 796//790 
f 553//791 614//789 835//792 
f 554//793 553//791 834//794 
f 581//795 554//793 798//796 
f 657//797 581//795 797//798 
f 579//799 657//797 836//800 
f 580//801 579//799 837//802 
f 577//803 580//801 765//804 
f 578//805 577//803 764//806 
f 551//807 578//805 745//808 
f 552//696 551//807 766//807 
f 766//807 842//696 552//696 
f 745//808 766//807 551//807 
f 764//806 745//808 578//805 
f 765//804 764//806 577//803 
f 837//802 765//804 580//801 
f 836//800 837//802 579//799 
f 797//798 836//800 657//797 
f 798//796 797//798 581//795 
f 834//794 798//796 554//793 
f 835//792 834//794 553//791 
f 796//790 835//792 614//789 
f 832//788 796//790 615//787 
f 833//786 832//788 582//785 
f 812//784 833//786 482//783 
f 781//782 812//784 483//781 
f 782//780 781//782 487//779 
f 850//778 782//780 489//777 
f 779//776 850//778 488//775 
f 780//774 779//776 503//773 
f 777//772 780//774 493//771 
f 778//770 777//772 492//769 
f 849//768 778//770 495//767 
f 878//766 849//768 494//765 
f 810//764 878//766 517//763 
f 811//762 810//764 524//761 
f 808//760 811//762 505//759 
f 809//758 808//760 504//757 
f 900//756 809//758 507//755 
f 877//754 900//756 506//753 
f 775//752 877//754 572//751 
f 776//750 775//752 612//749 
f 773//748 776//750 544//747 
f 774//746 773//748 543//745 
f 848//744 774//746 546//743 
f 807//742 848//744 545//741 
f 755//740 807//742 613//739 
f 756//738 755//740 547//737 
f 753//736 756//738 526//735 
f 754//734 753//736 525//733 
f 772//732 754//734 549//731 
f 724//730 772//732 548//729 
f 725//728 724//730 573//727 
f 723//726 725//728 528//725 
f 718//724 723//726 527//723 
f 719//722 718//724 550//721 
f 752//720 719//722 649//719 
f 716//718 752//720 648//717 
f 717//716 716//718 568//715 
f 736//714 717//716 609//713 
f 737//712 736//714 608//711 
f 771//710 737//712 611//709 
f 803//708 771//710 610//707 
f 750//706 803//708 651//705 
f 751//704 750//706 650//703 
f 749//702 751//704 570//701 
f 733//700 749//702 569//699 
f 734//698 733//700 538//697 
f 842//696 734//698 529//695 
o mesh17
f 557//809 661//810 905//810 
f 587//811 557//809 904//812 
f 590//813 587//811 915//814 
f 686//815 590//813 914//816 
f 687//817 686//815 940//818 
f 684//819 687//817 917//820 
f 685//821 684//819 916//822 
f 707//823 685//821 919//824 
f 708//825 707//823 918//826 
f 702//827 708//825 944//828 
f 703//829 702//827 943//830 
f 700//831 703//829 942//832 
f 701//833 700//831 941//834 
f 699//835 701//833 744//836 
f 698//837 699//835 729//838 
f 682//839 698//837 742//840 
f 683//841 682//839 732//842 
f 696//843 683//841 731//844 
f 697//845 696//843 831//846 
f 694//847 697//845 793//848 
f 695//849 694//847 792//850 
f 583//851 695//849 795//852 
f 555//853 583//851 794//854 
f 631//855 555//853 937//856 
f 679//857 631//855 936//858 
f 693//859 679//857 876//860 
f 691//861 693//859 875//862 
f 692//863 691//861 738//864 
f 496//865 692//863 722//866 
f 490//867 496//865 715//868 
f 571//869 490//867 924//870 
f 541//871 571//869 923//872 
f 542//873 541//871 925//874 
f 705//875 542//873 908//876 
f 706//877 705//875 856//878 
f 646//879 706//877 783//880 
f 647//881 646//879 813//882 
f 645//883 647//881 927//884 
f 607//885 645//883 926//886 
f 512//887 607//885 929//888 
f 513//889 512//887 928//890 
f 522//891 513//889 913//892 
f 533//893 522//891 912//894 
f 520//895 533//893 930//896 
f 535//897 520//895 931//898 
f 709//899 535//897 933//900 
f 710//901 709//899 932//902 
f 711//903 710//901 935//904 
f 712//905 711//903 934//906 
f 673//907 712//905 939//908 
f 674//909 673//907 938//910 
f 671//911 674//909 886//912 
f 672//913 671//911 885//914 
f 704//915 672//913 888//916 
f 688//917 704//915 887//918 
f 689//919 688//917 889//920 
f 660//921 689//919 857//922 
f 661//810 660//921 824//921 
f 824//921 905//810 661//810 
f 857//922 824//921 660//921 
f 889//920 857//922 689//919 
f 887//918 889//920 688//917 
f 888//916 887//918 704//915 
f 885//914 888//916 672//913 
f 886//912 885//914 671//911 
f 938//910 886//912 674//909 
f 939//908 938//910 673//907 
f 934//906 939//908 712//905 
f 935//904 934//906 711//903 
f 932//902 935//904 710//901 
f 933//900 932//902 709//899 
f 931//898 933//900 535//897 
f 930//896 931//898 520//895 
f 912//894 930//896 533//893 
f 913//892 912//894 522//891 
f 928//890 913//892 513//889 
f 929//888 928//890 512//887 
f 926//886 929//888 607//885 
f 927//884 926//886 645//883 
f 813//882 927//884 647//881 
f 783//880 813//882 646//879 
f 856//878 783//880 706//877 
f 908//876 856//878 705//875 
f 925//874 908//876 542//873 
f 923//872 925//874 541//871 
f 924//870 923//872 571//869 
f 715//868 924//870 490//867 
f 722//866 715//868 496//865 
f 738//864 722//866 692//863 
f 875//862 738//864 691//861 
f 876//860 875//862 693//859 
f 936//858 876//860 679//857 
f 937//856 936//858 631//855 
f 794//854 937//856 555//853 
f 795//852 794//854 583//851 
f 792//850 795//852 695//849 
f 793//848 792//850 694//847 
f 831//846 793//848 697//845 
f 731//844 831//846 696//843 
f 732//842 731//844 683//841 
f 742//840 732//842 682//839 
f 729//838 742//840 698//837 
f 744//836 729//838 699//835 
f 941//834 744//836 701//833 
f 942//832 941//834 700//831 
f 943//830 942//832 703//829 
f 944//828 943//830 702//827 
f 918//826 944//828 708//825 
f 919//824 918//826 707//823 
f 916//822 919//824 685//821 
f 917//820 916//822 684//819 
f 940//818 917//820 687//817 
f 914//816 940//818 686//815 
f 915//814 914//816 590//813 
f 904//812 915//814 587//811 
f 905//810 904//812 557//809 
